,Precursor Conc. (wt. %),Crosslinker Conc. (mM),Detach. Pressure (PSI),Nozzle Diam. (mm),Dist. P to N (mm),Angle P to N (deg),Flow Rate (uL/min),Nozzle Coating,Surface Tension (mN/m),Microgel Diam. (um)
0,2.0,10.0,6.0,0.15,30.0,0,200,0,72.01,903.5161168
1,2.0,10.0,6.0,0.15,30.0,0,200,0,72.01,915.4350493
2,2.0,10.0,6.0,0.15,30.0,0,200,0,72.01,851.822824
3,2.0,10.0,6.0,0.15,30.0,0,200,0,72.01,796.1016737
4,2.0,10.0,6.0,0.15,30.0,0,200,0,72.01,864.0177829
5,2.0,10.0,6.0,0.15,30.0,0,200,0,72.01,916.5899998
6,2.0,10.0,6.0,0.15,30.0,0,200,0,72.01,928.5250029
7,2.0,10.0,6.0,0.15,30.0,0,200,0,72.01,939.0154994
8,2.0,10.0,6.0,0.15,30.0,0,200,0,72.01,963.2732055
9,2.0,10.0,6.0,0.15,30.0,0,200,0,72.01,976.0480456
10,2.0,10.0,6.0,0.15,30.0,0,200,0,72.01,915.2162612
11,2.0,10.0,6.0,0.15,30.0,0,200,0,72.01,918.6669188
12,2.0,10.0,6.0,0.15,30.0,0,200,0,72.01,872.0348256
13,2.0,10.0,6.0,0.15,30.0,0,200,0,72.01,883.6984432
14,2.0,10.0,6.0,0.15,30.0,0,200,0,72.01,886.5803379
15,2.0,10.0,6.0,0.15,30.0,0,200,0,72.01,811.5911322
16,2.0,10.0,6.0,0.15,30.0,0,200,0,72.01,920.6106084
17,2.0,10.0,6.0,0.15,30.0,0,200,0,72.01,822.395591
18,2.0,10.0,6.0,0.15,30.0,0,200,0,72.01,927.9781601
19,2.0,10.0,6.0,0.15,30.0,0,200,0,72.01,938.707456
20,2.0,10.0,6.0,0.15,30.0,0,200,0,72.01,890.5322283
21,2.0,10.0,6.0,0.15,30.0,0,200,0,72.01,897.7801947
22,2.0,10.0,6.0,0.15,30.0,0,200,0,72.01,949.737122
23,2.0,10.0,6.0,0.15,30.0,0,200,0,72.01,994.3270691
24,2.0,10.0,6.0,0.15,30.0,0,200,0,72.01,916.9679879
25,2.0,10.0,6.0,0.15,30.0,0,200,0,72.01,679.3050333
26,2.0,10.0,6.0,0.15,30.0,0,200,0,72.01,637.4622719
27,2.0,10.0,6.0,0.15,30.0,0,200,0,72.01,659.3134924
28,2.0,10.0,6.0,0.15,30.0,0,200,0,72.01,625.3065946
29,2.0,10.0,6.0,0.15,30.0,0,200,0,72.01,624.9044998
30,2.0,10.0,6.0,0.15,30.0,0,200,0,72.01,647.1519205
31,2.0,10.0,6.0,0.15,30.0,0,200,0,72.01,628.3192484
32,2.0,10.0,6.0,0.15,30.0,0,200,0,72.01,652.3872816
33,2.0,10.0,6.0,0.15,30.0,0,200,0,72.01,662.3789153
34,2.0,10.0,6.0,0.15,30.0,0,200,0,72.01,649.249162
35,2.0,10.0,6.0,0.15,30.0,0,200,0,72.01,674.8314264
36,2.0,10.0,6.0,0.15,30.0,0,200,0,72.01,627.5089414
37,2.0,10.0,6.0,0.15,30.0,0,200,0,72.01,604.5986018
38,2.0,10.0,6.0,0.15,30.0,0,200,0,72.01,643.0575956
39,2.0,10.0,6.0,0.15,30.0,0,200,0,72.01,657.171698
40,2.0,10.0,6.0,0.15,30.0,0,200,0,72.01,619.9974732
41,2.0,10.0,6.0,0.15,30.0,0,200,0,72.01,625.7281818
42,2.0,10.0,6.0,0.15,30.0,0,200,0,72.01,667.3513732
43,2.0,10.0,6.0,0.15,30.0,0,200,0,72.01,674.4632985
44,2.0,10.0,6.0,0.15,30.0,0,200,0,72.01,632.1803085
45,2.0,10.0,6.0,0.15,30.0,0,200,0,72.01,683.9238042
46,2.0,10.0,6.0,0.15,30.0,0,200,0,72.01,647.1741286
47,2.0,10.0,6.0,0.15,30.0,0,200,0,72.01,640.996567
48,2.0,10.0,6.0,0.15,30.0,0,200,0,72.01,662.757785
49,2.0,10.0,6.0,0.15,30.0,0,200,0,72.01,641.9752573
50,2.0,10.0,6.0,0.15,30.0,0,200,0,72.01,805.7116261
51,2.0,10.0,6.0,0.15,30.0,0,200,0,72.01,781.7495316
52,2.0,10.0,6.0,0.15,30.0,0,200,0,72.01,792.53078
53,2.0,10.0,6.0,0.15,30.0,0,200,0,72.01,765.0217717
54,2.0,10.0,6.0,0.15,30.0,0,200,0,72.01,743.0641895
55,2.0,10.0,6.0,0.15,30.0,0,200,0,72.01,682.3717742
56,2.0,10.0,6.0,0.15,30.0,0,200,0,72.01,827.8078667
57,2.0,10.0,6.0,0.15,30.0,0,200,0,72.01,783.6978076
58,2.0,10.0,6.0,0.15,30.0,0,200,0,72.01,783.894151
59,2.0,10.0,6.0,0.15,30.0,0,200,0,72.01,773.3639226
60,2.0,10.0,6.0,0.15,30.0,0,200,0,72.01,786.2620274
61,2.0,10.0,6.0,0.15,30.0,0,200,0,72.01,785.0341994
62,2.0,10.0,6.0,0.15,30.0,0,200,0,72.01,778.9633179
63,2.0,10.0,6.0,0.15,30.0,0,200,0,72.01,778.582214
64,2.0,10.0,6.0,0.15,30.0,0,200,0,72.01,833.4330246
65,2.0,10.0,6.0,0.15,30.0,0,200,0,72.01,817.0631406
66,2.0,10.0,6.0,0.15,30.0,0,200,0,72.01,783.6197184
67,2.0,10.0,6.0,0.15,30.0,0,200,0,72.01,766.2828591
68,2.0,10.0,6.0,0.15,30.0,0,200,0,72.01,768.6025844
69,2.0,10.0,6.0,0.15,30.0,0,200,0,72.01,766.3237359
70,2.0,10.0,6.0,0.15,30.0,0,200,0,72.01,784.7443344
71,2.0,10.0,6.0,0.15,30.0,0,200,0,72.01,797.0558705
72,2.0,10.0,6.0,0.15,30.0,0,200,0,72.01,824.0979638
73,2.0,10.0,6.0,0.15,30.0,0,200,0,72.01,780.9335228
74,2.0,10.0,6.0,0.15,30.0,0,200,0,72.01,779.9049743
75,2.0,10.0,40.0,0.15,30.0,0,200,0,72.01,232.3130916
76,2.0,10.0,40.0,0.15,30.0,0,200,0,72.01,244.3924653
77,2.0,10.0,40.0,0.15,30.0,0,200,0,72.01,223.4583814
78,2.0,10.0,40.0,0.15,30.0,0,200,0,72.01,281.6476474
79,2.0,10.0,40.0,0.15,30.0,0,200,0,72.01,260.8608205
80,2.0,10.0,40.0,0.15,30.0,0,200,0,72.01,265.0622318
81,2.0,10.0,40.0,0.15,30.0,0,200,0,72.01,288.1481836
82,2.0,10.0,40.0,0.15,30.0,0,200,0,72.01,256.4945182
83,2.0,10.0,40.0,0.15,30.0,0,200,0,72.01,271.9478329
84,2.0,10.0,40.0,0.15,30.0,0,200,0,72.01,283.8590552
85,2.0,10.0,40.0,0.15,30.0,0,200,0,72.01,249.3173141
86,2.0,10.0,40.0,0.15,30.0,0,200,0,72.01,323.4108121
87,2.0,10.0,40.0,0.15,30.0,0,200,0,72.01,274.4509082
88,2.0,10.0,40.0,0.15,30.0,0,200,0,72.01,287.0539786
89,2.0,10.0,40.0,0.15,30.0,0,200,0,72.01,288.9041439
90,2.0,10.0,40.0,0.15,30.0,0,200,0,72.01,264.6393857
91,2.0,10.0,40.0,0.15,30.0,0,200,0,72.01,295.1432213
92,2.0,10.0,40.0,0.15,30.0,0,200,0,72.01,265.1565011
93,2.0,10.0,40.0,0.15,30.0,0,200,0,72.01,227.1269516
94,2.0,10.0,40.0,0.15,30.0,0,200,0,72.01,278.8528083
95,2.0,10.0,40.0,0.15,30.0,0,200,0,72.01,249.7881827
96,2.0,10.0,40.0,0.15,30.0,0,200,0,72.01,253.6412705
97,2.0,10.0,40.0,0.15,30.0,0,200,0,72.01,233.389588
98,2.0,10.0,40.0,0.15,30.0,0,200,0,72.01,276.4231158
99,2.0,10.0,40.0,0.15,30.0,0,200,0,72.01,272.5875
100,2.0,10.0,40.0,0.15,30.0,0,200,0,72.01,304.9571752
101,2.0,10.0,40.0,0.15,30.0,0,200,0,72.01,248.5730809
102,2.0,10.0,40.0,0.15,30.0,0,200,0,72.01,268.8772002
103,2.0,10.0,40.0,0.15,30.0,0,200,0,72.01,282.4806723
104,2.0,10.0,40.0,0.15,30.0,0,200,0,72.01,246.553192
105,2.0,10.0,40.0,0.15,30.0,0,200,0,72.01,243.4661586
106,2.0,10.0,40.0,0.15,30.0,0,200,0,72.01,225.1933851
107,2.0,10.0,40.0,0.15,30.0,0,200,0,72.01,296.6513645
108,2.0,10.0,40.0,0.15,30.0,0,200,0,72.01,297.5526214
109,2.0,10.0,40.0,0.15,30.0,0,200,0,72.01,244.9657698
110,2.0,10.0,40.0,0.15,30.0,0,200,0,72.01,244.476
111,2.0,10.0,40.0,0.15,30.0,0,200,0,72.01,274.36224
112,2.0,10.0,40.0,0.15,30.0,0,200,0,72.01,231.2912997
113,2.0,10.0,40.0,0.15,30.0,0,200,0,72.01,288.9334192
114,2.0,10.0,40.0,0.15,30.0,0,200,0,72.01,270.1428943
115,2.0,10.0,40.0,0.15,30.0,0,200,0,72.01,287.3633851
116,2.0,10.0,40.0,0.15,30.0,0,200,0,72.01,308.0500483
117,2.0,10.0,40.0,0.15,30.0,0,200,0,72.01,257.2426923
118,2.0,10.0,40.0,0.15,30.0,0,200,0,72.01,262.8317815
119,2.0,10.0,40.0,0.15,30.0,0,200,0,72.01,291.9346962
120,2.0,10.0,40.0,0.15,30.0,0,200,0,72.01,266.2044578
121,2.0,10.0,40.0,0.15,30.0,0,200,0,72.01,269.3157925
122,2.0,10.0,40.0,0.15,30.0,0,200,0,72.01,283.1154061
123,2.0,10.0,40.0,0.15,30.0,0,200,0,72.01,279.526546
124,2.0,10.0,40.0,0.15,30.0,0,200,0,72.01,322.1795455
125,2.0,10.0,40.0,0.15,30.0,0,200,0,72.01,367.3984203
126,2.0,10.0,40.0,0.15,30.0,0,200,0,72.01,347.7483339
127,2.0,10.0,40.0,0.15,30.0,0,200,0,72.01,374.9200045
128,2.0,10.0,40.0,0.15,30.0,0,200,0,72.01,354.7320565
129,2.0,10.0,40.0,0.15,30.0,0,200,0,72.01,336.0436637
130,2.0,10.0,40.0,0.15,30.0,0,200,0,72.01,340.2504414
131,2.0,10.0,40.0,0.15,30.0,0,200,0,72.01,403.4762103
132,2.0,10.0,40.0,0.15,30.0,0,200,0,72.01,362.2341773
133,2.0,10.0,40.0,0.15,30.0,0,200,0,72.01,382.3779921
134,2.0,10.0,40.0,0.15,30.0,0,200,0,72.01,357.5530959
135,2.0,10.0,40.0,0.15,30.0,0,200,0,72.01,340.3235507
136,2.0,10.0,40.0,0.15,30.0,0,200,0,72.01,389.7024189
137,2.0,10.0,40.0,0.15,30.0,0,200,0,72.01,368.9671557
138,2.0,10.0,40.0,0.15,30.0,0,200,0,72.01,358.0153537
139,2.0,10.0,40.0,0.15,30.0,0,200,0,72.01,377.3181053
140,2.0,10.0,40.0,0.15,30.0,0,200,0,72.01,333.5856753
141,2.0,10.0,40.0,0.15,30.0,0,200,0,72.01,393.7925106
142,2.0,10.0,40.0,0.15,30.0,0,200,0,72.01,352.1552266
143,2.0,10.0,40.0,0.15,30.0,0,200,0,72.01,377.0397276
144,2.0,10.0,40.0,0.15,30.0,0,200,0,72.01,390.9839262
145,2.0,10.0,40.0,0.15,30.0,0,200,0,72.01,385.1681962
146,2.0,10.0,40.0,0.15,30.0,0,200,0,72.01,367.5406639
147,2.0,10.0,40.0,0.15,30.0,0,200,0,72.01,372.5530292
148,2.0,10.0,40.0,0.15,30.0,0,200,0,72.01,384.6251431
149,2.0,10.0,40.0,0.15,30.0,0,200,0,72.01,368.7534305
150,2.0,100.0,6.0,0.15,30.0,0,200,0,72.01,563.145823
151,2.0,100.0,6.0,0.15,30.0,0,200,0,72.01,568.1225717
152,2.0,100.0,6.0,0.15,30.0,0,200,0,72.01,569.5284981
153,2.0,100.0,6.0,0.15,30.0,0,200,0,72.01,580.5924976
154,2.0,100.0,6.0,0.15,30.0,0,200,0,72.01,527.514071
155,2.0,100.0,6.0,0.15,30.0,0,200,0,72.01,556.7230139
156,2.0,100.0,6.0,0.15,30.0,0,200,0,72.01,542.6363513
157,2.0,100.0,6.0,0.15,30.0,0,200,0,72.01,544.6290544
158,2.0,100.0,6.0,0.15,30.0,0,200,0,72.01,558.5774713
159,2.0,100.0,6.0,0.15,30.0,0,200,0,72.01,531.7549186
160,2.0,100.0,6.0,0.15,30.0,0,200,0,72.01,577.1471053
161,2.0,100.0,6.0,0.15,30.0,0,200,0,72.01,560.4446882
162,2.0,100.0,6.0,0.15,30.0,0,200,0,72.01,518.8831765
163,2.0,100.0,6.0,0.15,30.0,0,200,0,72.01,554.4720179
164,2.0,100.0,6.0,0.15,30.0,0,200,0,72.01,506.4655499
165,2.0,100.0,6.0,0.15,30.0,0,200,0,72.01,568.0440509
166,2.0,100.0,6.0,0.15,30.0,0,200,0,72.01,532.7454489
167,2.0,100.0,6.0,0.15,30.0,0,200,0,72.01,600.9444091
168,2.0,100.0,6.0,0.15,30.0,0,200,0,72.01,527.8102606
169,2.0,100.0,6.0,0.15,30.0,0,200,0,72.01,552.149744
170,2.0,100.0,6.0,0.15,30.0,0,200,0,72.01,526.1672542
171,2.0,100.0,6.0,0.15,30.0,0,200,0,72.01,553.2032703
172,2.0,100.0,6.0,0.15,30.0,0,200,0,72.01,564.5328459
173,2.0,100.0,6.0,0.15,30.0,0,200,0,72.01,504.9959998
174,2.0,100.0,6.0,0.15,30.0,0,200,0,72.01,547.6949047
175,2.0,100.0,6.0,0.15,30.0,0,200,0,72.01,583.7129995
176,2.0,100.0,6.0,0.15,30.0,0,200,0,72.01,604.5298942
177,2.0,100.0,6.0,0.15,30.0,0,200,0,72.01,609.1241362
178,2.0,100.0,6.0,0.15,30.0,0,200,0,72.01,615.1509049
179,2.0,100.0,6.0,0.15,30.0,0,200,0,72.01,580.8552942
180,2.0,100.0,6.0,0.15,30.0,0,200,0,72.01,583.5514981
181,2.0,100.0,6.0,0.15,30.0,0,200,0,72.01,635.0754972
182,2.0,100.0,6.0,0.15,30.0,0,200,0,72.01,594.8378105
183,2.0,100.0,6.0,0.15,30.0,0,200,0,72.01,605.6099991
184,2.0,100.0,6.0,0.15,30.0,0,200,0,72.01,607.2455126
185,2.0,100.0,6.0,0.15,30.0,0,200,0,72.01,578.5529162
186,2.0,100.0,6.0,0.15,30.0,0,200,0,72.01,579.1734903
187,2.0,100.0,6.0,0.15,30.0,0,200,0,72.01,626.9814992
188,2.0,100.0,6.0,0.15,30.0,0,200,0,72.01,609.176812
189,2.0,100.0,6.0,0.15,30.0,0,200,0,72.01,586.2093936
190,2.0,100.0,6.0,0.15,30.0,0,200,0,72.01,571.8992916
191,2.0,100.0,6.0,0.15,30.0,0,200,0,72.01,575.1365366
192,2.0,100.0,6.0,0.15,30.0,0,200,0,72.01,570.145718
193,2.0,100.0,6.0,0.15,30.0,0,200,0,72.01,611.4166118
194,2.0,100.0,6.0,0.15,30.0,0,200,0,72.01,598.1573165
195,2.0,100.0,6.0,0.15,30.0,0,200,0,72.01,580.914044
196,2.0,100.0,6.0,0.15,30.0,0,200,0,72.01,604.3248635
197,2.0,100.0,6.0,0.15,30.0,0,200,0,72.01,552.6123167
198,2.0,100.0,6.0,0.15,30.0,0,200,0,72.01,587.2929926
199,2.0,100.0,6.0,0.15,30.0,0,200,0,72.01,591.6254981
200,2.0,100.0,6.0,0.15,30.0,0,200,0,72.01,539.4613214
201,2.0,100.0,6.0,0.15,30.0,0,200,0,72.01,561.0400133
202,2.0,100.0,6.0,0.15,30.0,0,200,0,72.01,549.3532067
203,2.0,100.0,6.0,0.15,30.0,0,200,0,72.01,570.3566905
204,2.0,100.0,6.0,0.15,30.0,0,200,0,72.01,565.6963388
205,2.0,100.0,6.0,0.15,30.0,0,200,0,72.01,562.1455249
206,2.0,100.0,6.0,0.15,30.0,0,200,0,72.01,551.1869128
207,2.0,100.0,6.0,0.15,30.0,0,200,0,72.01,547.8165731
208,2.0,100.0,6.0,0.15,30.0,0,200,0,72.01,580.1580046
209,2.0,100.0,6.0,0.15,30.0,0,200,0,72.01,545.4632286
210,2.0,100.0,6.0,0.15,30.0,0,200,0,72.01,568.8487868
211,2.0,100.0,6.0,0.15,30.0,0,200,0,72.01,560.789105
212,2.0,100.0,6.0,0.15,30.0,0,200,0,72.01,540.6561231
213,2.0,100.0,6.0,0.15,30.0,0,200,0,72.01,546.1113246
214,2.0,100.0,6.0,0.15,30.0,0,200,0,72.01,526.4730945
215,2.0,100.0,6.0,0.15,30.0,0,200,0,72.01,555.5004083
216,2.0,100.0,6.0,0.15,30.0,0,200,0,72.01,552.3106042
217,2.0,100.0,6.0,0.15,30.0,0,200,0,72.01,565.5285109
218,2.0,100.0,6.0,0.15,30.0,0,200,0,72.01,514.1236681
219,2.0,100.0,6.0,0.15,30.0,0,200,0,72.01,564.3947791
220,2.0,100.0,6.0,0.15,30.0,0,200,0,72.01,550.0446278
221,2.0,100.0,6.0,0.15,30.0,0,200,0,72.01,540.6647935
222,2.0,100.0,6.0,0.15,30.0,0,200,0,72.01,546.8308204
223,2.0,100.0,6.0,0.15,30.0,0,200,0,72.01,556.9391588
224,2.0,100.0,6.0,0.15,30.0,0,200,0,72.01,570.71859
225,2.0,100.0,40.0,0.15,30.0,0,200,0,72.01,245.4285511
226,2.0,100.0,40.0,0.15,30.0,0,200,0,72.01,283.4460731
227,2.0,100.0,40.0,0.15,30.0,0,200,0,72.01,271.9376114
228,2.0,100.0,40.0,0.15,30.0,0,200,0,72.01,269.0597394
229,2.0,100.0,40.0,0.15,30.0,0,200,0,72.01,253.3541693
230,2.0,100.0,40.0,0.15,30.0,0,200,0,72.01,250.5677395
231,2.0,100.0,40.0,0.15,30.0,0,200,0,72.01,298.1872941
232,2.0,100.0,40.0,0.15,30.0,0,200,0,72.01,262.2465803
233,2.0,100.0,40.0,0.15,30.0,0,200,0,72.01,247.5982656
234,2.0,100.0,40.0,0.15,30.0,0,200,0,72.01,256.2072921
235,2.0,100.0,40.0,0.15,30.0,0,200,0,72.01,256.4756849
236,2.0,100.0,40.0,0.15,30.0,0,200,0,72.01,238.5288954
237,2.0,100.0,40.0,0.15,30.0,0,200,0,72.01,276.6432728
238,2.0,100.0,40.0,0.15,30.0,0,200,0,72.01,257.4421953
239,2.0,100.0,40.0,0.15,30.0,0,200,0,72.01,266.4980029
240,2.0,100.0,40.0,0.15,30.0,0,200,0,72.01,244.2224062
241,2.0,100.0,40.0,0.15,30.0,0,200,0,72.01,251.9724988
242,2.0,100.0,40.0,0.15,30.0,0,200,0,72.01,275.9564899
243,2.0,100.0,40.0,0.15,30.0,0,200,0,72.01,242.4051673
244,2.0,100.0,40.0,0.15,30.0,0,200,0,72.01,232.437159
245,2.0,100.0,40.0,0.15,30.0,0,200,0,72.01,270.1605199
246,2.0,100.0,40.0,0.15,30.0,0,200,0,72.01,245.2088252
247,2.0,100.0,40.0,0.15,30.0,0,200,0,72.01,242.2868976
248,2.0,100.0,40.0,0.15,30.0,0,200,0,72.01,283.4212172
249,2.0,100.0,40.0,0.15,30.0,0,200,0,72.01,265.6691165
250,2.0,100.0,40.0,0.15,30.0,0,200,0,72.01,266.1564878
251,2.0,100.0,40.0,0.15,30.0,0,200,0,72.01,290.1397912
252,2.0,100.0,40.0,0.15,30.0,0,200,0,72.01,286.6169976
253,2.0,100.0,40.0,0.15,30.0,0,200,0,72.01,285.6905
254,2.0,100.0,40.0,0.15,30.0,0,200,0,72.01,244.5279813
255,2.0,100.0,40.0,0.15,30.0,0,200,0,72.01,255.6299986
256,2.0,100.0,40.0,0.15,30.0,0,200,0,72.01,241.2344987
257,2.0,100.0,40.0,0.15,30.0,0,200,0,72.01,252.9719941
258,2.0,100.0,40.0,0.15,30.0,0,200,0,72.01,257.2028895
259,2.0,100.0,40.0,0.15,30.0,0,200,0,72.01,256.1049754
260,2.0,100.0,40.0,0.15,30.0,0,200,0,72.01,285.22182
261,2.0,100.0,40.0,0.15,30.0,0,200,0,72.01,249.3820812
262,2.0,100.0,40.0,0.15,30.0,0,200,0,72.01,246.3904479
263,2.0,100.0,40.0,0.15,30.0,0,200,0,72.01,271.8332704
264,2.0,100.0,40.0,0.15,30.0,0,200,0,72.01,240.1488382
265,2.0,100.0,40.0,0.15,30.0,0,200,0,72.01,249.2641778
266,2.0,100.0,40.0,0.15,30.0,0,200,0,72.01,248.0516425
267,2.0,100.0,40.0,0.15,30.0,0,200,0,72.01,253.7555016
268,2.0,100.0,40.0,0.15,30.0,0,200,0,72.01,261.1063242
269,2.0,100.0,40.0,0.15,30.0,0,200,0,72.01,263.3492996
270,2.0,100.0,40.0,0.15,30.0,0,200,0,72.01,257.466139
271,2.0,100.0,40.0,0.15,30.0,0,200,0,72.01,247.7050652
272,2.0,100.0,40.0,0.15,30.0,0,200,0,72.01,250.3018636
273,2.0,100.0,40.0,0.15,30.0,0,200,0,72.01,242.2297281
274,2.0,100.0,40.0,0.15,30.0,0,200,0,72.01,254.3019594
275,2.0,100.0,40.0,0.15,30.0,0,200,0,72.01,292.9265667
276,2.0,100.0,40.0,0.15,30.0,0,200,0,72.01,293.4190021
277,2.0,100.0,40.0,0.15,30.0,0,200,0,72.01,306.1232496
278,2.0,100.0,40.0,0.15,30.0,0,200,0,72.01,288.8083226
279,2.0,100.0,40.0,0.15,30.0,0,200,0,72.01,307.6422273
280,2.0,100.0,40.0,0.15,30.0,0,200,0,72.01,307.5043697
281,2.0,100.0,40.0,0.15,30.0,0,200,0,72.01,303.511229
282,2.0,100.0,40.0,0.15,30.0,0,200,0,72.01,307.6429379
283,2.0,100.0,40.0,0.15,30.0,0,200,0,72.01,299.7845888
284,2.0,100.0,40.0,0.15,30.0,0,200,0,72.01,303.2894031
285,2.0,100.0,40.0,0.15,30.0,0,200,0,72.01,290.096061
286,2.0,100.0,40.0,0.15,30.0,0,200,0,72.01,306.3273328
287,2.0,100.0,40.0,0.15,30.0,0,200,0,72.01,287.812927
288,2.0,100.0,40.0,0.15,30.0,0,200,0,72.01,290.9887465
289,2.0,100.0,40.0,0.15,30.0,0,200,0,72.01,293.8756375
290,2.0,100.0,40.0,0.15,30.0,0,200,0,72.01,315.8349232
291,2.0,100.0,40.0,0.15,30.0,0,200,0,72.01,297.8651134
292,2.0,100.0,40.0,0.15,30.0,0,200,0,72.01,288.1545883
293,2.0,100.0,40.0,0.15,30.0,0,200,0,72.01,304.4355282
294,2.0,100.0,40.0,0.15,30.0,0,200,0,72.01,291.9156461
295,2.0,100.0,40.0,0.15,30.0,0,200,0,72.01,301.8816407
296,2.0,100.0,40.0,0.15,30.0,0,200,0,72.01,279.839479
297,2.0,100.0,40.0,0.15,30.0,0,200,0,72.01,293.1371304
298,2.0,100.0,40.0,0.15,30.0,0,200,0,72.01,286.0167747
299,2.0,100.0,40.0,0.15,30.0,0,200,0,72.01,276.135819
1200,0.5,10.0,6.0,0.15,30.0,0,200,0,72.01,544.9732192
1201,0.5,10.0,6.0,0.15,30.0,0,200,0,72.01,493.4547734
1202,0.5,10.0,6.0,0.15,30.0,0,200,0,72.01,556.1135294
1203,0.5,10.0,6.0,0.15,30.0,0,200,0,72.01,492.6513204
1204,0.5,10.0,6.0,0.15,30.0,0,200,0,72.01,523.6008024
1205,0.5,10.0,6.0,0.15,30.0,0,200,0,72.01,497.6722383
1206,0.5,10.0,6.0,0.15,30.0,0,200,0,72.01,555.1613588
1207,0.5,10.0,6.0,0.15,30.0,0,200,0,72.01,512.026763
1208,0.5,10.0,6.0,0.15,30.0,0,200,0,72.01,467.4009328
1209,0.5,10.0,6.0,0.15,30.0,0,200,0,72.01,525.1061744
1210,0.5,10.0,6.0,0.15,30.0,0,200,0,72.01,510.1767556
1211,0.5,10.0,6.0,0.15,30.0,0,200,0,72.01,519.8486129
1212,0.5,10.0,6.0,0.15,30.0,0,200,0,72.01,480.9417304
1213,0.5,10.0,6.0,0.15,30.0,0,200,0,72.01,483.5786794
1214,0.5,10.0,6.0,0.15,30.0,0,200,0,72.01,525.3024614
1215,0.5,10.0,6.0,0.15,30.0,0,200,0,72.01,492.8401458
1216,0.5,10.0,6.0,0.15,30.0,0,200,0,72.01,511.48804
1217,0.5,10.0,6.0,0.15,30.0,0,200,0,72.01,468.280853
1218,0.5,10.0,6.0,0.15,30.0,0,200,0,72.01,495.0325374
1219,0.5,10.0,6.0,0.15,30.0,0,200,0,72.01,502.341618
1220,0.5,10.0,6.0,0.15,30.0,0,200,0,72.01,488.4380324
1221,0.5,10.0,6.0,0.15,30.0,0,200,0,72.01,473.5501413
1222,0.5,10.0,6.0,0.15,30.0,0,200,0,72.01,483.7836054
1223,0.5,10.0,6.0,0.15,30.0,0,200,0,72.01,487.1921493
1224,0.5,10.0,6.0,0.15,30.0,0,200,0,72.01,545.7936456
1225,0.5,100.0,6.0,0.15,30.0,0,200,0,72.01,534.0267939
1226,0.5,100.0,6.0,0.15,30.0,0,200,0,72.01,485.7520722
1227,0.5,100.0,6.0,0.15,30.0,0,200,0,72.01,533.1852042
1228,0.5,100.0,6.0,0.15,30.0,0,200,0,72.01,505.2499998
1229,0.5,100.0,6.0,0.15,30.0,0,200,0,72.01,508.0029877
1230,0.5,100.0,6.0,0.15,30.0,0,200,0,72.01,467.8214998
1231,0.5,100.0,6.0,0.15,30.0,0,200,0,72.01,501.3314997
1232,0.5,100.0,6.0,0.15,30.0,0,200,0,72.01,502.5929956
1233,0.5,100.0,6.0,0.15,30.0,0,200,0,72.01,489.7034998
1234,0.5,100.0,6.0,0.15,30.0,0,200,0,72.01,520.8749996
1235,0.5,100.0,6.0,0.15,30.0,0,200,0,72.01,497.7179998
1236,0.5,100.0,6.0,0.15,30.0,0,200,0,72.01,521.3259997
1237,0.5,100.0,6.0,0.15,30.0,0,200,0,72.01,526.6569989
1238,0.5,100.0,6.0,0.15,30.0,0,200,0,72.01,486.8545086
1239,0.5,100.0,6.0,0.15,30.0,0,200,0,72.01,511.3513844
1240,0.5,100.0,6.0,0.15,30.0,0,200,0,72.01,514.1892234
1241,0.5,100.0,6.0,0.15,30.0,0,200,0,72.01,512.6781226
1242,0.5,100.0,6.0,0.15,30.0,0,200,0,72.01,495.0879708
1243,0.5,100.0,6.0,0.15,30.0,0,200,0,72.01,480.2886234
1244,0.5,100.0,6.0,0.15,30.0,0,200,0,72.01,504.8774043
1245,0.5,100.0,6.0,0.15,30.0,0,200,0,72.01,498.5210369
1246,0.5,100.0,6.0,0.15,30.0,0,200,0,72.01,460.9563536
1247,0.5,100.0,6.0,0.15,30.0,0,200,0,72.01,501.8913956
1248,0.5,100.0,6.0,0.15,30.0,0,200,0,72.01,499.4084783
1249,0.5,100.0,6.0,0.15,30.0,0,200,0,72.01,518.2006523
1250,0.5,100.0,40.0,0.15,30.0,0,200,0,72.01,225.6803275
1251,0.5,100.0,40.0,0.15,30.0,0,200,0,72.01,211.9947227
1252,0.5,100.0,40.0,0.15,30.0,0,200,0,72.01,211.3066384
1253,0.5,100.0,40.0,0.15,30.0,0,200,0,72.01,189.6214458
1254,0.5,100.0,40.0,0.15,30.0,0,200,0,72.01,250.8060024
1255,0.5,100.0,40.0,0.15,30.0,0,200,0,72.01,213.3019949
1256,0.5,100.0,40.0,0.15,30.0,0,200,0,72.01,207.9559449
1257,0.5,100.0,40.0,0.15,30.0,0,200,0,72.01,253.2088412
1258,0.5,100.0,40.0,0.15,30.0,0,200,0,72.01,223.9767409
1259,0.5,100.0,40.0,0.15,30.0,0,200,0,72.01,246.5170029
1260,0.5,100.0,40.0,0.15,30.0,0,200,0,72.01,231.3645799
1261,0.5,100.0,40.0,0.15,30.0,0,200,0,72.01,245.5808528
1262,0.5,100.0,40.0,0.15,30.0,0,200,0,72.01,226.9336838
1263,0.5,100.0,40.0,0.15,30.0,0,200,0,72.01,260.1890925
1264,0.5,100.0,40.0,0.15,30.0,0,200,0,72.01,233.4142174
1265,0.5,100.0,40.0,0.15,30.0,0,200,0,72.01,224.0132871
1266,0.5,100.0,40.0,0.15,30.0,0,200,0,72.01,244.476
1267,0.5,100.0,40.0,0.15,30.0,0,200,0,72.01,252.9719941
1268,0.5,100.0,40.0,0.15,30.0,0,200,0,72.01,246.3584987
1269,0.5,100.0,40.0,0.15,30.0,0,200,0,72.01,233.778
1270,0.5,100.0,40.0,0.15,30.0,0,200,0,72.01,239.2548775
1271,0.5,100.0,40.0,0.15,30.0,0,200,0,72.01,241.819
1272,0.5,100.0,40.0,0.15,30.0,0,200,0,72.01,233.1922217
1273,0.5,100.0,40.0,0.15,30.0,0,200,0,72.01,221.1979875
1274,0.5,100.0,40.0,0.15,30.0,0,200,0,72.01,228.4635284
3173,0.5,100.0,20.0,0.15,30.0,0,200,0,72.01,289.045283
3174,0.5,100.0,20.0,0.15,30.0,0,200,0,72.01,279.327973
3175,0.5,100.0,20.0,0.15,30.0,0,200,0,72.01,233.2026366
3176,0.5,100.0,20.0,0.15,30.0,0,200,0,72.01,266.2893746
3177,0.5,100.0,20.0,0.15,30.0,0,200,0,72.01,253.0125005
3178,0.5,100.0,20.0,0.15,30.0,0,200,0,72.01,262.7606182
3179,0.5,100.0,20.0,0.15,30.0,0,200,0,72.01,243.0885101
3180,0.5,100.0,20.0,0.15,30.0,0,200,0,72.01,281.6396941
3181,0.5,100.0,20.0,0.15,30.0,0,200,0,72.01,277.3672262
3182,0.5,100.0,20.0,0.15,30.0,0,200,0,72.01,259.5227561
3183,0.5,100.0,20.0,0.15,30.0,0,200,0,72.01,252.689055
3184,0.5,100.0,20.0,0.15,30.0,0,200,0,72.01,267.6591119
3185,0.5,100.0,20.0,0.15,30.0,0,200,0,72.01,293.7451227
3186,0.5,100.0,20.0,0.15,30.0,0,200,0,72.01,274.5146399
3187,0.5,100.0,20.0,0.15,30.0,0,200,0,72.01,291.848262
3188,0.5,100.0,20.0,0.15,30.0,0,200,0,72.01,265.4243516
3189,0.5,100.0,20.0,0.15,30.0,0,200,0,72.01,246.993486
3190,0.5,100.0,20.0,0.15,30.0,0,200,0,72.01,276.1792585
3191,0.5,100.0,20.0,0.15,30.0,0,200,0,72.01,275.4842134
3192,0.5,100.0,20.0,0.15,30.0,0,200,0,72.01,299.7499568
3213,0.5,100.0,5.0,0.15,30.0,0,200,0,72.01,443.9145405
3214,0.5,100.0,5.0,0.15,30.0,0,200,0,72.01,467.1486819
3215,0.5,100.0,5.0,0.15,30.0,0,200,0,72.01,443.9564843
3216,0.5,100.0,5.0,0.15,30.0,0,200,0,72.01,448.9232958
3217,0.5,100.0,5.0,0.15,30.0,0,200,0,72.01,465.0132818
3218,0.5,100.0,5.0,0.15,30.0,0,200,0,72.01,480.1193305
3219,0.5,100.0,5.0,0.15,30.0,0,200,0,72.01,467.0597696
3220,0.5,100.0,5.0,0.15,30.0,0,200,0,72.01,531.6931775
3221,0.5,100.0,5.0,0.15,30.0,0,200,0,72.01,446.0664974
3222,0.5,100.0,5.0,0.15,30.0,0,200,0,72.01,494.591499
3223,0.5,100.0,5.0,0.15,30.0,0,200,0,72.01,444.6189997
3224,0.5,100.0,5.0,0.15,30.0,0,200,0,72.01,504.2329998
3225,0.5,100.0,5.0,0.15,30.0,0,200,0,72.01,447.1129737
3226,0.5,100.0,5.0,0.15,30.0,0,200,0,72.01,530.8119936
3227,0.5,100.0,5.0,0.15,30.0,0,200,0,72.01,536.2564994
3228,0.5,100.0,5.0,0.15,30.0,0,200,0,72.01,496.7979993
3229,0.5,100.0,5.0,0.15,30.0,0,200,0,72.01,564.5059964
3230,0.5,100.0,5.0,0.15,30.0,0,200,0,72.01,509.0468054
3231,0.5,100.0,5.0,0.15,30.0,0,200,0,72.01,448.204547
3232,0.5,100.0,5.0,0.15,30.0,0,200,0,72.01,443.7767997
3253,0.5,100.0,20.0,0.15,30.0,0,200,0,72.01,291.8571932
3254,0.5,100.0,20.0,0.15,30.0,0,200,0,72.01,238.7444416
3255,0.5,100.0,20.0,0.15,30.0,0,200,0,72.01,314.8697286
3256,0.5,100.0,20.0,0.15,30.0,0,200,0,72.01,280.3730305
3257,0.5,100.0,20.0,0.15,30.0,0,200,0,72.01,272.9855484
3258,0.5,100.0,20.0,0.15,30.0,0,200,0,72.01,307.6675978
3259,0.5,100.0,20.0,0.15,30.0,0,200,0,72.01,280.0865024
3260,0.5,100.0,20.0,0.15,30.0,0,200,0,72.01,283.2661389
3261,0.5,100.0,20.0,0.15,30.0,0,200,0,72.01,289.7732163
3262,0.5,100.0,20.0,0.15,30.0,0,200,0,72.01,235.4832065
3263,0.5,100.0,20.0,0.15,30.0,0,200,0,72.01,289.0467493
3264,0.5,100.0,20.0,0.15,30.0,0,200,0,72.01,289.0865414
3265,0.5,100.0,20.0,0.15,30.0,0,200,0,72.01,269.7022672
3266,0.5,100.0,20.0,0.15,30.0,0,200,0,72.01,280.7517787
3267,0.5,100.0,20.0,0.15,30.0,0,200,0,72.01,309.4138256
3268,0.5,100.0,20.0,0.15,30.0,0,200,0,72.01,265.9427873
3269,0.5,100.0,20.0,0.15,30.0,0,200,0,72.01,258.7206445
3270,0.5,100.0,20.0,0.15,30.0,0,200,0,72.01,305.4062595
3271,0.5,100.0,20.0,0.15,30.0,0,200,0,72.01,253.0151735
3272,0.5,100.0,20.0,0.15,30.0,0,200,0,72.01,242.4005683
3293,0.5,100.0,5.0,0.15,30.0,0,200,0,72.01,559.9681504
3294,0.5,100.0,5.0,0.15,30.0,0,200,0,72.01,502.0673231
3295,0.5,100.0,5.0,0.15,30.0,0,200,0,72.01,496.2272799
3296,0.5,100.0,5.0,0.15,30.0,0,200,0,72.01,488.2413002
3297,0.5,100.0,5.0,0.15,30.0,0,200,0,72.01,523.1808504
3298,0.5,100.0,5.0,0.15,30.0,0,200,0,72.01,446.7435339
3299,0.5,100.0,5.0,0.15,30.0,0,200,0,72.01,536.7786619
3300,0.5,100.0,5.0,0.15,30.0,0,200,0,72.01,466.1513815
3301,0.5,100.0,5.0,0.15,30.0,0,200,0,72.01,545.0444161
3302,0.5,100.0,5.0,0.15,30.0,0,200,0,72.01,454.6429799
3303,0.5,100.0,5.0,0.15,30.0,0,200,0,72.01,455.4789885
3304,0.5,100.0,5.0,0.15,30.0,0,200,0,72.01,447.9467641
3305,0.5,100.0,5.0,0.15,30.0,0,200,0,72.01,456.5364071
3306,0.5,100.0,5.0,0.15,30.0,0,200,0,72.01,447.9640626
3307,0.5,100.0,5.0,0.15,30.0,0,200,0,72.01,561.1315494
3308,0.5,100.0,5.0,0.15,30.0,0,200,0,72.01,481.9269657
3309,0.5,100.0,5.0,0.15,30.0,0,200,0,72.01,484.7813923
3310,0.5,100.0,5.0,0.15,30.0,0,200,0,72.01,433.9076813
3311,0.5,100.0,5.0,0.15,30.0,0,200,0,72.01,528.4302323
3312,0.5,100.0,5.0,0.15,30.0,0,200,0,72.01,478.7474421
3333,0.5,100.0,20.0,0.15,30.0,0,200,0,72.01,268.0244005
3334,0.5,100.0,20.0,0.15,30.0,0,200,0,72.01,290.3624147
3335,0.5,100.0,20.0,0.15,30.0,0,200,0,72.01,260.846136
3336,0.5,100.0,20.0,0.15,30.0,0,200,0,72.01,275.9290234
3337,0.5,100.0,20.0,0.15,30.0,0,200,0,72.01,232.8390196
3338,0.5,100.0,20.0,0.15,30.0,0,200,0,72.01,289.1985248
3339,0.5,100.0,20.0,0.15,30.0,0,200,0,72.01,275.1941826
3340,0.5,100.0,20.0,0.15,30.0,0,200,0,72.01,251.7986376
3341,0.5,100.0,20.0,0.15,30.0,0,200,0,72.01,258.2709482
3342,0.5,100.0,20.0,0.15,30.0,0,200,0,72.01,268.2431426
3343,0.5,100.0,20.0,0.15,30.0,0,200,0,72.01,261.2647284
3344,0.5,100.0,20.0,0.15,30.0,0,200,0,72.01,279.9645943
3345,0.5,100.0,20.0,0.15,30.0,0,200,0,72.01,226.1212768
3346,0.5,100.0,20.0,0.15,30.0,0,200,0,72.01,290.2089746
3347,0.5,100.0,20.0,0.15,30.0,0,200,0,72.01,246.1170474
3348,0.5,100.0,20.0,0.15,30.0,0,200,0,72.01,279.9192391
3349,0.5,100.0,20.0,0.15,30.0,0,200,0,72.01,247.4426481
3350,0.5,100.0,20.0,0.15,30.0,0,200,0,72.01,270.7153389
3351,0.5,100.0,20.0,0.15,30.0,0,200,0,72.01,256.6936006
3352,0.5,100.0,20.0,0.15,30.0,0,200,0,72.01,238.0339135
3373,0.5,100.0,5.0,0.15,30.0,0,200,0,72.01,420.1461382
3374,0.5,100.0,5.0,0.15,30.0,0,200,0,72.01,536.7142041
3375,0.5,100.0,5.0,0.15,30.0,0,200,0,72.01,443.6515023
3376,0.5,100.0,5.0,0.15,30.0,0,200,0,72.01,436.3171063
3377,0.5,100.0,5.0,0.15,30.0,0,200,0,72.01,452.6911087
3378,0.5,100.0,5.0,0.15,30.0,0,200,0,72.01,530.8530668
3379,0.5,100.0,5.0,0.15,30.0,0,200,0,72.01,491.6668494
3380,0.5,100.0,5.0,0.15,30.0,0,200,0,72.01,461.4393993
3381,0.5,100.0,5.0,0.15,30.0,0,200,0,72.01,503.408288
3382,0.5,100.0,5.0,0.15,30.0,0,200,0,72.01,421.2384459
3383,0.5,100.0,5.0,0.15,30.0,0,200,0,72.01,489.21795
3384,0.5,100.0,5.0,0.15,30.0,0,200,0,72.01,458.1573062
3385,0.5,100.0,5.0,0.15,30.0,0,200,0,72.01,514.1020348
3386,0.5,100.0,5.0,0.15,30.0,0,200,0,72.01,503.3570199
3387,0.5,100.0,5.0,0.15,30.0,0,200,0,72.01,509.6033205
3388,0.5,100.0,5.0,0.15,30.0,0,200,0,72.01,440.1471683
3389,0.5,100.0,5.0,0.15,30.0,0,200,0,72.01,509.6557301
3390,0.5,100.0,5.0,0.15,30.0,0,200,0,72.01,452.3613278
3391,0.5,100.0,5.0,0.15,30.0,0,200,0,72.01,535.5725949
3392,0.5,100.0,5.0,0.15,30.0,0,200,0,72.01,477.5536911
3413,0.5,100.0,20.0,0.15,30.0,0,200,0,72.01,268.611794
3414,0.5,100.0,20.0,0.15,30.0,0,200,0,72.01,247.6052354
3415,0.5,100.0,20.0,0.15,30.0,0,200,0,72.01,300.0108393
3416,0.5,100.0,20.0,0.15,30.0,0,200,0,72.01,261.0814877
3417,0.5,100.0,20.0,0.15,30.0,0,200,0,72.01,289.7948811
3418,0.5,100.0,20.0,0.15,30.0,0,200,0,72.01,259.8781161
3419,0.5,100.0,20.0,0.15,30.0,0,200,0,72.01,302.850957
3420,0.5,100.0,20.0,0.15,30.0,0,200,0,72.01,264.2879845
3421,0.5,100.0,20.0,0.15,30.0,0,200,0,72.01,286.1742758
3422,0.5,100.0,20.0,0.15,30.0,0,200,0,72.01,279.9959859
3423,0.5,100.0,20.0,0.15,30.0,0,200,0,72.01,301.375645
3424,0.5,100.0,20.0,0.15,30.0,0,200,0,72.01,287.4317747
3425,0.5,100.0,20.0,0.15,30.0,0,200,0,72.01,278.6744371
3426,0.5,100.0,20.0,0.15,30.0,0,200,0,72.01,239.1562233
3427,0.5,100.0,20.0,0.15,30.0,0,200,0,72.01,258.2544788
3428,0.5,100.0,20.0,0.15,30.0,0,200,0,72.01,270.6680118
3429,0.5,100.0,20.0,0.15,30.0,0,200,0,72.01,300.9916239
3430,0.5,100.0,20.0,0.15,30.0,0,200,0,72.01,270.7034737
3431,0.5,100.0,20.0,0.15,30.0,0,200,0,72.01,254.3179278
3432,0.5,100.0,20.0,0.15,30.0,0,200,0,72.01,260.9176383
3453,0.5,100.0,5.0,0.15,30.0,0,200,0,72.01,468.1713796
3454,0.5,100.0,5.0,0.15,30.0,0,200,0,72.01,492.3860044
3455,0.5,100.0,5.0,0.15,30.0,0,200,0,72.01,452.381942
3456,0.5,100.0,5.0,0.15,30.0,0,200,0,72.01,491.4691055
3457,0.5,100.0,5.0,0.15,30.0,0,200,0,72.01,484.3566896
3458,0.5,100.0,5.0,0.15,30.0,0,200,0,72.01,483.8843376
3459,0.5,100.0,5.0,0.15,30.0,0,200,0,72.01,525.9797765
3460,0.5,100.0,5.0,0.15,30.0,0,200,0,72.01,484.9051706
3461,0.5,100.0,5.0,0.15,30.0,0,200,0,72.01,531.2029689
3462,0.5,100.0,5.0,0.15,30.0,0,200,0,72.01,506.7559992
3463,0.5,100.0,5.0,0.15,30.0,0,200,0,72.01,555.5058187
3464,0.5,100.0,5.0,0.15,30.0,0,200,0,72.01,454.6725395
3465,0.5,100.0,5.0,0.15,30.0,0,200,0,72.01,533.7654248
3466,0.5,100.0,5.0,0.15,30.0,0,200,0,72.01,447.4320294
3467,0.5,100.0,5.0,0.15,30.0,0,200,0,72.01,471.2223205
3468,0.5,100.0,5.0,0.15,30.0,0,200,0,72.01,550.1280638
3469,0.5,100.0,5.0,0.15,30.0,0,200,0,72.01,409.1607462
3470,0.5,100.0,5.0,0.15,30.0,0,200,0,72.01,528.2499907
3471,0.5,100.0,5.0,0.15,30.0,0,200,0,72.01,528.843412
3472,0.5,100.0,5.0,0.15,30.0,0,200,0,72.01,506.2965114
3487,0.5,100.0,1.0,0.03,1.0,80,25,1,55.73,131.0
3488,0.5,100.0,1.0,0.03,1.0,80,25,1,55.73,133.0
3489,0.5,100.0,1.0,0.03,1.0,80,25,1,55.73,131.0
3490,0.5,100.0,1.0,0.03,1.0,80,25,1,55.73,135.0
3491,0.5,100.0,1.0,0.03,1.0,80,25,1,55.73,135.0
3492,0.5,100.0,1.0,0.03,1.0,80,25,1,55.73,133.0
3493,0.5,100.0,1.0,0.03,1.0,80,25,1,55.73,132.0
3494,0.5,100.0,1.0,0.03,1.0,80,25,1,55.73,137.0
3495,0.5,100.0,1.0,0.03,1.0,80,25,1,55.73,132.0
3496,0.5,100.0,1.0,0.03,1.0,80,25,1,55.73,143.0
3497,0.5,100.0,1.0,0.03,1.0,80,25,1,55.73,116.0
3498,0.5,100.0,1.0,0.03,1.0,80,25,1,55.73,128.0
3499,0.5,100.0,1.0,0.03,1.0,80,25,1,55.73,120.0
3500,0.5,100.0,1.0,0.03,1.0,80,25,1,55.73,139.0
3501,0.5,100.0,1.0,0.03,1.0,80,25,1,55.73,135.0
3502,0.5,100.0,1.0,0.03,1.0,80,25,1,55.73,125.0
3503,0.5,100.0,1.0,0.03,1.0,80,25,1,55.73,132.0
3504,0.5,100.0,1.0,0.03,1.0,80,25,1,55.73,122.0
3505,0.5,100.0,1.0,0.03,1.0,80,25,1,55.73,130.0
3506,0.5,100.0,1.0,0.03,1.0,80,25,1,55.73,139.0
3507,0.5,100.0,1.0,0.03,1.0,80,25,1,55.73,135.0
3508,0.5,100.0,1.0,0.03,1.0,80,25,1,55.73,150.0
3509,0.5,100.0,1.0,0.03,1.0,80,25,1,55.73,124.0
3510,0.5,100.0,1.0,0.03,1.0,80,25,1,55.73,132.0
3511,0.5,100.0,1.0,0.03,1.0,80,25,1,55.73,127.0
3512,0.5,100.0,1.0,0.03,1.0,80,25,1,55.73,146.0
3513,0.5,100.0,1.0,0.03,1.0,80,25,1,55.73,139.0
3514,0.5,100.0,1.0,0.03,1.0,80,25,1,55.73,140.0
3515,0.5,100.0,1.0,0.03,1.0,80,25,1,55.73,129.0
3516,0.5,100.0,1.0,0.03,1.0,80,25,1,55.73,128.0
3517,0.5,100.0,1.0,0.03,1.0,80,25,1,55.73,143.0
3518,0.5,100.0,1.0,0.03,1.0,80,25,1,55.73,142.0
3519,0.5,100.0,1.5,0.03,1.0,80,25,1,55.73,93.0
3520,0.5,100.0,1.5,0.03,1.0,80,25,1,55.73,98.0
3521,0.5,100.0,1.5,0.03,1.0,80,25,1,55.73,93.0
3522,0.5,100.0,1.5,0.03,1.0,80,25,1,55.73,100.0
3523,0.5,100.0,1.5,0.03,1.0,80,25,1,55.73,90.0
3524,0.5,100.0,1.5,0.03,1.0,80,25,1,55.73,89.0
3525,0.5,100.0,1.5,0.03,1.0,80,25,1,55.73,111.0
3526,0.5,100.0,1.5,0.03,1.0,80,25,1,55.73,101.0
3527,0.5,100.0,1.5,0.03,1.0,80,25,1,55.73,83.0
3528,0.5,100.0,1.5,0.03,1.0,80,25,1,55.73,85.0
3529,0.5,100.0,1.5,0.03,1.0,80,25,1,55.73,89.0
3530,0.5,100.0,1.5,0.03,1.0,80,25,1,55.73,96.0
3531,0.5,100.0,1.5,0.03,1.0,80,25,1,55.73,93.0
3532,0.5,100.0,1.5,0.03,1.0,80,25,1,55.73,100.0
3533,0.5,100.0,1.5,0.03,1.0,80,25,1,55.73,89.0
3534,0.5,100.0,1.5,0.03,1.0,80,25,1,55.73,90.0
3535,0.5,100.0,1.5,0.03,1.0,80,25,1,55.73,89.0
3536,0.5,100.0,1.5,0.03,1.0,80,25,1,55.73,98.0
3537,0.5,100.0,1.5,0.03,1.0,80,25,1,55.73,98.0
3538,0.5,100.0,1.5,0.03,1.0,80,25,1,55.73,93.0
3539,0.5,100.0,1.5,0.03,1.0,80,25,1,55.73,97.0
3540,0.5,100.0,1.5,0.03,1.0,80,25,1,55.73,100.0
3541,0.5,100.0,1.5,0.03,1.0,80,25,1,55.73,95.0
3542,0.5,100.0,1.5,0.03,1.0,80,25,1,55.73,104.0
3543,0.5,100.0,1.5,0.03,1.0,80,25,1,55.73,88.0
3544,0.5,100.0,1.5,0.03,1.0,80,25,1,55.73,93.0
3545,0.5,100.0,1.5,0.03,1.0,80,25,1,55.73,97.0
3546,0.5,100.0,1.5,0.03,1.0,80,25,1,55.73,105.0
3547,0.5,100.0,1.5,0.03,1.0,80,25,1,55.73,108.0
3548,0.5,100.0,1.5,0.03,1.0,80,25,1,55.73,83.0
3549,0.5,100.0,1.5,0.03,1.0,80,25,1,55.73,82.0
3550,0.5,100.0,1.5,0.03,1.0,80,25,1,55.73,82.0
3551,0.5,100.0,2.0,0.03,1.0,80,25,1,55.73,75.0
3552,0.5,100.0,2.0,0.03,1.0,80,25,1,55.73,75.0
3553,0.5,100.0,2.0,0.03,1.0,80,25,1,55.73,72.0
3554,0.5,100.0,2.0,0.03,1.0,80,25,1,55.73,71.0
3555,0.5,100.0,2.0,0.03,1.0,80,25,1,55.73,82.0
3556,0.5,100.0,2.0,0.03,1.0,80,25,1,55.73,85.0
3557,0.5,100.0,2.0,0.03,1.0,80,25,1,55.73,65.0
3558,0.5,100.0,2.0,0.03,1.0,80,25,1,55.73,77.0
3559,0.5,100.0,2.0,0.03,1.0,80,25,1,55.73,73.0
3560,0.5,100.0,2.0,0.03,1.0,80,25,1,55.73,73.0
3561,0.5,100.0,2.0,0.03,1.0,80,25,1,55.73,75.0
3562,0.5,100.0,2.0,0.03,1.0,80,25,1,55.73,76.0
3563,0.5,100.0,2.0,0.03,1.0,80,25,1,55.73,74.0
3564,0.5,100.0,2.0,0.03,1.0,80,25,1,55.73,73.0
3565,0.5,100.0,2.0,0.03,1.0,80,25,1,55.73,73.0
3566,0.5,100.0,2.0,0.03,1.0,80,25,1,55.73,76.0
3567,0.5,100.0,2.0,0.03,1.0,80,25,1,55.73,74.0
3568,0.5,100.0,2.0,0.03,1.0,80,25,1,55.73,65.0
3569,0.5,100.0,2.0,0.03,1.0,80,25,1,55.73,75.0
3570,0.5,100.0,2.0,0.03,1.0,80,25,1,55.73,72.0
3571,0.5,100.0,2.0,0.03,1.0,80,25,1,55.73,79.0
3572,0.5,100.0,2.0,0.03,1.0,80,25,1,55.73,68.0
3573,0.5,100.0,2.0,0.03,1.0,80,25,1,55.73,73.0
3574,0.5,100.0,2.0,0.03,1.0,80,25,1,55.73,82.0
3575,0.5,100.0,2.0,0.03,1.0,80,25,1,55.73,73.0
3576,0.5,100.0,2.0,0.03,1.0,80,25,1,55.73,77.0
3577,0.5,100.0,2.0,0.03,1.0,80,25,1,55.73,74.0
3578,0.5,100.0,2.0,0.03,1.0,80,25,1,55.73,75.0
3579,0.5,100.0,2.0,0.03,1.0,80,25,1,55.73,77.0
3580,0.5,100.0,2.0,0.03,1.0,80,25,1,55.73,71.0
3581,0.5,100.0,2.0,0.03,1.0,80,25,1,55.73,70.0
3582,0.5,100.0,2.0,0.03,1.0,80,25,1,55.73,83.0
3583,0.5,100.0,1.0,0.03,1.0,80,25,1,55.73,132.0
3584,0.5,100.0,1.0,0.03,1.0,80,25,1,55.73,136.0
3585,0.5,100.0,1.0,0.03,1.0,80,25,1,55.73,91.0
3586,0.5,100.0,1.0,0.03,1.0,80,25,1,55.73,129.0
3587,0.5,100.0,1.0,0.03,1.0,80,25,1,55.73,107.0
3588,0.5,100.0,1.0,0.03,1.0,80,25,1,55.73,132.0
3589,0.5,100.0,1.0,0.03,1.0,80,25,1,55.73,125.0
3590,0.5,100.0,1.0,0.03,1.0,80,25,1,55.73,131.0
3591,0.5,100.0,1.0,0.03,1.0,80,25,1,55.73,124.0
3592,0.5,100.0,1.0,0.03,1.0,80,25,1,55.73,111.0
3593,0.5,100.0,1.0,0.03,1.0,80,25,1,55.73,128.0
3594,0.5,100.0,1.0,0.03,1.0,80,25,1,55.73,133.0
3595,0.5,100.0,1.0,0.03,1.0,80,25,1,55.73,132.0
3596,0.5,100.0,1.0,0.03,1.0,80,25,1,55.73,138.0
3597,0.5,100.0,1.0,0.03,1.0,80,25,1,55.73,133.0
3598,0.5,100.0,1.0,0.03,1.0,80,25,1,55.73,131.0
3599,0.5,100.0,1.0,0.03,1.0,80,25,1,55.73,129.0
3600,0.5,100.0,1.0,0.03,1.0,80,25,1,55.73,124.0
3601,0.5,100.0,1.0,0.03,1.0,80,25,1,55.73,135.0
3602,0.5,100.0,1.0,0.03,1.0,80,25,1,55.73,123.0
3603,0.5,100.0,1.0,0.03,1.0,80,25,1,55.73,125.0
3604,0.5,100.0,1.0,0.03,1.0,80,25,1,55.73,131.0
3605,0.5,100.0,1.0,0.03,1.0,80,25,1,55.73,133.0
3606,0.5,100.0,1.0,0.03,1.0,80,25,1,55.73,128.0
3607,0.5,100.0,1.0,0.03,1.0,80,25,1,55.73,135.0
3608,0.5,100.0,1.0,0.03,1.0,80,25,1,55.73,122.0
3609,0.5,100.0,1.0,0.03,1.0,80,25,1,55.73,130.0
3610,0.5,100.0,1.0,0.03,1.0,80,25,1,55.73,129.0
3611,0.5,100.0,1.0,0.03,1.0,80,25,1,55.73,130.0
3612,0.5,100.0,1.0,0.03,1.0,80,25,1,55.73,134.0
3613,0.5,100.0,1.0,0.03,1.0,80,25,1,55.73,121.0
3614,0.5,100.0,1.0,0.03,1.0,80,25,1,55.73,132.0
3615,0.5,100.0,1.5,0.03,1.0,80,25,1,55.73,71.0
3616,0.5,100.0,1.5,0.03,1.0,80,25,1,55.73,67.0
3617,0.5,100.0,1.5,0.03,1.0,80,25,1,55.73,51.0
3618,0.5,100.0,1.5,0.03,1.0,80,25,1,55.73,64.0
3619,0.5,100.0,1.5,0.03,1.0,80,25,1,55.73,99.0
3620,0.5,100.0,1.5,0.03,1.0,80,25,1,55.73,67.0
3621,0.5,100.0,1.5,0.03,1.0,80,25,1,55.73,78.0
3622,0.5,100.0,1.5,0.03,1.0,80,25,1,55.73,85.0
3623,0.5,100.0,1.5,0.03,1.0,80,25,1,55.73,84.0
3624,0.5,100.0,1.5,0.03,1.0,80,25,1,55.73,96.0
3625,0.5,100.0,1.5,0.03,1.0,80,25,1,55.73,73.0
3626,0.5,100.0,1.5,0.03,1.0,80,25,1,55.73,90.0
3627,0.5,100.0,1.5,0.03,1.0,80,25,1,55.73,94.0
3628,0.5,100.0,1.5,0.03,1.0,80,25,1,55.73,76.0
3629,0.5,100.0,1.5,0.03,1.0,80,25,1,55.73,68.0
3630,0.5,100.0,1.5,0.03,1.0,80,25,1,55.73,75.0
3631,0.5,100.0,1.5,0.03,1.0,80,25,1,55.73,71.0
3632,0.5,100.0,1.5,0.03,1.0,80,25,1,55.73,110.0
3633,0.5,100.0,1.5,0.03,1.0,80,25,1,55.73,96.0
3634,0.5,100.0,1.5,0.03,1.0,80,25,1,55.73,71.0
3635,0.5,100.0,1.5,0.03,1.0,80,25,1,55.73,92.0
3636,0.5,100.0,1.5,0.03,1.0,80,25,1,55.73,97.0
3637,0.5,100.0,1.5,0.03,1.0,80,25,1,55.73,101.0
3638,0.5,100.0,1.5,0.03,1.0,80,25,1,55.73,76.0
3639,0.5,100.0,1.5,0.03,1.0,80,25,1,55.73,77.0
3640,0.5,100.0,1.5,0.03,1.0,80,25,1,55.73,70.0
3641,0.5,100.0,1.5,0.03,1.0,80,25,1,55.73,75.0
3642,0.5,100.0,1.5,0.03,1.0,80,25,1,55.73,73.0
3643,0.5,100.0,1.5,0.03,1.0,80,25,1,55.73,74.0
3644,0.5,100.0,1.5,0.03,1.0,80,25,1,55.73,71.0
3645,0.5,100.0,1.5,0.03,1.0,80,25,1,55.73,74.0
3646,0.5,100.0,1.5,0.03,1.0,80,25,1,55.73,95.0
3647,0.5,100.0,1.8,0.03,1.0,80,25,1,55.73,54.0
3648,0.5,100.0,1.8,0.03,1.0,80,25,1,55.73,42.0
3649,0.5,100.0,1.8,0.03,1.0,80,25,1,55.73,49.0
3650,0.5,100.0,1.8,0.03,1.0,80,25,1,55.73,64.0
3651,0.5,100.0,1.8,0.03,1.0,80,25,1,55.73,61.0
3652,0.5,100.0,1.8,0.03,1.0,80,25,1,55.73,65.0
3653,0.5,100.0,1.8,0.03,1.0,80,25,1,55.73,78.0
3654,0.5,100.0,1.8,0.03,1.0,80,25,1,55.73,72.0
3655,0.5,100.0,1.8,0.03,1.0,80,25,1,55.73,60.0
3656,0.5,100.0,1.8,0.03,1.0,80,25,1,55.73,77.0
3657,0.5,100.0,1.8,0.03,1.0,80,25,1,55.73,75.0
3658,0.5,100.0,1.8,0.03,1.0,80,25,1,55.73,76.0
3659,0.5,100.0,1.8,0.03,1.0,80,25,1,55.73,70.0
3660,0.5,100.0,1.8,0.03,1.0,80,25,1,55.73,46.0
3661,0.5,100.0,1.8,0.03,1.0,80,25,1,55.73,61.0
3662,0.5,100.0,1.8,0.03,1.0,80,25,1,55.73,74.0
3663,0.5,100.0,1.8,0.03,1.0,80,25,1,55.73,60.0
3664,0.5,100.0,1.8,0.03,1.0,80,25,1,55.73,64.0
3665,0.5,100.0,1.8,0.03,1.0,80,25,1,55.73,70.0
3666,0.5,100.0,1.8,0.03,1.0,80,25,1,55.73,54.0
3667,0.5,100.0,1.8,0.03,1.0,80,25,1,55.73,78.0
3668,0.5,100.0,1.8,0.03,1.0,80,25,1,55.73,65.0
3669,0.5,100.0,1.8,0.03,1.0,80,25,1,55.73,61.0
3670,0.5,100.0,1.8,0.03,1.0,80,25,1,55.73,49.0
3671,0.5,100.0,1.8,0.03,1.0,80,25,1,55.73,42.0
3672,0.5,100.0,1.8,0.03,1.0,80,25,1,55.73,64.0
3673,0.5,100.0,1.8,0.03,1.0,80,25,1,55.73,62.0
3674,0.5,100.0,1.8,0.03,1.0,80,25,1,55.73,54.0
3675,0.5,100.0,1.8,0.03,1.0,80,25,1,55.73,75.0
3676,0.5,100.0,1.8,0.03,1.0,80,25,1,55.73,68.0
3677,0.5,100.0,1.8,0.03,1.0,80,25,1,55.73,80.0
3678,0.5,100.0,1.8,0.03,1.0,80,25,1,55.73,68.0
3679,0.5,100.0,2.0,0.03,1.0,80,25,1,55.73,81.0
3680,0.5,100.0,2.0,0.03,1.0,80,25,1,55.73,74.0
3681,0.5,100.0,2.0,0.03,1.0,80,25,1,55.73,72.0
3682,0.5,100.0,2.0,0.03,1.0,80,25,1,55.73,61.0
3683,0.5,100.0,2.0,0.03,1.0,80,25,1,55.73,68.0
3684,0.5,100.0,2.0,0.03,1.0,80,25,1,55.73,62.0
3685,0.5,100.0,2.0,0.03,1.0,80,25,1,55.73,66.0
3686,0.5,100.0,2.0,0.03,1.0,80,25,1,55.73,48.0
3687,0.5,100.0,2.0,0.03,1.0,80,25,1,55.73,44.0
3688,0.5,100.0,2.0,0.03,1.0,80,25,1,55.73,56.0
3689,0.5,100.0,2.0,0.03,1.0,80,25,1,55.73,58.0
3690,0.5,100.0,2.0,0.03,1.0,80,25,1,55.73,72.0
3691,0.5,100.0,2.0,0.03,1.0,80,25,1,55.73,45.0
3692,0.5,100.0,2.0,0.03,1.0,80,25,1,55.73,78.0
3693,0.5,100.0,2.0,0.03,1.0,80,25,1,55.73,76.0
3694,0.5,100.0,2.0,0.03,1.0,80,25,1,55.73,57.0
3695,0.5,100.0,2.0,0.03,1.0,80,25,1,55.73,41.0
3696,0.5,100.0,2.0,0.03,1.0,80,25,1,55.73,56.0
3697,0.5,100.0,2.0,0.03,1.0,80,25,1,55.73,75.0
3698,0.5,100.0,2.0,0.03,1.0,80,25,1,55.73,60.0
3699,0.5,100.0,2.0,0.03,1.0,80,25,1,55.73,44.0
3700,0.5,100.0,2.0,0.03,1.0,80,25,1,55.73,48.0
3701,0.5,100.0,2.0,0.03,1.0,80,25,1,55.73,66.0
3702,0.5,100.0,2.0,0.03,1.0,80,25,1,55.73,62.0
3703,0.5,100.0,2.0,0.03,1.0,80,25,1,55.73,66.0
3704,0.5,100.0,2.0,0.03,1.0,80,25,1,55.73,66.0
3705,0.5,100.0,2.0,0.03,1.0,80,25,1,55.73,55.0
3706,0.5,100.0,2.0,0.03,1.0,80,25,1,55.73,74.0
3707,0.5,100.0,2.0,0.03,1.0,80,25,1,55.73,69.0
3708,0.5,100.0,2.0,0.03,1.0,80,25,1,55.73,57.0
3709,0.5,100.0,2.0,0.03,1.0,80,25,1,55.73,76.0
3710,0.5,100.0,2.0,0.03,1.0,80,25,1,55.73,78.0
3839,0.5,100.0,1.0,0.03,0.8,75,25,0,55.73,86.0
3840,0.5,100.0,1.0,0.03,0.8,75,25,0,55.73,90.0
3841,0.5,100.0,1.0,0.03,0.8,75,25,0,55.73,89.0
3842,0.5,100.0,1.0,0.03,0.8,75,25,0,55.73,80.0
3843,0.5,100.0,1.0,0.03,0.8,75,25,0,55.73,67.0
3844,0.5,100.0,1.0,0.03,0.8,75,25,0,55.73,89.0
3845,0.5,100.0,1.0,0.03,0.8,75,25,0,55.73,83.0
3846,0.5,100.0,1.0,0.03,0.8,75,25,0,55.73,88.0
3847,0.5,100.0,1.0,0.03,0.8,75,25,0,55.73,81.0
3848,0.5,100.0,1.0,0.03,0.8,75,25,0,55.73,88.0
3849,0.5,100.0,1.0,0.03,0.8,75,25,0,55.73,76.0
3850,0.5,100.0,1.0,0.03,0.8,75,25,0,55.73,80.0
3851,0.5,100.0,1.0,0.03,0.8,75,25,0,55.73,79.0
3852,0.5,100.0,1.0,0.03,0.8,75,25,0,55.73,91.0
3853,0.5,100.0,1.0,0.03,0.8,75,25,0,55.73,79.0
3854,0.5,100.0,1.0,0.03,0.8,75,25,0,55.73,86.0
3855,0.5,100.0,1.0,0.03,0.8,75,25,0,55.73,64.0
3856,0.5,100.0,1.0,0.03,0.8,75,25,0,55.73,74.0
3857,0.5,100.0,1.0,0.03,0.8,75,25,0,55.73,80.0
3858,0.5,100.0,1.0,0.03,0.8,75,25,0,55.73,85.0
3859,0.5,100.0,1.0,0.03,0.8,75,25,0,55.73,87.0
3860,0.5,100.0,1.0,0.03,0.8,75,25,0,55.73,78.0
3861,0.5,100.0,1.0,0.03,0.8,75,25,0,55.73,78.0
3862,0.5,100.0,1.0,0.03,0.8,75,25,0,55.73,81.0
3863,0.5,100.0,1.0,0.03,0.8,75,25,0,55.73,85.0
3864,0.5,100.0,1.0,0.03,0.8,75,25,0,55.73,86.0
3865,0.5,100.0,1.0,0.03,0.8,75,25,0,55.73,61.0
3866,0.5,100.0,1.0,0.03,0.8,75,25,0,55.73,83.0
3867,0.5,100.0,1.0,0.03,0.8,75,25,0,55.73,79.0
3868,0.5,100.0,1.0,0.03,0.8,75,25,0,55.73,92.0
3869,0.5,100.0,1.0,0.03,0.8,75,25,0,55.73,68.0
3870,0.5,100.0,1.0,0.03,0.8,75,25,0,55.73,81.0
3871,0.5,100.0,1.5,0.03,0.8,75,25,0,55.73,65.0
3872,0.5,100.0,1.5,0.03,0.8,75,25,0,55.73,58.0
3873,0.5,100.0,1.5,0.03,0.8,75,25,0,55.73,62.0
3874,0.5,100.0,1.5,0.03,0.8,75,25,0,55.73,61.0
3875,0.5,100.0,1.5,0.03,0.8,75,25,0,55.73,61.0
3876,0.5,100.0,1.5,0.03,0.8,75,25,0,55.73,68.0
3877,0.5,100.0,1.5,0.03,0.8,75,25,0,55.73,61.0
3878,0.5,100.0,1.5,0.03,0.8,75,25,0,55.73,60.0
3879,0.5,100.0,1.5,0.03,0.8,75,25,0,55.73,55.0
3880,0.5,100.0,1.5,0.03,0.8,75,25,0,55.73,64.0
3881,0.5,100.0,1.5,0.03,0.8,75,25,0,55.73,58.0
3882,0.5,100.0,1.5,0.03,0.8,75,25,0,55.73,63.0
3883,0.5,100.0,1.5,0.03,0.8,75,25,0,55.73,61.0
3884,0.5,100.0,1.5,0.03,0.8,75,25,0,55.73,58.0
3885,0.5,100.0,1.5,0.03,0.8,75,25,0,55.73,55.0
3886,0.5,100.0,1.5,0.03,0.8,75,25,0,55.73,60.0
3887,0.5,100.0,1.5,0.03,0.8,75,25,0,55.73,57.0
3888,0.5,100.0,1.5,0.03,0.8,75,25,0,55.73,61.0
3889,0.5,100.0,1.5,0.03,0.8,75,25,0,55.73,65.0
3890,0.5,100.0,1.5,0.03,0.8,75,25,0,55.73,52.0
3891,0.5,100.0,1.5,0.03,0.8,75,25,0,55.73,62.0
3892,0.5,100.0,1.5,0.03,0.8,75,25,0,55.73,63.0
3893,0.5,100.0,1.5,0.03,0.8,75,25,0,55.73,56.0
3894,0.5,100.0,1.5,0.03,0.8,75,25,0,55.73,64.0
3895,0.5,100.0,1.5,0.03,0.8,75,25,0,55.73,45.0
3896,0.5,100.0,1.5,0.03,0.8,75,25,0,55.73,67.0
3897,0.5,100.0,1.5,0.03,0.8,75,25,0,55.73,52.0
3898,0.5,100.0,1.5,0.03,0.8,75,25,0,55.73,60.0
3899,0.5,100.0,1.5,0.03,0.8,75,25,0,55.73,58.0
3900,0.5,100.0,1.5,0.03,0.8,75,25,0,55.73,67.0
3901,0.5,100.0,1.5,0.03,0.8,75,25,0,55.73,59.0
3902,0.5,100.0,1.5,0.03,0.8,75,25,0,55.73,55.0
3903,0.5,100.0,1.5,0.03,0.8,75,25,0,55.73,55.0
3904,0.5,100.0,1.5,0.03,0.8,75,25,0,55.73,60.0
3905,0.5,100.0,1.5,0.03,0.8,75,25,0,55.73,56.0
3906,0.5,100.0,2.0,0.03,0.8,75,25,0,55.73,70.0
3907,0.5,100.0,2.0,0.03,0.8,75,25,0,55.73,65.0
3908,0.5,100.0,2.0,0.03,0.8,75,25,0,55.73,75.0
3909,0.5,100.0,2.0,0.03,0.8,75,25,0,55.73,72.0
3910,0.5,100.0,2.0,0.03,0.8,75,25,0,55.73,77.0
3911,0.5,100.0,2.0,0.03,0.8,75,25,0,55.73,81.0
3912,0.5,100.0,2.0,0.03,0.8,75,25,0,55.73,93.0
3913,0.5,100.0,2.0,0.03,0.8,75,25,0,55.73,74.0
3914,0.5,100.0,2.0,0.03,0.8,75,25,0,55.73,86.0
3915,0.5,100.0,2.0,0.03,0.8,75,25,0,55.73,78.0
3916,0.5,100.0,2.0,0.03,0.8,75,25,0,55.73,85.0
3917,0.5,100.0,2.0,0.03,0.8,75,25,0,55.73,61.0
3918,0.5,100.0,2.0,0.03,0.8,75,25,0,55.73,89.0
3919,0.5,100.0,2.0,0.03,0.8,75,25,0,55.73,66.0
3920,0.5,100.0,2.0,0.03,0.8,75,25,0,55.73,77.0
3921,0.5,100.0,2.0,0.03,0.8,75,25,0,55.73,79.0
3922,0.5,100.0,2.0,0.03,0.8,75,25,0,55.73,81.0
3923,0.5,100.0,2.0,0.03,0.8,75,25,0,55.73,78.0
3924,0.5,100.0,2.0,0.03,0.8,75,25,0,55.73,71.0
3925,0.5,100.0,2.0,0.03,0.8,75,25,0,55.73,61.0
3926,0.5,100.0,2.0,0.03,0.8,75,25,0,55.73,62.0
3927,0.5,100.0,2.0,0.03,0.8,75,25,0,55.73,89.0
3928,0.5,100.0,2.0,0.03,0.8,75,25,0,55.73,67.0
3929,0.5,100.0,2.0,0.03,0.8,75,25,0,55.73,72.0
3930,0.5,100.0,2.0,0.03,0.8,75,25,0,55.73,76.0
3931,0.5,100.0,2.0,0.03,0.8,75,25,0,55.73,79.0
3932,0.5,100.0,2.0,0.03,0.8,75,25,0,55.73,87.0
3933,0.5,100.0,2.0,0.03,0.8,75,25,0,55.73,89.0
3934,0.5,100.0,2.0,0.03,0.8,75,25,0,55.73,72.0
3935,0.5,100.0,2.0,0.03,0.8,75,25,0,55.73,85.0
3936,0.5,100.0,2.0,0.03,0.8,75,25,0,55.73,68.0
3937,0.5,100.0,2.0,0.03,0.8,75,25,0,55.73,74.0
3938,0.5,100.0,2.0,0.03,0.8,75,25,0,55.73,72.0
3939,0.5,100.0,2.0,0.03,0.8,75,25,0,55.73,86.0
3940,0.5,100.0,2.0,0.03,0.8,75,25,0,55.73,64.0
3941,0.5,100.0,2.0,0.03,0.8,75,25,0,55.73,70.0
3942,0.5,100.0,2.0,0.03,0.8,75,25,0,55.73,73.0
3943,0.5,100.0,2.0,0.03,0.8,75,25,0,55.73,71.0
3944,0.5,100.0,2.0,0.03,0.8,75,25,0,55.73,70.0
3945,0.5,100.0,2.0,0.03,0.8,75,25,0,55.73,61.0
3946,0.5,100.0,1.0,0.03,0.8,75,25,0,55.73,59.0
3947,0.5,100.0,1.0,0.03,0.8,75,25,0,55.73,59.0
3948,0.5,100.0,1.0,0.03,0.8,75,25,0,55.73,56.0
3949,0.5,100.0,1.0,0.03,0.8,75,25,0,55.73,52.0
3950,0.5,100.0,1.0,0.03,0.8,75,25,0,55.73,63.0
3951,0.5,100.0,1.0,0.03,0.8,75,25,0,55.73,56.0
3952,0.5,100.0,1.0,0.03,0.8,75,25,0,55.73,62.0
3953,0.5,100.0,1.0,0.03,0.8,75,25,0,55.73,56.0
3954,0.5,100.0,1.0,0.03,0.8,75,25,0,55.73,61.0
3955,0.5,100.0,1.0,0.03,0.8,75,25,0,55.73,60.0
3956,0.5,100.0,1.0,0.03,0.8,75,25,0,55.73,57.0
3957,0.5,100.0,1.0,0.03,0.8,75,25,0,55.73,53.0
3958,0.5,100.0,1.0,0.03,0.8,75,25,0,55.73,45.0
3959,0.5,100.0,1.0,0.03,0.8,75,25,0,55.73,53.0
3960,0.5,100.0,1.0,0.03,0.8,75,25,0,55.73,66.0
3961,0.5,100.0,1.0,0.03,0.8,75,25,0,55.73,53.0
3962,0.5,100.0,1.0,0.03,0.8,75,25,0,55.73,61.0
3963,0.5,100.0,1.0,0.03,0.8,75,25,0,55.73,52.0
3964,0.5,100.0,1.0,0.03,0.8,75,25,0,55.73,59.0
3965,0.5,100.0,1.0,0.03,0.8,75,25,0,55.73,61.0
3966,0.5,100.0,1.0,0.03,0.8,75,25,0,55.73,58.0
3967,0.5,100.0,1.0,0.03,0.8,75,25,0,55.73,71.0
3968,0.5,100.0,1.0,0.03,0.8,75,25,0,55.73,51.0
3969,0.5,100.0,1.0,0.03,0.8,75,25,0,55.73,50.0
3970,0.5,100.0,1.0,0.03,0.8,75,25,0,55.73,54.0
3971,0.5,100.0,1.0,0.03,0.8,75,25,0,55.73,53.0
3972,0.5,100.0,1.0,0.03,0.8,75,25,0,55.73,58.0
3973,0.5,100.0,1.0,0.03,0.8,75,25,0,55.73,57.0
3974,0.5,100.0,1.0,0.03,0.8,75,25,0,55.73,57.0
3975,0.5,100.0,1.0,0.03,0.8,75,25,0,55.73,58.0
3976,0.5,100.0,1.0,0.03,0.8,75,25,0,55.73,52.0
3977,0.5,100.0,1.0,0.03,0.8,75,25,0,55.73,54.0
3978,0.5,100.0,1.0,0.03,0.8,75,25,0,55.73,53.0
3979,0.5,100.0,1.0,0.03,0.8,75,25,0,55.73,59.0
3980,0.5,100.0,1.0,0.03,0.8,75,25,0,55.73,56.0
3981,0.5,100.0,1.5,0.03,0.8,75,25,0,55.73,80.0
3982,0.5,100.0,1.5,0.03,0.8,75,25,0,55.73,73.0
3983,0.5,100.0,1.5,0.03,0.8,75,25,0,55.73,72.0
3984,0.5,100.0,1.5,0.03,0.8,75,25,0,55.73,71.0
3985,0.5,100.0,1.5,0.03,0.8,75,25,0,55.73,71.0
3986,0.5,100.0,1.5,0.03,0.8,75,25,0,55.73,72.0
3987,0.5,100.0,1.5,0.03,0.8,75,25,0,55.73,61.0
3988,0.5,100.0,1.5,0.03,0.8,75,25,0,55.73,74.0
3989,0.5,100.0,1.5,0.03,0.8,75,25,0,55.73,67.0
3990,0.5,100.0,1.5,0.03,0.8,75,25,0,55.73,73.0
3991,0.5,100.0,1.5,0.03,0.8,75,25,0,55.73,64.0
3992,0.5,100.0,1.5,0.03,0.8,75,25,0,55.73,61.0
3993,0.5,100.0,1.5,0.03,0.8,75,25,0,55.73,69.0
3994,0.5,100.0,1.5,0.03,0.8,75,25,0,55.73,61.0
3995,0.5,100.0,1.5,0.03,0.8,75,25,0,55.73,71.0
3996,0.5,100.0,1.5,0.03,0.8,75,25,0,55.73,78.0
3997,0.5,100.0,1.5,0.03,0.8,75,25,0,55.73,61.0
3998,0.5,100.0,1.5,0.03,0.8,75,25,0,55.73,75.0
3999,0.5,100.0,1.5,0.03,0.8,75,25,0,55.73,73.0
4000,0.5,100.0,1.5,0.03,0.8,75,25,0,55.73,77.0
4001,0.5,100.0,1.5,0.03,0.8,75,25,0,55.73,47.0
4002,0.5,100.0,1.5,0.03,0.8,75,25,0,55.73,75.0
4003,0.5,100.0,1.5,0.03,0.8,75,25,0,55.73,70.0
4004,0.5,100.0,1.5,0.03,0.8,75,25,0,55.73,77.0
4005,0.5,100.0,1.5,0.03,0.8,75,25,0,55.73,72.0
4006,0.5,100.0,1.5,0.03,0.8,75,25,0,55.73,74.0
4007,0.5,100.0,1.5,0.03,0.8,75,25,0,55.73,69.0
4008,0.5,100.0,1.5,0.03,0.8,75,25,0,55.73,66.0
4009,0.5,100.0,1.5,0.03,0.8,75,25,0,55.73,68.0
4010,0.5,100.0,1.5,0.03,0.8,75,25,0,55.73,72.0
4011,0.5,100.0,1.5,0.03,0.8,75,25,0,55.73,71.0
4012,0.5,100.0,1.5,0.03,0.8,75,25,0,55.73,57.0
4013,0.5,100.0,1.5,0.03,0.8,75,25,0,55.73,66.0
4014,0.5,100.0,1.5,0.03,0.8,75,25,0,55.73,77.0
4015,0.5,100.0,1.5,0.03,0.8,75,25,0,55.73,73.0
4016,0.5,100.0,1.5,0.03,0.8,75,25,0,55.73,67.0
4017,0.5,100.0,1.5,0.03,0.8,75,25,0,55.73,68.0
4018,0.5,100.0,1.5,0.03,0.8,75,25,0,55.73,76.0
4019,0.5,100.0,1.0,0.03,0.8,75,25,0,55.73,51.0
4020,0.5,100.0,1.0,0.03,0.8,75,25,0,55.73,61.0
4021,0.5,100.0,1.0,0.03,0.8,75,25,0,55.73,56.0
4022,0.5,100.0,1.0,0.03,0.8,75,25,0,55.73,52.0
4023,0.5,100.0,1.0,0.03,0.8,75,25,0,55.73,58.0
4024,0.5,100.0,1.0,0.03,0.8,75,25,0,55.73,59.0
4025,0.5,100.0,1.0,0.03,0.8,75,25,0,55.73,61.0
4026,0.5,100.0,1.0,0.03,0.8,75,25,0,55.73,53.0
4027,0.5,100.0,1.0,0.03,0.8,75,25,0,55.73,55.0
4028,0.5,100.0,1.0,0.03,0.8,75,25,0,55.73,49.0
4029,0.5,100.0,1.0,0.03,0.8,75,25,0,55.73,50.0
4030,0.5,100.0,1.0,0.03,0.8,75,25,0,55.73,42.0
4031,0.5,100.0,1.0,0.03,0.8,75,25,0,55.73,62.0
4032,0.5,100.0,1.0,0.03,0.8,75,25,0,55.73,47.0
4033,0.5,100.0,1.0,0.03,0.8,75,25,0,55.73,53.0
4034,0.5,100.0,1.0,0.03,0.8,75,25,0,55.73,49.0
4035,0.5,100.0,1.0,0.03,0.8,75,25,0,55.73,54.0
4036,0.5,100.0,1.0,0.03,0.8,75,25,0,55.73,51.0
4037,0.5,100.0,1.0,0.03,0.8,75,25,0,55.73,47.0
4038,0.5,100.0,1.0,0.03,0.8,75,25,0,55.73,44.0
4039,0.5,100.0,1.0,0.03,0.8,75,25,0,55.73,49.0
4040,0.5,100.0,1.0,0.03,0.8,75,25,0,55.73,57.0
4041,0.5,100.0,1.0,0.03,0.8,75,25,0,55.73,55.0
4042,0.5,100.0,1.0,0.03,0.8,75,25,0,55.73,42.0
4043,0.5,100.0,1.0,0.03,0.8,75,25,0,55.73,52.0
4044,0.5,100.0,1.0,0.03,0.8,75,25,0,55.73,65.0
4045,0.5,100.0,1.0,0.03,0.8,75,25,0,55.73,54.0
4046,0.5,100.0,1.0,0.03,0.8,75,25,0,55.73,58.0
4047,0.5,100.0,1.0,0.03,0.8,75,25,0,55.73,62.0
4048,0.5,100.0,1.0,0.03,0.8,75,25,0,55.73,47.0
4049,0.5,100.0,1.0,0.03,0.8,75,25,0,55.73,54.0
4050,0.5,100.0,1.0,0.03,0.8,75,25,0,55.73,50.0
4051,0.5,100.0,1.0,0.03,0.8,75,25,0,55.73,45.0
4052,0.5,100.0,1.0,0.03,0.8,75,25,0,55.73,53.0
4053,0.5,100.0,1.0,0.03,0.8,75,25,0,55.73,50.0
4054,0.5,100.0,1.0,0.03,0.8,75,25,0,55.73,55.0
4055,0.5,100.0,1.0,0.03,0.8,75,25,0,55.73,64.0
4056,0.5,100.0,1.0,0.03,0.8,75,25,0,55.73,50.0
4057,0.5,100.0,1.0,0.03,0.8,75,25,0,55.73,60.0
4058,0.5,100.0,1.0,0.03,0.8,75,25,0,55.73,55.0
4059,0.5,100.0,1.0,0.03,0.8,75,25,0,55.73,50.0
4060,0.5,100.0,1.0,0.03,0.8,75,25,0,55.73,52.0
4061,0.5,100.0,1.0,0.03,0.8,75,25,0,55.73,52.0
4062,0.5,100.0,1.0,0.03,0.8,75,25,0,55.73,104.0
4063,0.5,100.0,1.0,0.03,0.8,75,25,0,55.73,95.0
4064,0.5,100.0,1.0,0.03,0.8,75,25,0,55.73,103.0
4065,0.5,100.0,1.0,0.03,0.8,75,25,0,55.73,95.0
4066,0.5,100.0,1.0,0.03,0.8,75,25,0,55.73,97.0
4067,0.5,100.0,1.0,0.03,0.8,75,25,0,55.73,107.0
4068,0.5,100.0,1.0,0.03,0.8,75,25,0,55.73,97.0
4069,0.5,100.0,1.0,0.03,0.8,75,25,0,55.73,99.0
4070,0.5,100.0,1.0,0.03,0.8,75,25,0,55.73,95.0
4071,0.5,100.0,1.0,0.03,0.8,75,25,0,55.73,96.0
4072,0.5,100.0,1.0,0.03,0.8,75,25,0,55.73,108.0
4073,0.5,100.0,1.0,0.03,0.8,75,25,0,55.73,78.0
4074,0.5,100.0,1.0,0.03,0.8,75,25,0,55.73,103.0
4075,0.5,100.0,1.0,0.03,0.8,75,25,0,55.73,106.0
4076,0.5,100.0,1.0,0.03,0.8,75,25,0,55.73,97.0
4077,0.5,100.0,1.0,0.03,0.8,75,25,0,55.73,92.0
4078,0.5,100.0,1.0,0.03,0.8,75,25,0,55.73,101.0
4079,0.5,100.0,1.0,0.03,0.8,75,25,0,55.73,88.0
4080,0.5,100.0,1.0,0.03,0.8,75,25,0,55.73,110.0
4081,0.5,100.0,1.0,0.03,0.8,75,25,0,55.73,101.0
4082,0.5,100.0,1.0,0.03,0.8,75,25,0,55.73,111.0
4083,0.5,100.0,1.0,0.03,0.8,75,25,0,55.73,92.0
4084,0.5,100.0,1.0,0.03,0.8,75,25,0,55.73,98.0
4085,0.5,100.0,1.0,0.03,0.8,75,25,0,55.73,94.0
4086,0.5,100.0,1.0,0.03,0.8,75,25,0,55.73,92.0
4087,0.5,100.0,1.0,0.03,0.8,75,25,0,55.73,98.0
4088,0.5,100.0,1.0,0.03,0.8,75,25,0,55.73,105.0
4089,0.5,100.0,1.0,0.03,0.8,75,25,0,55.73,110.0
4090,0.5,100.0,1.0,0.03,0.8,75,25,0,55.73,94.0
4091,0.5,100.0,1.5,0.03,0.8,75,25,0,55.73,66.0
4092,0.5,100.0,1.5,0.03,0.8,75,25,0,55.73,73.0
4093,0.5,100.0,1.5,0.03,0.8,75,25,0,55.73,68.0
4094,0.5,100.0,1.5,0.03,0.8,75,25,0,55.73,72.0
4095,0.5,100.0,1.5,0.03,0.8,75,25,0,55.73,55.0
4096,0.5,100.0,1.5,0.03,0.8,75,25,0,55.73,65.0
4097,0.5,100.0,1.5,0.03,0.8,75,25,0,55.73,65.0
4098,0.5,100.0,1.5,0.03,0.8,75,25,0,55.73,67.0
4099,0.5,100.0,1.5,0.03,0.8,75,25,0,55.73,70.0
4100,0.5,100.0,1.5,0.03,0.8,75,25,0,55.73,74.0
4101,0.5,100.0,1.5,0.03,0.8,75,25,0,55.73,61.0
4102,0.5,100.0,1.5,0.03,0.8,75,25,0,55.73,61.0
4103,0.5,100.0,1.5,0.03,0.8,75,25,0,55.73,69.0
4104,0.5,100.0,1.5,0.03,0.8,75,25,0,55.73,66.0
4105,0.5,100.0,1.5,0.03,0.8,75,25,0,55.73,68.0
4106,0.5,100.0,1.5,0.03,0.8,75,25,0,55.73,71.0
4107,0.5,100.0,1.5,0.03,0.8,75,25,0,55.73,65.0
4108,0.5,100.0,1.5,0.03,0.8,75,25,0,55.73,63.0
4109,0.5,100.0,1.5,0.03,0.8,75,25,0,55.73,63.0
4110,0.5,100.0,1.5,0.03,0.8,75,25,0,55.73,67.0
4111,0.5,100.0,1.5,0.03,0.8,75,25,0,55.73,72.0
4112,0.5,100.0,1.5,0.03,0.8,75,25,0,55.73,63.0
4113,0.5,100.0,1.5,0.03,0.8,75,25,0,55.73,65.0
4114,0.5,100.0,1.5,0.03,0.8,75,25,0,55.73,60.0
4115,0.5,100.0,1.5,0.03,0.8,75,25,0,55.73,72.0
4116,0.5,100.0,1.5,0.03,0.8,75,25,0,55.73,70.0
4117,0.5,100.0,1.5,0.03,0.8,75,25,0,55.73,78.0
4118,0.5,100.0,1.5,0.03,0.8,75,25,0,55.73,78.0
4119,0.5,100.0,1.5,0.03,0.8,75,25,0,55.73,81.0
4120,0.5,100.0,1.5,0.03,0.8,75,25,0,55.73,61.0
4121,0.5,100.0,1.5,0.03,0.8,75,25,0,55.73,64.0
4122,0.5,100.0,1.5,0.03,0.8,75,25,0,55.73,79.0
4123,0.5,100.0,1.5,0.03,0.8,75,25,0,55.73,78.0
4124,0.5,100.0,2.0,0.03,0.8,75,25,0,55.73,99.0
4125,0.5,100.0,2.0,0.03,0.8,75,25,0,55.73,98.0
4126,0.5,100.0,2.0,0.03,0.8,75,25,0,55.73,83.0
4127,0.5,100.0,2.0,0.03,0.8,75,25,0,55.73,96.0
4128,0.5,100.0,2.0,0.03,0.8,75,25,0,55.73,77.0
4129,0.5,100.0,2.0,0.03,0.8,75,25,0,55.73,97.0
4130,0.5,100.0,2.0,0.03,0.8,75,25,0,55.73,112.0
4131,0.5,100.0,2.0,0.03,0.8,75,25,0,55.73,90.0
4132,0.5,100.0,2.0,0.03,0.8,75,25,0,55.73,81.0
4133,0.5,100.0,2.0,0.03,0.8,75,25,0,55.73,100.0
4134,0.5,100.0,2.0,0.03,0.8,75,25,0,55.73,99.0
4135,0.5,100.0,2.0,0.03,0.8,75,25,0,55.73,95.0
4136,0.5,100.0,2.0,0.03,0.8,75,25,0,55.73,70.0
4137,0.5,100.0,2.0,0.03,0.8,75,25,0,55.73,80.0
4138,0.5,100.0,2.0,0.03,0.8,75,25,0,55.73,76.0
4139,0.5,100.0,2.0,0.03,0.8,75,25,0,55.73,72.0
4140,0.5,100.0,2.0,0.03,0.8,75,25,0,55.73,83.0
4141,0.5,100.0,2.0,0.03,0.8,75,25,0,55.73,103.0
4142,0.5,100.0,2.0,0.03,0.8,75,25,0,55.73,88.0
4143,0.5,100.0,2.0,0.03,0.8,75,25,0,55.73,73.0
4144,0.5,100.0,2.0,0.03,0.8,75,25,0,55.73,99.0
4145,0.5,100.0,2.0,0.03,0.8,75,25,0,55.73,93.0
4146,0.5,100.0,2.0,0.03,0.8,75,25,0,55.73,83.0
4147,0.5,100.0,2.0,0.03,0.8,75,25,0,55.73,76.0
4148,0.5,100.0,2.0,0.03,0.8,75,25,0,55.73,77.0
4149,0.5,100.0,2.0,0.03,0.8,75,25,0,55.73,95.0
4150,0.5,100.0,2.0,0.03,0.8,75,25,0,55.73,93.0
4151,0.5,100.0,2.0,0.03,0.8,75,25,0,55.73,83.0
4152,0.5,100.0,2.0,0.03,0.8,75,25,0,55.73,78.0
4153,0.5,100.0,2.0,0.03,0.8,75,25,0,55.73,88.0
4154,0.5,100.0,2.0,0.03,0.8,75,25,0,55.73,85.0
4155,0.5,100.0,2.0,0.03,0.8,75,25,0,55.73,98.0
4156,0.5,100.0,2.0,0.03,0.8,75,25,0,55.73,85.0
4157,0.5,100.0,2.0,0.03,0.8,75,25,0,55.73,82.0
4158,0.5,100.0,2.0,0.03,0.8,75,25,0,55.73,93.0
4159,0.5,100.0,2.0,0.03,0.8,75,25,0,55.73,87.0
4160,0.5,100.0,2.0,0.03,0.8,75,25,0,55.73,82.0
4161,0.5,100.0,2.0,0.03,0.8,75,25,0,55.73,81.0
4162,0.5,100.0,2.0,0.03,0.8,75,25,0,55.73,76.0
5290,2.0,10.0,40.0,0.15,30.0,0,200,0,55.73,390.0
5291,2.0,10.0,40.0,0.15,30.0,0,200,0,55.73,390.0
5292,2.0,10.0,40.0,0.15,30.0,0,200,0,55.73,410.0
5293,2.0,10.0,40.0,0.15,30.0,0,200,0,55.73,460.0
5294,2.0,10.0,40.0,0.15,30.0,0,200,0,55.73,400.0
5295,2.0,10.0,40.0,0.15,30.0,0,200,0,55.73,470.0
5296,2.0,10.0,40.0,0.15,30.0,0,200,0,55.73,470.0
5297,2.0,10.0,40.0,0.15,30.0,0,200,0,55.73,440.0
5298,2.0,10.0,40.0,0.15,30.0,0,200,0,55.73,450.0
5299,2.0,10.0,40.0,0.15,30.0,0,200,0,55.73,410.0
5300,2.0,10.0,40.0,0.15,30.0,0,200,0,55.73,360.0
5301,2.0,10.0,40.0,0.15,30.0,0,200,0,55.73,340.0
5302,2.0,10.0,40.0,0.15,30.0,0,200,0,55.73,330.0
5303,2.0,10.0,40.0,0.15,30.0,0,200,0,55.73,350.0
5304,2.0,10.0,40.0,0.15,30.0,0,200,0,55.73,360.0
5305,2.0,10.0,40.0,0.15,30.0,0,200,0,55.73,340.0
5306,2.0,10.0,40.0,0.15,30.0,0,200,0,55.73,370.0
5307,2.0,10.0,40.0,0.15,30.0,0,200,0,55.73,360.0
5308,2.0,10.0,40.0,0.15,30.0,0,200,0,55.73,310.0
5309,2.0,10.0,40.0,0.15,30.0,0,200,0,55.73,380.0
5310,2.0,10.0,40.0,0.15,30.0,0,200,0,55.73,380.0
5311,2.0,10.0,40.0,0.15,30.0,0,200,0,55.73,380.0
5312,2.0,10.0,40.0,0.15,30.0,0,200,0,55.73,380.0
5313,2.0,10.0,40.0,0.15,30.0,0,200,0,55.73,380.0
5314,2.0,10.0,40.0,0.15,30.0,0,200,0,55.73,390.0
5315,2.0,10.0,40.0,0.15,30.0,0,200,0,55.73,360.0
5316,2.0,10.0,40.0,0.15,30.0,0,200,0,55.73,330.0
5317,2.0,10.0,40.0,0.15,30.0,0,200,0,55.73,350.0
5318,2.0,10.0,40.0,0.15,30.0,0,200,0,55.73,380.0
5319,2.0,10.0,40.0,0.15,30.0,0,200,0,55.73,320.0
5320,2.0,10.0,40.0,0.15,30.0,0,200,0,55.73,350.0
5321,2.0,10.0,40.0,0.15,30.0,0,200,0,55.73,350.0
5322,2.0,10.0,40.0,0.15,30.0,0,200,0,55.73,350.0
5323,2.0,10.0,40.0,0.15,30.0,0,200,0,55.73,330.0
5324,2.0,10.0,40.0,0.15,30.0,0,200,0,55.73,390.0
5325,2.0,10.0,40.0,0.15,30.0,0,200,0,55.73,370.0
5326,2.0,10.0,40.0,0.15,30.0,0,200,0,55.73,380.0
5327,2.0,10.0,40.0,0.15,30.0,0,200,0,55.73,350.0
5328,2.0,10.0,40.0,0.15,30.0,0,200,0,55.73,350.0
5329,2.0,10.0,40.0,0.15,30.0,0,200,0,55.73,330.0
5330,2.0,10.0,40.0,0.15,30.0,0,200,0,55.73,320.0
5331,2.0,10.0,40.0,0.15,30.0,0,200,0,55.73,340.0
5332,2.0,10.0,40.0,0.15,30.0,0,200,0,55.73,400.0
5333,2.0,10.0,40.0,0.15,30.0,0,200,0,55.73,340.0
5334,2.0,10.0,40.0,0.15,30.0,0,200,0,55.73,350.0
5335,2.0,10.0,40.0,0.15,30.0,0,200,0,55.73,420.0
5336,2.0,10.0,40.0,0.15,30.0,0,200,0,55.73,420.0
5337,2.0,10.0,40.0,0.15,30.0,0,200,0,55.73,370.0
5338,2.0,10.0,40.0,0.15,30.0,0,200,0,55.73,420.0
5339,2.0,10.0,40.0,0.15,30.0,0,200,0,55.73,390.0
5340,2.0,10.0,40.0,0.15,30.0,0,200,0,55.73,450.0
5341,2.0,10.0,40.0,0.15,30.0,0,200,0,55.73,370.0
5342,2.0,10.0,40.0,0.15,30.0,0,200,0,55.73,410.0
5343,2.0,10.0,40.0,0.15,30.0,0,200,0,55.73,390.0
5344,2.0,10.0,40.0,0.15,30.0,0,200,0,55.73,330.0
5345,2.0,10.0,40.0,0.15,30.0,0,200,0,55.73,400.0
5346,2.0,10.0,40.0,0.15,30.0,0,200,0,55.73,340.0
5347,2.0,10.0,40.0,0.15,30.0,0,200,0,55.73,400.0
5348,2.0,10.0,40.0,0.15,30.0,0,200,0,55.73,390.0
5349,2.0,10.0,40.0,0.15,30.0,0,200,0,55.73,400.0
5350,2.0,10.0,40.0,0.15,30.0,0,200,0,55.73,300.0
5351,2.0,10.0,40.0,0.15,30.0,0,200,0,55.73,350.0
5352,2.0,10.0,40.0,0.15,30.0,0,200,0,55.73,390.0
5353,2.0,10.0,40.0,0.15,30.0,0,200,0,55.73,400.0
5354,2.0,10.0,40.0,0.15,30.0,0,200,0,55.73,420.0
5355,2.0,10.0,40.0,0.15,30.0,0,200,0,55.73,360.0
5356,2.0,10.0,40.0,0.15,30.0,0,200,0,55.73,330.0
5357,2.0,10.0,40.0,0.15,30.0,0,200,0,55.73,400.0
5358,2.0,10.0,40.0,0.15,30.0,0,200,0,55.73,370.0
5359,2.0,10.0,40.0,0.15,30.0,0,200,0,55.73,350.0
5360,2.0,10.0,40.0,0.15,30.0,0,200,0,55.73,350.0
5361,2.0,10.0,40.0,0.15,30.0,0,200,0,55.73,320.0
5362,2.0,10.0,40.0,0.15,30.0,0,200,0,55.73,340.0
5363,2.0,10.0,40.0,0.15,30.0,0,200,0,55.73,350.0
5364,2.0,10.0,40.0,0.15,30.0,0,200,0,55.73,360.0
5365,2.0,10.0,40.0,0.15,30.0,0,200,0,55.73,400.0
5366,2.0,10.0,40.0,0.15,30.0,0,200,0,55.73,370.0
5367,2.0,10.0,40.0,0.15,30.0,0,200,0,55.73,300.0
5368,2.0,10.0,40.0,0.15,30.0,0,200,0,55.73,360.0
5369,2.0,10.0,40.0,0.15,30.0,0,200,0,55.73,370.0
5370,2.0,10.0,40.0,0.15,30.0,0,200,0,55.73,430.0
5371,2.0,10.0,40.0,0.15,30.0,0,200,0,55.73,390.0
5372,2.0,10.0,40.0,0.15,30.0,0,200,0,55.73,370.0
5373,2.0,10.0,40.0,0.15,30.0,0,200,0,55.73,410.0
5374,2.0,10.0,40.0,0.15,30.0,0,200,0,55.73,390.0
5375,2.0,10.0,40.0,0.15,30.0,0,200,0,55.73,380.0
5376,2.0,10.0,40.0,0.15,30.0,0,200,0,55.73,350.0
5377,2.0,10.0,40.0,0.15,30.0,0,200,0,55.73,420.0
5378,2.0,10.0,40.0,0.15,30.0,0,200,0,55.73,380.0
5379,2.0,10.0,40.0,0.15,30.0,0,200,0,55.73,390.0
5380,2.0,10.0,8.0,0.15,30.0,0,200,0,55.73,710.0
5381,2.0,10.0,8.0,0.15,30.0,0,200,0,55.73,690.0
5382,2.0,10.0,8.0,0.15,30.0,0,200,0,55.73,690.0
5383,2.0,10.0,8.0,0.15,30.0,0,200,0,55.73,770.0
5384,2.0,10.0,8.0,0.15,30.0,0,200,0,55.73,650.0
5385,2.0,10.0,8.0,0.15,30.0,0,200,0,55.73,760.0
5386,2.0,10.0,8.0,0.15,30.0,0,200,0,55.73,770.0
5387,2.0,10.0,8.0,0.15,30.0,0,200,0,55.73,770.0
5388,2.0,10.0,8.0,0.15,30.0,0,200,0,55.73,730.0
5389,2.0,10.0,8.0,0.15,30.0,0,200,0,55.73,700.0
5390,2.0,10.0,8.0,0.15,30.0,0,200,0,55.73,680.0
5391,2.0,10.0,8.0,0.15,30.0,0,200,0,55.73,750.0
5392,2.0,10.0,8.0,0.15,30.0,0,200,0,55.73,770.0
5393,2.0,10.0,8.0,0.15,30.0,0,200,0,55.73,720.0
5394,2.0,10.0,8.0,0.15,30.0,0,200,0,55.73,760.0
5395,2.0,10.0,8.0,0.15,30.0,0,200,0,55.73,780.0
5396,2.0,10.0,8.0,0.15,30.0,0,200,0,55.73,710.0
5397,2.0,10.0,8.0,0.15,30.0,0,200,0,55.73,770.0
5398,2.0,10.0,8.0,0.15,30.0,0,200,0,55.73,780.0
5399,2.0,10.0,8.0,0.15,30.0,0,200,0,55.73,750.0
5400,2.0,10.0,8.0,0.15,30.0,0,200,0,55.73,750.0
5401,2.0,10.0,8.0,0.15,30.0,0,200,0,55.73,740.0
5402,2.0,10.0,8.0,0.15,30.0,0,200,0,55.73,700.0
5403,2.0,10.0,8.0,0.15,30.0,0,200,0,55.73,820.0
5404,2.0,10.0,8.0,0.15,30.0,0,200,0,55.73,600.0
5405,2.0,10.0,8.0,0.15,30.0,0,200,0,55.73,580.0
5406,2.0,10.0,8.0,0.15,30.0,0,200,0,55.73,560.0
5407,2.0,10.0,8.0,0.15,30.0,0,200,0,55.73,610.0
5408,2.0,10.0,8.0,0.15,30.0,0,200,0,55.73,550.0
5409,2.0,10.0,8.0,0.15,30.0,0,200,0,55.73,580.0
5410,2.0,10.0,8.0,0.15,30.0,0,200,0,55.73,590.0
5411,2.0,10.0,8.0,0.15,30.0,0,200,0,55.73,630.0
5412,2.0,10.0,8.0,0.15,30.0,0,200,0,55.73,610.0
5413,2.0,10.0,8.0,0.15,30.0,0,200,0,55.73,580.0
5414,2.0,10.0,8.0,0.15,30.0,0,200,0,55.73,580.0
5415,2.0,10.0,8.0,0.15,30.0,0,200,0,55.73,620.0
5416,2.0,10.0,8.0,0.15,30.0,0,200,0,55.73,600.0
5417,2.0,10.0,8.0,0.15,30.0,0,200,0,55.73,550.0
5418,2.0,10.0,8.0,0.15,30.0,0,200,0,55.73,610.0
