,,Microgel Conc. (%),Microgel Size (um),Fluid Phase Ca2+ (mM),Fluid Phase Na+ (mM),Est. Volume Fraction,Shear rate (1/s),Resuspension_encoded,Log_viscosity
Flow,0,0.5,500,0.9,153,0.65,0.0125887,2,5.143819126328662
Flow,1,0.5,500,0.9,153,0.65,0.0158488,2,4.985638802005852
Flow,2,0.5,500,0.9,153,0.65,0.019953,2,4.809228772424833
Flow,3,0.5,500,0.9,153,0.65,0.0251192,2,4.615229421801988
Flow,4,0.5,500,0.9,153,0.65,0.031623,2,4.437442419907094
Flow,5,0.5,500,0.9,153,0.65,0.0398111,2,4.264267348735471
Flow,6,0.5,500,0.9,153,0.65,0.0501192,2,4.089698787302206
Flow,7,0.5,500,0.9,153,0.65,0.0630965,2,3.9407192998944454
Flow,8,0.5,500,0.9,153,0.65,0.0794333,2,3.7723769563371015
Flow,9,0.5,500,0.9,153,0.65,0.100001,2,3.6236046619953957
Flow,10,0.5,500,0.9,153,0.65,0.125894,2,3.4533279920694535
Flow,11,0.5,500,0.9,153,0.65,0.158491,2,3.3007470136968844
Flow,12,0.5,500,0.9,153,0.65,0.199527,2,3.154776673860103
Flow,13,0.5,500,0.9,153,0.65,0.25119,2,3.0049149831286437
Flow,14,0.5,500,0.9,153,0.65,0.316229,2,2.8425228173034838
Flow,15,0.5,500,0.9,153,0.65,0.398111,2,2.692022440025013
Flow,16,0.5,500,0.9,153,0.65,0.501188,2,2.531694811286759
Flow,17,0.5,500,0.9,153,0.65,0.630961,2,2.3685881661515595
Flow,18,0.5,500,0.9,153,0.65,0.794329,2,2.2016082881536496
Flow,19,0.5,500,0.9,153,0.65,1.0,2,2.02586010517481
Flow,20,0.5,500,0.9,153,0.65,1.25893,2,1.8457582671048722
Flow,21,0.5,500,0.9,153,0.65,1.5849,2,1.6650012770813873
Flow,22,0.5,500,0.9,153,0.65,1.99527,2,1.4809566037855495
Flow,23,0.5,500,0.9,153,0.65,2.5119,2,1.2954693578564807
Flow,24,0.5,500,0.9,153,0.65,3.16228,2,1.1053230543595518
Flow,25,0.5,500,0.9,153,0.65,3.9811,2,0.9154944148979351
Flow,26,0.5,500,0.9,153,0.65,5.01188,2,0.7268285413287213
Flow,27,0.5,500,0.9,153,0.65,6.30959,2,0.542440563135242
Flow,28,0.5,500,0.9,153,0.65,7.94332,2,0.35947701446974273
Flow,29,0.5,500,0.9,153,0.65,10.0,2,0.18132105646037117
Flow,30,0.5,500,0.9,153,0.7,0.0125889,2,5.726512186406848
Flow,31,0.5,500,0.9,153,0.7,0.0158493,2,5.528504056627644
Flow,32,0.5,500,0.9,153,0.7,0.0199526,2,5.313205979041787
Flow,33,0.5,500,0.9,153,0.7,0.0251188,2,5.116429715603322
Flow,34,0.5,500,0.9,153,0.7,0.0316231,2,4.930855885089916
Flow,35,0.5,500,0.9,153,0.7,0.0398111,2,4.744575543055134
Flow,36,0.5,500,0.9,153,0.7,0.0501186,2,4.561054230664055
Flow,37,0.5,500,0.9,153,0.7,0.0630957,2,4.395666931399797
Flow,38,0.5,500,0.9,153,0.7,0.0794333,2,4.231056931837201
Flow,39,0.5,500,0.9,153,0.7,0.1,2,4.056907457493205
Flow,40,0.5,500,0.9,153,0.7,0.125892,2,3.8969113980728896
Flow,41,0.5,500,0.9,153,0.7,0.158489,2,3.7470540181650085
Flow,42,0.5,500,0.9,153,0.7,0.199525,2,3.591148095620593
Flow,43,0.5,500,0.9,153,0.7,0.251187,2,3.445874336266664
Flow,44,0.5,500,0.9,153,0.7,0.316224,2,3.2900758587791237
Flow,45,0.5,500,0.9,153,0.7,0.398104,2,3.1353898626584495
Flow,46,0.5,500,0.9,153,0.7,0.501182,2,2.9733588445770986
Flow,47,0.5,500,0.9,153,0.7,0.630952,2,2.81174933743337
Flow,48,0.5,500,0.9,153,0.7,0.794323,2,2.647174297717206
Flow,49,0.5,500,0.9,153,0.7,0.999995,2,2.4773447975807104
Flow,50,0.5,500,0.9,153,0.7,1.25891,2,2.307811411965627
Flow,51,0.5,500,0.9,153,0.7,1.58489,2,2.13132691075657
Flow,52,0.5,500,0.9,153,0.7,1.99524,2,1.9550468533888992
Flow,53,0.5,500,0.9,153,0.7,2.51187,2,1.7735394888852296
Flow,54,0.5,500,0.9,153,0.7,3.16226,2,1.5968490035936875
Flow,55,0.5,500,0.9,153,0.7,3.98106,2,1.4177155057946342
Flow,56,0.5,500,0.9,153,0.7,5.01182,2,1.246175605094312
Flow,57,0.5,500,0.9,153,0.7,6.30954,2,1.0792561616758316
Flow,58,0.5,500,0.9,153,0.7,7.94324,2,0.9148577055822714
Flow,59,0.5,500,0.9,153,0.7,9.99993,2,0.7625659613346581
Flow,60,0.5,500,0.9,153,0.8,0.0125893,2,6.2406636841815155
Flow,61,0.5,500,0.9,153,0.8,0.0158496,2,6.074027921384335
Flow,62,0.5,500,0.9,153,0.8,0.0199533,2,5.854624830867978
Flow,63,0.5,500,0.9,153,0.8,0.0251194,2,5.671255839418541
Flow,64,0.5,500,0.9,153,0.8,0.0316237,2,5.470209727851452
Flow,65,0.5,500,0.9,153,0.8,0.0398116,2,5.295979636184443
Flow,66,0.5,500,0.9,153,0.8,0.0501198,2,5.1160638074421865
Flow,67,0.5,500,0.9,153,0.8,0.0630965,2,4.947929758680131
Flow,68,0.5,500,0.9,153,0.8,0.0794336,2,4.777895849108599
Flow,69,0.5,500,0.9,153,0.8,0.100002,2,4.618194993710781
Flow,70,0.5,500,0.9,153,0.8,0.125895,2,4.4596344573424735
Flow,71,0.5,500,0.9,153,0.8,0.158492,2,4.306632065978904
Flow,72,0.5,500,0.9,153,0.8,0.199528,2,4.154956634940188
Flow,73,0.5,500,0.9,153,0.8,0.25119,2,4.003354371148445
Flow,74,0.5,500,0.9,153,0.8,0.316229,2,3.8520415517347444
Flow,75,0.5,500,0.9,153,0.8,0.398113,2,3.7068225103418184
Flow,76,0.5,500,0.9,153,0.8,0.501191,2,3.551067484305908
Flow,77,0.5,500,0.9,153,0.8,0.63096,2,3.406824851045654
Flow,78,0.5,500,0.9,153,0.8,0.794335,2,3.248815137230858
Flow,79,0.5,500,0.9,153,0.8,1.00001,2,3.0945997550151527
Flow,80,0.5,500,0.9,153,0.8,1.25893,2,2.937069787988574
Flow,81,0.5,500,0.9,153,0.8,1.58491,2,2.780339854449148
Flow,82,0.5,500,0.9,153,0.8,1.99528,2,2.620384064349637
Flow,83,0.5,500,0.9,153,0.8,2.5119,2,2.466623866942899
Flow,84,0.5,500,0.9,153,0.8,3.16231,2,2.3186159100665735
Flow,85,0.5,500,0.9,153,0.8,3.98111,2,2.1816934807159587
Flow,86,0.5,500,0.9,153,0.8,5.0119,2,2.0613984904213676
Flow,87,0.5,500,0.9,153,0.8,6.30964,2,1.950819506984154
Flow,88,0.5,500,0.9,153,0.8,7.94335,2,1.8449731684572663
Flow,89,0.5,500,0.9,153,0.8,10.0001,2,1.7348698427909475
Flow,90,0.5,500,0.9,153,0.9,0.0125887,2,6.429143505747326
Flow,91,0.5,500,0.9,153,0.9,0.0158491,2,6.297849377515471
Flow,92,0.5,500,0.9,153,0.9,0.0199526,2,6.125260904626207
Flow,93,0.5,500,0.9,153,0.9,0.0251193,2,5.947269683354003
Flow,94,0.5,500,0.9,153,0.9,0.0316232,2,5.7673611602990285
Flow,95,0.5,500,0.9,153,0.9,0.0398115,2,5.597276859177311
Flow,96,0.5,500,0.9,153,0.9,0.0501195,2,5.41657584471927
Flow,97,0.5,500,0.9,153,0.9,0.0630966,2,5.252205362903025
Flow,98,0.5,500,0.9,153,0.9,0.0794335,2,5.087781503272909
Flow,99,0.5,500,0.9,153,0.9,0.100001,2,4.935344058059297
Flow,100,0.5,500,0.9,153,0.9,0.125894,2,4.774043384291059
Flow,101,0.5,500,0.9,153,0.9,0.158491,2,4.624933596829042
Flow,102,0.5,500,0.9,153,0.9,0.199527,2,4.483439744566884
Flow,103,0.5,500,0.9,153,0.9,0.25119,2,4.333772139508188
Flow,104,0.5,500,0.9,153,0.9,0.316229,2,4.1893516658004355
Flow,105,0.5,500,0.9,153,0.9,0.398108,2,4.042156130476514
Flow,106,0.5,500,0.9,153,0.9,0.501189,2,3.894453562718041
Flow,107,0.5,500,0.9,153,0.9,0.630959,2,3.7501579797357287
Flow,108,0.5,500,0.9,153,0.9,0.79433,2,3.6015771257111395
Flow,109,0.5,500,0.9,153,0.9,1.00001,2,3.4548771594648504
Flow,110,0.5,500,0.9,153,0.9,1.25892,2,3.3094000246647837
Flow,111,0.5,500,0.9,153,0.9,1.58489,2,3.1698242265278336
Flow,112,0.5,500,0.9,153,0.9,1.99527,2,3.031398600430801
Flow,113,0.5,500,0.9,153,0.9,2.51189,2,2.897540445787456
Flow,114,0.5,500,0.9,153,0.9,3.16228,2,2.769251911273085
Flow,115,0.5,500,0.9,153,0.9,3.9811,2,2.644698530933864
Flow,116,0.5,500,0.9,153,0.9,5.01192,2,2.5185428884935304
Flow,117,0.5,500,0.9,153,0.9,6.3096,2,2.389294757806467
Flow,118,0.5,500,0.9,153,0.9,7.94331,2,2.256105457496245
Flow,119,0.5,500,0.9,153,0.9,10.0,2,2.118996333637963
Flow,120,2.0,900,0.9,153,0.9,2.62158,1,2.547497963847781
Flow,121,2.0,900,0.9,153,0.9,1.73432,1,2.8901217266409556
Flow,122,2.0,900,0.9,153,0.9,1.14888,1,3.245256767524503
Flow,123,2.0,900,0.9,153,0.9,0.753077,1,3.6426470161722335
Flow,124,2.0,900,0.9,153,0.9,0.493628,1,4.03267658379841
Flow,125,2.0,900,0.9,153,0.9,0.323462,1,4.400060541843668
Flow,126,2.0,900,0.9,153,0.9,0.214052,1,4.791085278292176
Flow,127,2.0,900,0.9,153,0.9,0.141799,1,5.121824788202525
Flow,128,2.0,900,0.9,153,0.9,0.0929509,1,5.477889313293239
Flow,129,2.0,900,0.9,153,0.9,0.0609376,1,5.8399641023034
Flow,130,2.0,900,0.9,153,0.9,7.92024,1,1.6519800266997695
Flow,131,2.0,900,0.9,153,0.9,5.18792,1,1.7877999740962036
Flow,132,2.0,900,0.9,153,0.9,3.37715,1,2.1684546638401057
Flow,133,2.0,900,0.9,153,0.9,2.19557,1,2.5461193339559895
Flow,134,2.0,900,0.9,153,0.9,1.42915,1,2.929100897255391
Flow,135,2.0,900,0.9,153,0.9,0.922547,1,3.3275149599746294
Flow,136,2.0,900,0.9,153,0.9,0.599845,1,3.7093093356254445
Flow,137,2.0,900,0.9,153,0.9,0.390284,1,4.079841567035105
Flow,138,2.0,900,0.9,153,0.9,0.253773,1,4.483425061614187
Flow,139,2.0,900,0.9,153,0.9,0.165207,1,4.858602370239999
Flow,140,2.0,900,0.9,153,0.9,0.106647,1,5.169449369088171
Flow,141,2.0,900,0.9,153,0.9,0.0693187,1,5.5287304308092455
Flow,142,2.0,900,0.9,153,0.9,0.0451367,1,5.941409958891278
Flow,143,2.0,900,0.9,153,0.9,0.029139,1,6.315988905534679
Flow,144,2.0,900,0.9,153,0.9,0.0189371,1,6.690745378314059
Flow,145,2.0,900,0.9,153,0.9,0.0123384,1,7.090068502408036
Flow,146,2.0,900,0.9,153,0.9,8.75017,1,1.5597034025105432
Flow,147,2.0,900,0.9,153,0.9,7.08291,1,1.4261903270079508
Flow,148,2.0,900,0.9,153,0.9,5.64925,1,1.6122998132863378
Flow,149,2.0,900,0.9,153,0.9,4.5273,1,1.814827999482736
Flow,150,2.0,900,0.9,153,0.9,3.61099,1,2.0233578442429194
Flow,151,2.0,900,0.9,153,0.9,2.87935,1,2.2098468030438414
Flow,152,2.0,900,0.9,153,0.9,2.30762,1,2.4309695126490096
Flow,153,2.0,900,0.9,153,0.9,1.84049,1,2.6488591345875188
Flow,154,2.0,900,0.9,153,0.9,1.46733,1,2.8596490563643244
Flow,155,2.0,900,0.9,153,0.9,1.17622,1,3.0569684730245643
Flow,156,2.0,900,0.9,153,0.9,0.937978,1,3.2488694840020904
Flow,157,2.0,900,0.9,153,0.9,0.74802,1,3.464469476220002
Flow,158,2.0,900,0.9,153,0.9,0.599346,1,3.647640706097339
Flow,159,2.0,900,0.9,153,0.9,0.478162,1,3.8418408556014043
Flow,160,2.0,900,0.9,153,0.9,0.381155,1,4.043112669458204
Flow,161,2.0,900,0.9,153,0.9,0.305473,1,4.248339515638917
Flow,162,2.0,900,0.9,153,0.9,0.243706,1,4.455042403447726
Flow,163,2.0,900,0.9,153,0.9,0.194254,1,4.625159070447133
Flow,164,2.0,900,0.9,153,0.9,0.155707,1,4.842902797545594
Flow,165,2.0,900,0.9,153,0.9,0.124197,1,5.093750200806762
Flow,166,2.0,900,0.9,153,0.9,0.0990439,1,5.255305475954746
Flow,167,2.0,900,0.9,153,0.9,0.0793479,1,5.399550877826515
Flow,168,2.0,900,0.9,153,0.9,0.0632963,1,5.5952651295997295
Flow,169,2.0,900,0.9,153,0.9,0.0504746,1,5.818054167572684
Flow,170,2.0,900,0.9,153,0.9,0.0404553,1,6.018396114781391
Flow,171,2.0,900,0.9,153,0.9,0.0322571,1,6.206087904435613
Flow,172,2.0,900,0.9,153,0.9,0.0257276,1,6.408761054034941
Flow,173,2.0,900,0.9,153,0.9,0.0206169,1,6.601247781616364
Flow,174,2.0,900,0.9,153,0.9,0.0164454,1,6.791715722582128
Flow,175,2.0,900,0.9,153,0.9,0.0131083,1,6.972109408120549
Flow,176,2.0,900,0.9,153,0.9,0.0105086,1,7.154818461286573
Flow,187,2.0,900,0.9,153,0.9,0.86581,1,3.7094783329451575
Flow,188,2.0,900,0.9,153,0.9,0.704861,1,3.6233350939565256
Flow,189,2.0,900,0.9,153,0.9,0.562243,1,3.7935817531947524
Flow,190,2.0,900,0.9,153,0.9,0.448332,1,3.963054465540094
Flow,191,2.0,900,0.9,153,0.9,0.357567,1,4.18953352255843
Flow,192,2.0,900,0.9,153,0.9,0.285125,1,4.378108970639777
Flow,193,2.0,900,0.9,153,0.9,0.227444,1,4.5871630258756
Flow,194,2.0,900,0.9,153,0.9,0.18128,1,4.726892120653116
Flow,195,2.0,900,0.9,153,0.9,0.144613,1,4.9864382253704065
Flow,196,2.0,900,0.9,153,0.9,0.115347,1,5.16353376166146
Flow,197,2.0,900,0.9,153,0.9,0.0924885,1,5.323219713240235
Flow,198,2.0,900,0.9,153,0.9,0.0742772,1,5.5158089756859585
Flow,199,2.0,900,0.9,153,0.9,0.0592217,1,5.711370280971125
Flow,200,2.0,900,0.9,153,0.9,0.0472332,1,5.885584452047708
Flow,201,2.0,900,0.9,153,0.9,0.0376643,1,6.052639605641622
Flow,202,2.0,900,0.9,153,0.9,0.030019,1,6.253540308423979
Flow,203,2.0,900,0.9,153,0.9,0.0239567,1,6.477307691276219
Flow,204,2.0,900,0.9,153,0.9,0.0191093,1,6.682306572838857
Flow,205,2.0,900,0.9,153,0.9,0.0152229,1,6.870601548148306
Flow,206,2.0,900,0.9,153,0.9,0.01215,1,7.060407694114044
Flow,221,0.25,500,0.9,153,0.9,0.0158473,1,4.062046896047933
Flow,222,0.25,500,0.9,153,0.9,0.025118,1,3.875037392576174
Flow,223,0.25,500,0.9,153,0.9,0.0398107,1,3.505040747029274
Flow,224,0.25,500,0.9,153,0.9,0.0630961,1,3.08218516128419
Flow,225,0.25,500,0.9,153,0.9,0.0999991,1,2.6175272110648953
Flow,226,0.25,500,0.9,153,0.9,0.158488,1,2.186690398299088
Flow,227,0.25,500,0.9,153,0.9,0.251188,1,1.7281236516421181
Flow,228,0.25,500,0.9,153,0.9,0.398105,1,1.3273163516429656
Flow,229,0.25,500,0.9,153,0.9,0.630954,1,0.9517891412270257
Flow,230,0.25,500,0.9,153,0.9,1.0,1,0.5292272701465423
Flow,231,0.25,500,0.9,153,0.9,1.58489,1,0.09557378142200183
Flow,232,0.25,500,0.9,153,0.9,2.51187,1,-0.3472070490996438
Flow,233,0.25,500,0.9,153,0.9,3.98106,1,-0.7778579332889494
Flow,234,0.25,500,0.9,153,0.9,6.30955,1,-1.1944384015430152
Flow,235,0.25,500,0.9,153,0.9,10.0,1,-1.5839261232653772
Flow,236,0.25,500,0.9,153,0.9,1.0,1,0.5180435120244633
Flow,237,0.25,500,0.9,153,0.9,0.630961,1,0.9420286515991484
Flow,238,0.25,500,0.9,153,0.9,0.398108,1,1.3420524628896318
Flow,239,0.25,500,0.9,153,0.9,0.251188,1,1.743580618168683
Flow,240,0.25,500,0.9,153,0.9,0.158491,1,2.146553311670907
Flow,241,0.25,500,0.9,153,0.9,0.1,1,2.544299140293295
Flow,242,0.25,500,0.9,153,0.9,0.0630959,1,2.977751585518041
Flow,243,0.25,500,0.9,153,0.9,0.0398106,1,3.387642595892574
Flow,244,0.25,500,0.9,153,0.9,0.0251186,1,3.7884623112004325
Flow,245,0.25,500,0.9,153,0.9,0.0158482,1,4.216799629883288
Flow,246,0.25,500,0.9,153,0.9,0.0100002,1,4.6226858865341125
Flow,247,0.5,600,0.9,153,0.9,0.0158485,1,6.601871217528943
Flow,248,0.5,600,0.9,153,0.9,0.0251188,1,6.212604091741495
Flow,249,0.5,600,0.9,153,0.9,0.0398113,1,5.788270671101393
Flow,250,0.5,600,0.9,153,0.9,0.063096,1,5.3490675134576975
Flow,251,0.5,600,0.9,153,0.9,0.0999997,1,4.890912879058821
Flow,252,0.5,600,0.9,153,0.9,0.15849,1,4.38729025747396
Flow,253,0.5,600,0.9,153,0.9,0.251186,1,3.859684954946643
Flow,254,0.5,600,0.9,153,0.9,0.39811,1,3.2662592858087023
Flow,255,0.5,600,0.9,153,0.9,0.630948,1,2.659308035780815
Flow,256,0.5,600,0.9,153,0.9,1.00001,1,2.0810639748231092
Flow,257,0.5,600,0.9,153,0.9,1.58488,1,1.5546838998210768
Flow,258,0.5,600,0.9,153,0.9,2.51188,1,1.1176662697855864
Flow,259,0.5,600,0.9,153,0.9,3.98107,1,0.7177958897475522
Flow,260,0.5,600,0.9,153,0.9,6.30956,1,0.3896134653829546
Flow,261,0.5,600,0.9,153,0.9,9.99993,1,0.07423510692889662
Flow,262,0.5,600,0.9,153,0.9,0.999986,1,2.2205330345934473
Flow,263,0.5,600,0.9,153,0.9,0.630974,1,2.631896034355372
Flow,264,0.5,600,0.9,153,0.9,0.398111,1,3.113893015648094
Flow,265,0.5,600,0.9,153,0.9,0.251191,1,3.6206380858919425
Flow,266,0.5,600,0.9,153,0.9,0.158488,1,4.146149225838117
Flow,267,0.5,600,0.9,153,0.9,0.100001,1,4.652521219868017
Flow,268,0.5,600,0.9,153,0.9,0.0630962,1,5.168202986423981
Flow,269,0.5,600,0.9,153,0.9,0.0398105,1,5.647063964044638
Flow,270,0.5,600,0.9,153,0.9,0.025119,1,6.133565057248558
Flow,271,0.5,600,0.9,153,0.9,0.0158488,1,6.588839816281981
Flow,272,0.5,600,0.9,153,0.9,0.00999905,1,7.056709624073997
Flow,273,1.0,650,0.9,153,0.9,0.0158456,1,9.527498718992348
Flow,274,1.0,650,0.9,153,0.9,0.0251212,1,9.106945700557544
Flow,275,1.0,650,0.9,153,0.9,0.0398117,1,8.613677227436238
Flow,276,1.0,650,0.9,153,0.9,0.0630943,1,8.105992667208538
Flow,277,1.0,650,0.9,153,0.9,0.100001,1,7.612445580637066
Flow,278,1.0,650,0.9,153,0.9,0.158493,1,7.048577528598063
Flow,279,1.0,650,0.9,153,0.9,0.251184,1,6.48537084287249
Flow,280,1.0,650,0.9,153,0.9,0.398113,1,5.891423192927756
Flow,281,1.0,650,0.9,153,0.9,0.630965,1,5.239946453221707
Flow,282,1.0,650,0.9,153,0.9,0.999996,1,4.613396258885302
Flow,283,1.0,650,0.9,153,0.9,1.58484,1,4.0508053377071915
Flow,284,1.0,650,0.9,153,0.9,2.51192,1,3.5131709825902275
Flow,285,1.0,650,0.9,153,0.9,3.98112,1,3.0236440891894203
Flow,286,1.0,650,0.9,153,0.9,6.30953,1,2.5552796795293453
Flow,287,1.0,650,0.9,153,0.9,10.0002,1,2.1262750309040217
Flow,288,1.0,650,0.9,153,0.9,0.99997,1,4.796781789689138
Flow,289,1.0,650,0.9,153,0.9,0.63095,1,5.183960953309555
Flow,290,1.0,650,0.9,153,0.9,0.398121,1,5.669867129781946
Flow,291,1.0,650,0.9,153,0.9,0.251194,1,6.23713837484788
Flow,292,1.0,650,0.9,153,0.9,0.158488,1,6.816003958917355
Flow,293,1.0,650,0.9,153,0.9,0.1,1,7.381315077555639
Flow,294,1.0,650,0.9,153,0.9,0.0630973,1,7.896232709974976
Flow,295,1.0,650,0.9,153,0.9,0.0398109,1,8.405854844071875
Flow,296,1.0,650,0.9,153,0.9,0.0251179,1,8.917873537452223
Flow,297,1.0,650,0.9,153,0.9,0.0158488,1,9.409494463430187
Flow,298,1.0,650,0.9,153,0.9,0.00999927,1,9.841792983530288
Flow,299,2.0,690,0.9,153,0.9,0.0158559,1,10.758708938718843
Flow,300,2.0,690,0.9,153,0.9,0.0251225,1,10.174906850015228
Flow,301,2.0,690,0.9,153,0.9,0.0398132,1,9.562172608914851
Flow,302,2.0,690,0.9,153,0.9,0.0631044,1,9.007156298401577
Flow,303,2.0,690,0.9,153,0.9,0.0999983,1,8.346191324504973
Flow,304,2.0,690,0.9,153,0.9,0.0158457,1,10.327695903461427
Flow,305,2.0,690,0.9,153,0.9,0.0251252,1,9.81680157714311
Flow,306,2.0,690,0.9,153,0.9,0.0398139,1,9.209238765430436
Flow,307,2.0,690,0.9,153,0.9,0.0630957,1,8.672768570163564
Flow,308,2.0,690,0.9,153,0.9,0.0999978,1,8.106137484994829
Flow,309,2.0,690,0.9,153,0.9,0.158489,1,7.586590530734326
Flow,310,2.0,690,0.9,153,0.9,0.251195,1,6.9719312344007
Flow,311,2.0,690,0.9,153,0.9,0.398119,1,6.130761163844652
Flow,312,2.0,690,0.9,153,0.9,0.630954,1,5.3497041565647345
Flow,313,2.0,690,0.9,153,0.9,0.999972,1,4.591406905071181
Flow,314,2.0,690,0.9,153,0.9,1.58484,1,3.937289112075945
Flow,315,2.0,690,0.9,153,0.9,2.51184,1,3.3844173816221383
Flow,316,2.0,690,0.9,153,0.9,3.98083,1,2.937832997107809
Flow,317,2.0,690,0.9,153,0.9,6.30949,1,2.527127665221963
Flow,318,2.0,690,0.9,153,0.9,9.99994,1,2.1539876321314333
Flow,319,2.0,690,0.9,153,0.9,9.99997,1,2.8853982996192897
Flow,320,2.0,690,0.9,153,0.9,6.30973,1,3.132315255340525
Flow,321,2.0,690,0.9,153,0.9,3.98114,1,3.430940632911353
Flow,322,2.0,690,0.9,153,0.9,2.51193,1,3.626581088619701
Flow,323,2.0,690,0.9,153,0.9,1.58489,1,3.897599484762422
Flow,324,2.0,690,0.9,153,0.9,1.0,1,4.41235092055708
Flow,325,2.0,690,0.9,153,0.9,0.630915,1,5.035991101358564
Flow,326,2.0,690,0.9,153,0.9,0.398166,1,5.7472697142532505
Flow,327,2.0,690,0.9,153,0.9,0.251203,1,6.443447398121184
Flow,328,2.0,690,0.9,153,0.9,0.158489,1,7.160908016536683
Flow,329,2.0,690,0.9,153,0.9,0.0999969,1,7.808339303814433
Flow,330,2.0,690,0.9,153,0.9,0.0630913,1,8.440178228826374
Flow,331,2.0,690,0.9,153,0.9,0.039813,1,9.03380484378773
Flow,332,2.0,690,0.9,153,0.9,0.0251216,1,9.583123873627976
Flow,333,2.0,690,0.9,153,0.9,0.0158474,1,10.0551136196374
Flow,334,2.0,690,0.9,153,0.9,0.0100003,1,10.515923468654924
Flow,335,2.0,690,0.9,153,0.9,1.00003,1,5.343094728279623
Flow,336,2.0,690,0.9,153,0.9,0.630942,1,5.644237686276396
Flow,337,2.0,690,0.9,153,0.9,0.398113,1,6.236711997329118
Flow,338,2.0,690,0.9,153,0.9,0.251185,1,6.897079495051506
Flow,339,2.0,690,0.9,153,0.9,0.158484,1,7.568905988598916
Flow,340,2.0,690,0.9,153,0.9,0.100004,1,8.229663107413627
Flow,341,2.0,690,0.9,153,0.9,0.0630934,1,8.85425810950994
Flow,342,2.0,690,0.9,153,0.9,0.0398104,1,9.464393269447486
Flow,343,2.0,690,0.9,153,0.9,0.0251185,1,10.046192984678644
Flow,344,2.0,690,0.9,153,0.9,0.0158483,1,10.486959366286973
Flow,345,2.0,690,0.9,153,0.9,0.0100003,1,10.935386512441584
Flow,347,0.5,250,2.0,0,0.65,0.0158487,1,9.246460128282543
Flow,348,0.5,250,2.0,0,0.65,0.0251196,1,8.80400238301835
Flow,349,0.5,250,2.0,0,0.65,0.039811,1,8.344547868508368
Flow,350,0.5,250,2.0,0,0.65,0.0630937,1,7.884241364079559
Flow,351,0.5,250,2.0,0,0.65,0.1,1,7.442715310790837
Flow,352,0.5,250,2.0,0,0.65,0.158488,1,7.004872915261524
Flow,353,0.5,250,2.0,0,0.65,0.251188,1,6.562237857739282
Flow,354,0.5,250,2.0,0,0.65,0.3981,1,6.12431570842764
Flow,355,0.5,250,2.0,0,0.65,0.630943,1,5.683984447349442
Flow,356,0.5,250,2.0,0,0.65,1.00004,1,5.210725821293341
Flow,357,0.5,250,2.0,0,0.65,1.58485,1,4.762891625913813
Flow,358,0.5,250,2.0,0,0.65,2.51188,1,4.297199688259397
Flow,359,0.5,250,2.0,0,0.65,3.9809,1,3.8334926535678235
Flow,360,0.5,250,2.0,0,0.65,6.30917,1,3.372743035950562
Flow,361,0.5,250,2.0,0,0.65,9.99994,1,2.8856327688267416
Flow,362,0.5,250,2.0,0,0.65,1.00001,1,5.324852183676186
Flow,363,0.5,250,2.0,0,0.65,0.630968,1,5.591475667054284
Flow,364,0.5,250,2.0,0,0.65,0.398114,1,6.012401334922472
Flow,365,0.5,250,2.0,0,0.65,0.251189,1,6.42398046069246
Flow,366,0.5,250,2.0,0,0.65,0.158492,1,6.857783216646148
Flow,367,0.5,250,2.0,0,0.65,0.100002,1,7.272828855463155
Flow,368,0.5,250,2.0,0,0.65,0.0630961,1,7.701087103455844
Flow,369,0.5,250,2.0,0,0.65,0.0398109,1,8.106819053714892
Flow,370,0.5,250,2.0,0,0.65,0.0251193,1,8.510971879122936
Flow,371,0.5,250,2.0,0,0.65,0.0158475,1,8.924077292277817
Flow,372,0.5,250,2.0,0,0.65,0.00999976,1,9.369470064493461
Flow,374,2.0,800,0.9,153,0.65,0.0158487,2,6.096790312162013
Flow,375,2.0,800,0.9,153,0.65,0.0251188,2,5.6814516541711875
Flow,376,2.0,800,0.9,153,0.65,0.0398119,2,5.2153813105094615
Flow,377,2.0,800,0.9,153,0.65,0.0630972,2,4.720550337028165
Flow,378,2.0,800,0.9,153,0.65,0.100001,2,4.262212162045905
Flow,379,2.0,800,0.9,153,0.65,0.158486,2,3.792874537993934
Flow,380,2.0,800,0.9,153,0.65,0.251182,2,3.355313988736841
Flow,381,2.0,800,0.9,153,0.65,0.398105,2,2.9141154108816685
Flow,382,2.0,800,0.9,153,0.65,0.630968,2,2.4653160000229963
Flow,383,2.0,800,0.9,153,0.65,0.999978,2,2.0609503790378234
Flow,384,2.0,800,0.9,153,0.65,1.58485,2,1.6525950982715263
Flow,385,2.0,800,0.9,153,0.65,2.51189,2,1.2635531163347695
Flow,386,2.0,800,0.9,153,0.65,3.98106,2,0.8778409214989557
Flow,387,2.0,800,0.9,153,0.65,6.30956,2,0.5068657939783019
Flow,388,2.0,800,0.9,153,0.65,9.99996,2,0.12894715102713936
Flow,389,2.0,800,0.9,153,0.65,1.0,2,2.072280965838975
Flow,390,2.0,800,0.9,153,0.65,0.630939,2,2.5160580343295553
Flow,391,2.0,800,0.9,153,0.65,0.398103,2,2.9587622257522557
Flow,392,2.0,800,0.9,153,0.65,0.25119,2,3.412648236331178
Flow,393,2.0,800,0.9,153,0.65,0.158492,2,3.890478582085575
Flow,394,2.0,800,0.9,153,0.65,0.100002,2,4.350615943744497
Flow,395,2.0,800,0.9,153,0.65,0.0630961,2,4.746513486053488
Flow,396,2.0,800,0.9,153,0.65,0.0398109,2,5.230900038953996
Flow,397,2.0,800,0.9,153,0.65,0.0251195,2,5.696871985465793
Flow,398,2.0,800,0.9,153,0.65,0.0158478,2,6.095549749899945
Flow,399,2.0,800,0.9,153,0.65,0.00999932,2,6.5987746609060665
Flow,401,2.0,800,0.9,153,0.75,0.0158502,2,7.000498530680032
Flow,402,2.0,800,0.9,153,0.75,0.0251198,2,6.5311399839780275
Flow,403,2.0,800,0.9,153,0.75,0.0398128,2,6.075116119603592
Flow,404,2.0,800,0.9,153,0.75,0.0630949,2,5.600161186405912
Flow,405,2.0,800,0.9,153,0.75,0.0999999,2,5.130602609143235
Flow,406,2.0,800,0.9,153,0.75,0.158487,2,4.64418895567524
Flow,407,2.0,800,0.9,153,0.75,0.251181,2,4.181477459605606
Flow,408,2.0,800,0.9,153,0.75,0.398105,2,3.735266733667058
Flow,409,2.0,800,0.9,153,0.75,0.630949,2,3.28600349127449
Flow,410,2.0,800,0.9,153,0.75,0.999985,2,2.8784453648062973
Flow,411,2.0,800,0.9,153,0.75,1.58485,2,2.4662928155972077
Flow,412,2.0,800,0.9,153,0.75,2.51187,2,2.065184136183028
Flow,413,2.0,800,0.9,153,0.75,3.98099,2,1.6986202644844315
Flow,414,2.0,800,0.9,153,0.75,6.30957,2,1.3405671263892516
Flow,415,2.0,800,0.9,153,0.75,9.9999,2,0.976700742427946
Flow,416,2.0,800,0.9,153,0.75,0.999997,2,2.983163617878136
Flow,417,2.0,800,0.9,153,0.75,0.630962,2,3.431121812846171
Flow,418,2.0,800,0.9,153,0.75,0.398118,2,3.886836470878404
Flow,419,2.0,800,0.9,153,0.75,0.251191,2,4.311930029296718
Flow,420,2.0,800,0.9,153,0.75,0.158493,2,4.771743385813907
Flow,421,2.0,800,0.9,153,0.75,0.1,2,5.215261791410711
Flow,422,2.0,800,0.9,153,0.75,0.063096,2,5.669153071954319
Flow,423,2.0,800,0.9,153,0.75,0.03981,2,6.089292010439357
Flow,424,2.0,800,0.9,153,0.75,0.0251187,2,6.559640732918939
Flow,425,2.0,800,0.9,153,0.75,0.01585,2,7.011745856703342
Flow,426,2.0,800,0.9,153,0.75,0.00999941,2,7.422092729061244
Flow,428,2.0,800,0.9,153,0.85,0.0158499,2,7.487604973748369
Flow,429,2.0,800,0.9,153,0.85,0.0251198,2,7.030087949337092
Flow,430,2.0,800,0.9,153,0.85,0.0398117,2,6.529989478335913
Flow,431,2.0,800,0.9,153,0.85,0.063096,2,6.0383218922045305
Flow,432,2.0,800,0.9,153,0.85,0.100002,2,5.538117424837309
Flow,433,2.0,800,0.9,153,0.85,0.158491,2,5.036121087970126
Flow,434,2.0,800,0.9,153,0.85,0.251193,2,4.555199174893277
Flow,435,2.0,800,0.9,153,0.85,0.398112,2,4.094564538025649
Flow,436,2.0,800,0.9,153,0.85,0.630944,2,3.6288321656085487
Flow,437,2.0,800,0.9,153,0.85,0.99998,2,3.170861359766441
Flow,438,2.0,800,0.9,153,0.85,1.58489,2,2.7463217459890616
Flow,439,2.0,800,0.9,153,0.85,2.51191,2,2.3112970335960674
Flow,440,2.0,800,0.9,153,0.85,3.98113,2,1.9052414165993519
Flow,441,2.0,800,0.9,153,0.85,6.3096,2,1.5125348646889472
Flow,442,2.0,800,0.9,153,0.85,10.0001,2,1.093160789545381
Flow,443,2.0,800,0.9,153,0.85,0.999994,2,3.291151834288143
Flow,444,2.0,800,0.9,153,0.85,0.630954,2,3.7000221431324207
Flow,445,2.0,800,0.9,153,0.85,0.398112,2,4.133565275375382
Flow,446,2.0,800,0.9,153,0.85,0.251194,2,4.55754908819419
Flow,447,2.0,800,0.9,153,0.85,0.158495,2,5.003906036678287
Flow,448,2.0,800,0.9,153,0.85,0.100003,2,5.46035543044848
Flow,449,2.0,800,0.9,153,0.85,0.0630962,2,5.900617642057659
Flow,450,2.0,800,0.9,153,0.85,0.0398103,2,6.359727836057545
Flow,451,2.0,800,0.9,153,0.85,0.0251185,2,6.813111577032098
Flow,452,2.0,800,0.9,153,0.85,0.0158478,2,7.2509832158145615
Flow,453,2.0,800,0.9,153,0.85,0.00999946,2,7.736066893029241
Flow,455,2.0,800,0.9,153,0.95,0.015849,2,7.74770046026699
Flow,456,2.0,800,0.9,153,0.95,0.0251199,2,7.315637463605906
Flow,457,2.0,800,0.9,153,0.95,0.0398125,2,6.821567562690884
Flow,458,2.0,800,0.9,153,0.95,0.0630966,2,6.314145693737225
Flow,459,2.0,800,0.9,153,0.95,0.0999987,2,5.790528816527126
Flow,460,2.0,800,0.9,153,0.95,0.158488,2,5.279414834044973
Flow,461,2.0,800,0.9,153,0.95,0.251186,2,4.810402280615149
Flow,462,2.0,800,0.9,153,0.95,0.39811,2,4.338993864856461
Flow,463,2.0,800,0.9,153,0.95,0.630965,2,3.9030448218866183
Flow,464,2.0,800,0.9,153,0.95,0.999975,2,3.4584689372494832
Flow,465,2.0,800,0.9,153,0.95,1.58492,2,3.0356114237361815
Flow,466,2.0,800,0.9,153,0.95,2.51187,2,2.6330536291323816
Flow,467,2.0,800,0.9,153,0.95,3.98099,2,2.2804805783869297
Flow,468,2.0,800,0.9,153,0.95,6.3096,2,1.996383250033333
Flow,469,2.0,800,0.9,153,0.95,10.0001,2,1.7254059686780339
Flow,470,2.0,800,0.9,153,0.95,0.999978,2,3.578506396632566
Flow,471,2.0,800,0.9,153,0.95,0.630949,2,3.8995252325981657
Flow,472,2.0,800,0.9,153,0.95,0.398107,2,4.2890694344406315
Flow,473,2.0,800,0.9,153,0.95,0.251191,2,4.693080325636203
Flow,474,2.0,800,0.9,153,0.95,0.15849,2,5.101998300110228
Flow,475,2.0,800,0.9,153,0.95,0.100001,2,5.531030978402021
Flow,476,2.0,800,0.9,153,0.95,0.0630957,2,5.994270606438444
Flow,477,2.0,800,0.9,153,0.95,0.0398104,2,6.4282797324252225
Flow,478,2.0,800,0.9,153,0.95,0.025118,2,6.872185094533496
Flow,479,2.0,800,0.9,153,0.95,0.0158484,2,7.3168803479217885
Flow,480,2.0,800,0.9,153,0.95,0.00999887,2,7.78343649376111
Flow,481,2.0,690,0.9,153,0.9,0.0158451,2,9.017051695574533
Flow,482,2.0,690,0.9,153,0.9,0.0251176,2,8.638557362700727
Flow,483,2.0,690,0.9,153,0.9,0.0398096,2,8.154606521897042
Flow,484,2.0,690,0.9,153,0.9,0.0630832,2,7.59991697411079
Flow,485,2.0,690,0.9,153,0.9,0.099998,2,6.97811122106613
Flow,486,2.0,690,0.9,153,0.9,0.158423,2,6.351550417218373
Flow,487,2.0,690,0.9,153,0.9,0.251172,2,5.771011124151649
Flow,488,2.0,690,0.9,153,0.9,0.398098,2,5.257766168692388
Flow,489,2.0,690,0.9,153,0.9,0.630953,2,4.79734305883242
Flow,490,2.0,690,0.9,153,0.9,0.999985,2,4.407473840535905
Flow,491,2.0,690,0.9,153,0.9,1.58485,2,4.025701629499437
Flow,492,2.0,690,0.9,153,0.9,2.51176,2,3.6761158447009983
Flow,493,2.0,690,0.9,153,0.9,3.98076,2,3.2991055919681087
Flow,494,2.0,690,0.9,153,0.9,6.30934,2,2.956981050173137
Flow,495,2.0,690,0.9,153,0.9,9.9998,2,2.6418605398048784
Flow,496,2.0,690,0.9,153,0.9,10.0,2,2.600182842233203
Flow,497,2.0,690,0.9,153,0.9,6.3095,2,3.038422921054244
Flow,498,2.0,690,0.9,153,0.9,3.98121,2,3.418142990388297
Flow,499,2.0,690,0.9,153,0.9,2.51192,2,3.794157966409579
Flow,500,2.0,690,0.9,153,0.9,1.58491,2,4.173780932263969
Flow,501,2.0,690,0.9,153,0.9,1.00001,2,4.583667654673422
Flow,502,2.0,690,0.9,153,0.9,0.630966,2,5.0054887399433765
Flow,503,2.0,690,0.9,153,0.9,0.398122,2,5.4207252466608296
Flow,504,2.0,690,0.9,153,0.9,0.251188,2,5.8471581694107355
Flow,505,2.0,690,0.9,153,0.9,0.158485,2,6.28183300798507
Flow,506,2.0,690,0.9,153,0.9,0.0999987,2,6.738963776791951
Flow,507,2.0,690,0.9,153,0.9,0.06309529999999999,2,7.25240116300674
Flow,508,2.0,690,0.9,153,0.9,0.0398116,2,7.782319440664132
Flow,509,2.0,690,0.9,153,0.9,0.0251192,2,8.319992690081797
Flow,510,2.0,690,0.9,153,0.9,0.0158481,2,8.880525724346152
Flow,511,2.0,690,0.9,153,0.9,0.0100005,2,9.43288374321836
Flow,513,1.0,650,0.9,153,0.9,0.0158491,2,6.5024346604348535
Flow,514,1.0,650,0.9,153,0.9,0.0251184,2,6.077951828450145
Flow,515,1.0,650,0.9,153,0.9,0.03981,2,5.67624682446168
Flow,516,1.0,650,0.9,153,0.9,0.0630956,2,5.258661358667751
Flow,517,1.0,650,0.9,153,0.9,0.0999991,2,4.822496851980737
Flow,518,1.0,650,0.9,153,0.9,0.158491,2,4.364252099408045
Flow,519,1.0,650,0.9,153,0.9,0.251188,2,3.894577717423104
Flow,520,1.0,650,0.9,153,0.9,0.398108,2,3.4220876525536577
Flow,521,1.0,650,0.9,153,0.9,0.630955,2,2.889671512781771
Flow,522,1.0,650,0.9,153,0.9,0.999985,2,2.3898997573207543
Flow,523,1.0,650,0.9,153,0.9,1.58485,2,1.9288395577763207
Flow,524,1.0,650,0.9,153,0.9,2.51184,2,1.4894374200367588
Flow,525,1.0,650,0.9,153,0.9,3.98098,2,1.094791666042319
Flow,526,1.0,650,0.9,153,0.9,6.3096,2,0.7429368450624609
Flow,527,1.0,650,0.9,153,0.9,9.99985,2,0.44094807535349584
Flow,528,1.0,650,0.9,153,0.9,10.0002,2,0.48494765892313757
Flow,529,1.0,650,0.9,153,0.9,6.30966,2,0.7930558619395248
Flow,530,1.0,650,0.9,153,0.9,3.98118,2,1.1414897692287769
Flow,531,1.0,650,0.9,153,0.9,2.51195,2,1.4949873180223656
Flow,532,1.0,650,0.9,153,0.9,1.58487,2,1.884365997458065
Flow,533,1.0,650,0.9,153,0.9,0.999993,2,2.295367105887568
Flow,534,1.0,650,0.9,153,0.9,0.630974,2,2.7305355013212815
Flow,535,1.0,650,0.9,153,0.9,0.398096,2,3.157379072856762
Flow,536,1.0,650,0.9,153,0.9,0.251192,2,3.5965585519639136
Flow,537,1.0,650,0.9,153,0.9,0.15849,2,4.027999966669118
Flow,538,1.0,650,0.9,153,0.9,0.100001,2,4.443995059065412
Flow,539,1.0,650,0.9,153,0.9,0.0630978,2,4.852834627832211
Flow,540,1.0,650,0.9,153,0.9,0.0398119,2,5.24391397766865
Flow,541,1.0,650,0.9,153,0.9,0.0251183,2,5.631620300516777
Flow,542,1.0,650,0.9,153,0.9,0.0158487,2,5.99771994127049
Flow,543,1.0,650,0.9,153,0.9,0.0100002,2,6.413360591673893
Flow,544,0.5,600,0.9,153,0.9,0.0158497,2,5.047449267218972
Flow,545,0.5,600,0.9,153,0.9,0.0251203,2,4.672735372150515
Flow,546,0.5,600,0.9,153,0.9,0.0398114,2,4.316995992464597
Flow,547,0.5,600,0.9,153,0.9,0.063096,2,3.978355541358411
Flow,548,0.5,600,0.9,153,0.9,0.100003,2,3.6213845672304603
Flow,549,0.5,600,0.9,153,0.9,0.158492,2,3.261797373780805
Flow,550,0.5,600,0.9,153,0.9,0.251196,2,2.8906994819665424
Flow,551,0.5,600,0.9,153,0.9,0.398107,2,2.4823032639178852
Flow,552,0.5,600,0.9,153,0.9,0.630977,2,2.046548963577702
Flow,553,0.5,600,0.9,153,0.9,1.00003,2,1.6160003325755044
Flow,554,0.5,600,0.9,153,0.9,1.58491,2,1.2145476925777694
Flow,555,0.5,600,0.9,153,0.9,2.51194,2,0.859068315986119
Flow,556,0.5,600,0.9,153,0.9,3.9812,2,0.5401008906695588
Flow,557,0.5,600,0.9,153,0.9,6.30962,2,0.2820085081809293
Flow,558,0.5,600,0.9,153,0.9,10.0001,2,0.09162156704722374
Flow,559,0.5,600,0.9,153,0.9,9.99984,2,0.16984403528284198
Flow,560,0.5,600,0.9,153,0.9,6.30948,2,0.5272342627000073
Flow,561,0.5,600,0.9,153,0.9,3.98102,2,0.8452844061765846
Flow,562,0.5,600,0.9,153,0.9,2.51186,2,1.157516215250965
Flow,563,0.5,600,0.9,153,0.9,1.58489,2,1.4786615782911061
Flow,564,0.5,600,0.9,153,0.9,1.0,2,1.8069977742668213
Flow,565,0.5,600,0.9,153,0.9,0.630963,2,2.1518354563903395
Flow,566,0.5,600,0.9,153,0.9,0.39811,2,2.503998240043521
Flow,567,0.5,600,0.9,153,0.9,0.251192,2,2.851775294303021
Flow,568,0.5,600,0.9,153,0.9,0.158488,2,3.1889978917098016
Flow,569,0.5,600,0.9,153,0.9,0.099999,2,3.5140229642437273
Flow,570,0.5,600,0.9,153,0.9,0.0630951,2,3.8314765042052814
Flow,571,0.5,600,0.9,153,0.9,0.0398111,2,4.152685794774627
Flow,572,0.5,600,0.9,153,0.9,0.025119,2,4.455856621764765
Flow,573,0.5,600,0.9,153,0.9,0.015849,2,4.787008292605506
Flow,574,0.5,600,0.9,153,0.9,0.0100005,2,5.12124600333621
