,Precursor Conc. (wt. %),Rel. Precursor Viscosity,Detach. Pressure (PSI),Crosslinker Conc. (mM),Dist. from Bath (mm),Surface Tension (mN/m),Formation Outcome
0,2.0,1,6,10,140,72.01,1
1,2.0,1,6,10,140,72.01,1
2,2.0,1,6,10,140,72.01,1
3,2.0,1,6,10,140,72.01,1
4,2.0,1,6,10,140,72.01,1
5,2.0,1,6,10,140,72.01,1
6,2.0,1,6,10,140,72.01,1
7,2.0,1,6,10,140,72.01,1
8,2.0,1,6,10,140,72.01,1
9,2.0,1,6,10,140,72.01,1
10,2.0,1,6,10,140,72.01,1
11,2.0,1,6,10,140,72.01,1
12,2.0,1,6,10,140,72.01,1
13,2.0,1,6,10,140,72.01,1
14,2.0,1,6,10,140,72.01,1
15,2.0,1,6,10,140,72.01,1
16,2.0,1,6,10,140,72.01,1
17,2.0,1,40,10,140,72.01,1
18,2.0,1,40,10,140,72.01,1
19,2.0,1,40,10,140,72.01,1
20,2.0,1,40,10,140,72.01,1
21,2.0,1,40,10,140,72.01,1
22,2.0,1,40,10,140,72.01,1
23,2.0,1,40,10,140,72.01,1
24,2.0,1,40,10,140,72.01,1
25,2.0,1,40,10,140,72.01,1
26,2.0,1,40,10,140,72.01,1
27,2.0,1,40,10,140,72.01,1
28,2.0,1,40,10,140,72.01,1
29,2.0,1,40,10,140,72.01,1
30,2.0,1,40,10,140,72.01,1
31,2.0,1,40,10,140,72.01,1
32,2.0,1,40,10,140,72.01,1
33,2.0,1,40,10,140,72.01,1
34,2.0,1,40,10,140,72.01,1
35,2.0,1,40,10,140,72.01,1
36,2.0,1,40,10,140,72.01,1
37,2.0,1,40,10,140,72.01,1
38,2.0,1,40,10,140,72.01,1
39,2.0,1,40,10,140,72.01,1
40,2.0,1,40,10,140,72.01,1
41,2.0,1,40,10,140,72.01,1
42,2.0,1,40,10,140,72.01,1
43,2.0,1,40,10,140,72.01,1
44,2.0,1,40,10,140,72.01,1
45,2.0,1,40,10,140,72.01,1
46,2.0,1,40,10,140,72.01,1
47,2.0,1,40,10,140,72.01,1
48,2.0,1,40,10,140,72.01,1
49,2.0,1,40,10,140,72.01,1
50,2.0,1,40,10,140,72.01,1
51,2.0,1,40,10,140,72.01,1
52,2.0,1,40,10,140,72.01,1
53,2.0,1,40,10,140,72.01,1
54,2.0,1,40,10,140,72.01,1
55,2.0,1,40,10,140,72.01,1
56,2.0,1,40,10,140,72.01,1
57,2.0,1,40,10,140,72.01,1
58,2.0,1,40,10,140,72.01,1
59,2.0,1,40,10,140,72.01,1
60,2.0,1,40,10,140,72.01,1
61,2.0,1,40,10,140,72.01,1
62,2.0,1,40,10,140,72.01,1
63,2.0,1,40,10,140,72.01,1
64,2.0,1,40,10,140,72.01,1
65,2.0,1,40,10,140,72.01,1
66,2.0,1,40,10,140,72.01,1
67,2.0,1,40,10,140,72.01,1
68,2.0,1,40,10,140,72.01,1
69,2.0,1,40,10,140,72.01,1
70,2.0,1,40,10,140,72.01,1
71,2.0,1,40,10,140,72.01,1
72,2.0,1,40,10,140,72.01,1
73,2.0,1,40,10,140,72.01,1
74,2.0,1,40,10,140,72.01,1
75,2.0,1,40,10,140,72.01,1
76,2.0,1,40,10,140,72.01,1
77,2.0,1,40,10,140,72.01,1
78,2.0,1,40,10,140,72.01,1
79,2.0,1,40,10,140,72.01,1
80,2.0,1,40,10,140,72.01,0
81,2.0,1,40,10,140,72.01,0
82,2.0,1,40,10,140,72.01,0
83,2.0,1,40,10,140,72.01,0
84,2.0,1,40,10,140,72.01,0
85,2.0,1,40,10,140,72.01,0
86,2.0,1,40,10,140,72.01,0
87,2.0,1,40,10,140,72.01,0
88,2.0,1,40,10,140,72.01,0
89,2.0,1,40,10,140,72.01,0
90,2.0,1,40,10,140,72.01,0
91,2.0,1,40,10,140,72.01,0
92,2.0,1,6,100,140,72.01,1
93,2.0,1,6,100,140,72.01,1
94,2.0,1,6,100,140,72.01,1
95,2.0,1,6,100,140,72.01,1
96,2.0,1,6,100,140,72.01,1
97,2.0,1,6,100,140,72.01,1
98,2.0,1,6,100,140,72.01,1
99,2.0,1,6,100,140,72.01,1
100,2.0,1,6,100,140,72.01,1
101,2.0,1,6,100,140,72.01,1
102,2.0,1,6,100,140,72.01,1
103,2.0,1,6,100,140,72.01,1
104,2.0,1,6,100,140,72.01,1
105,2.0,1,6,100,140,72.01,1
106,2.0,1,6,100,140,72.01,1
107,2.0,1,6,100,140,72.01,1
108,2.0,1,6,100,140,72.01,1
109,2.0,1,6,100,140,72.01,1
110,2.0,1,6,100,140,72.01,1
111,2.0,1,6,100,140,72.01,1
112,2.0,1,6,100,140,72.01,1
113,2.0,1,6,100,140,72.01,1
114,2.0,1,6,100,140,72.01,1
115,2.0,1,6,100,140,72.01,1
116,2.0,1,6,100,140,72.01,1
117,2.0,1,6,100,140,72.01,1
118,2.0,1,6,100,140,72.01,1
119,2.0,1,6,100,140,72.01,1
120,2.0,1,6,100,140,72.01,1
121,2.0,1,6,100,140,72.01,1
122,2.0,1,6,100,140,72.01,1
123,2.0,1,6,100,140,72.01,1
124,2.0,1,6,100,140,72.01,1
125,2.0,1,6,100,140,72.01,1
126,2.0,1,6,100,140,72.01,1
127,2.0,1,6,100,140,72.01,1
128,2.0,1,6,100,140,72.01,1
129,2.0,1,6,100,140,72.01,1
130,2.0,1,6,100,140,72.01,1
131,2.0,1,6,100,140,72.01,1
132,2.0,1,6,100,140,72.01,1
133,2.0,1,6,100,140,72.01,1
134,2.0,1,6,100,140,72.01,1
135,2.0,1,6,100,140,72.01,1
136,2.0,1,6,100,140,72.01,1
137,2.0,1,6,100,140,72.01,1
138,2.0,1,6,100,140,72.01,1
139,2.0,1,6,100,140,72.01,1
140,2.0,1,6,100,140,72.01,1
141,2.0,1,6,100,140,72.01,1
142,2.0,1,40,100,140,72.01,1
143,2.0,1,40,100,140,72.01,1
144,2.0,1,40,100,140,72.01,1
145,2.0,1,40,100,140,72.01,1
146,2.0,1,40,100,140,72.01,1
147,2.0,1,40,100,140,72.01,1
148,2.0,1,40,100,140,72.01,1
149,2.0,1,40,100,140,72.01,1
150,2.0,1,40,100,140,72.01,1
151,2.0,1,40,100,140,72.01,1
152,2.0,1,40,100,140,72.01,1
153,2.0,1,40,100,140,72.01,1
154,2.0,1,40,100,140,72.01,1
155,2.0,1,40,100,140,72.01,1
156,2.0,1,40,100,140,72.01,1
157,2.0,1,40,100,140,72.01,1
158,2.0,1,40,100,140,72.01,1
159,2.0,1,40,100,140,72.01,1
160,2.0,1,40,100,140,72.01,1
161,2.0,1,40,100,140,72.01,1
162,2.0,1,40,100,140,72.01,1
163,2.0,1,40,100,140,72.01,1
164,2.0,1,40,100,140,72.01,1
165,2.0,1,40,100,140,72.01,1
166,2.0,1,40,100,140,72.01,1
167,2.0,1,40,100,140,72.01,1
168,2.0,1,40,100,140,72.01,1
169,2.0,1,40,100,140,72.01,1
170,2.0,1,40,100,140,72.01,1
171,2.0,1,40,100,140,72.01,1
172,2.0,1,40,100,140,72.01,1
173,2.0,1,40,100,140,72.01,1
174,2.0,1,40,100,140,72.01,1
175,2.0,1,40,100,140,72.01,1
176,2.0,1,40,100,140,72.01,1
177,2.0,1,40,100,140,72.01,1
178,2.0,1,40,100,140,72.01,1
179,2.0,1,40,100,140,72.01,1
180,2.0,1,40,100,140,72.01,1
181,2.0,1,40,100,140,72.01,1
182,2.0,1,40,100,140,72.01,1
183,2.0,1,40,100,140,72.01,1
184,2.0,1,40,100,140,72.01,1
185,2.0,1,40,100,140,72.01,1
186,2.0,1,40,100,140,72.01,1
187,2.0,1,40,100,140,72.01,1
188,2.0,1,40,100,140,72.01,1
189,2.0,1,40,100,140,72.01,1
190,2.0,1,40,100,140,72.01,1
191,2.0,1,40,100,140,72.01,1
192,2.0,1,40,100,140,72.01,1
193,2.0,1,40,100,140,72.01,1
194,2.0,1,40,100,140,72.01,1
195,2.0,1,40,100,140,72.01,1
196,2.0,1,40,100,140,72.01,1
197,2.0,1,40,100,140,72.01,1
198,2.0,1,40,100,140,72.01,1
199,2.0,1,40,100,140,72.01,1
200,2.0,1,40,100,140,72.01,1
201,2.0,1,40,100,140,72.01,1
202,2.0,1,40,100,140,72.01,1
203,2.0,1,40,100,140,72.01,1
204,2.0,1,40,100,140,72.01,1
205,2.0,1,40,100,140,72.01,1
206,2.0,1,40,100,140,72.01,1
207,2.0,1,40,100,140,72.01,1
208,2.0,1,40,100,140,72.01,1
209,2.0,1,40,100,140,72.01,1
210,2.0,1,40,100,140,72.01,1
211,2.0,1,40,100,140,72.01,1
212,2.0,1,40,100,140,72.01,1
213,2.0,1,40,100,140,72.01,1
214,2.0,1,40,100,140,72.01,1
215,2.0,1,40,100,140,72.01,1
216,2.0,1,40,100,140,72.01,1
217,2.0,1,40,100,140,72.01,1
218,2.0,1,40,100,140,72.01,1
219,2.0,1,40,100,140,72.01,1
220,2.0,1,40,100,140,72.01,1
221,2.0,1,40,100,140,72.01,1
222,2.0,1,40,100,140,72.01,1
223,2.0,1,40,100,140,72.01,1
224,2.0,1,40,100,140,72.01,1
225,2.0,1,40,100,140,72.01,1
226,2.0,1,40,100,140,72.01,1
227,2.0,1,40,100,140,72.01,1
228,2.0,1,40,100,140,72.01,1
229,2.0,1,40,100,140,72.01,1
230,2.0,1,40,100,140,72.01,1
231,2.0,1,40,100,140,72.01,1
232,2.0,1,40,100,140,72.01,1
233,2.0,1,40,100,140,72.01,1
234,2.0,1,40,100,140,72.01,1
235,2.0,1,40,100,140,72.01,1
236,2.0,1,40,100,140,72.01,1
237,2.0,1,40,100,140,72.01,1
238,2.0,1,40,100,140,72.01,1
239,2.0,1,40,100,140,72.01,1
240,2.0,1,40,100,140,72.01,1
241,2.0,1,40,100,140,72.01,1
242,2.0,1,40,100,140,72.01,1
243,2.0,1,40,100,140,72.01,1
244,2.0,1,40,100,140,72.01,1
245,2.0,1,40,100,140,72.01,1
246,2.0,1,40,100,140,72.01,1
247,2.0,1,40,100,140,72.01,1
248,2.0,1,40,100,140,72.01,1
249,2.0,1,40,100,140,72.01,1
250,2.0,1,40,100,140,72.01,1
251,2.0,1,40,100,140,72.01,1
252,2.0,1,40,100,140,72.01,1
253,2.0,1,40,100,140,72.01,1
254,2.0,1,40,100,140,72.01,1
255,2.0,1,40,100,140,72.01,1
256,2.0,1,40,100,140,72.01,1
257,2.0,1,40,100,140,72.01,1
258,2.0,1,40,100,140,72.01,1
259,2.0,1,40,100,140,72.01,1
260,2.0,1,40,100,140,72.01,1
261,2.0,1,40,100,140,72.01,1
262,2.0,1,40,100,140,72.01,1
263,2.0,1,40,100,140,72.01,1
264,2.0,1,40,100,140,72.01,1
265,2.0,1,40,100,140,72.01,1
266,2.0,1,40,100,140,72.01,1
267,2.0,1,40,100,140,72.01,1
268,2.0,1,40,100,140,72.01,1
269,2.0,1,40,100,140,72.01,1
270,2.0,1,40,100,140,72.01,1
271,2.0,1,40,100,140,72.01,1
272,2.0,1,40,100,140,72.01,1
273,2.0,1,40,100,140,72.01,1
274,2.0,1,40,100,140,72.01,1
275,2.0,1,40,100,140,72.01,1
276,2.0,1,40,100,140,72.01,1
277,2.0,1,40,100,140,72.01,1
278,2.0,1,40,100,140,72.01,1
279,2.0,1,40,100,140,72.01,1
280,2.0,1,40,100,140,72.01,1
281,2.0,1,40,100,140,72.01,1
282,2.0,1,40,100,140,72.01,1
283,2.0,1,40,100,140,72.01,1
284,2.0,1,40,100,140,72.01,1
285,2.0,1,40,100,140,72.01,1
286,2.0,1,40,100,140,72.01,1
287,2.0,1,40,100,140,72.01,1
288,2.0,1,40,100,140,72.01,1
289,2.0,1,40,100,140,72.01,1
290,2.0,1,40,100,140,72.01,1
291,2.0,1,40,100,140,72.01,1
292,2.0,1,40,100,140,72.01,1
293,2.0,1,40,100,140,72.01,1
294,2.0,1,40,100,140,72.01,1
295,2.0,1,40,100,140,72.01,1
296,2.0,1,40,100,140,72.01,1
297,2.0,1,40,100,140,72.01,1
298,2.0,1,40,100,140,72.01,1
299,2.0,1,40,100,140,72.01,1
300,2.0,1,40,100,140,72.01,1
301,2.0,1,40,100,140,72.01,1
302,2.0,1,40,100,140,72.01,1
303,2.0,1,40,100,140,72.01,1
304,2.0,1,40,100,140,72.01,1
305,2.0,1,40,100,140,72.01,1
306,2.0,1,40,100,140,72.01,1
307,2.0,1,40,100,140,72.01,1
308,2.0,1,40,100,140,72.01,1
309,2.0,1,40,100,140,72.01,1
310,2.0,1,40,100,140,72.01,1
311,2.0,1,40,100,140,72.01,1
312,2.0,1,40,100,140,72.01,1
313,2.0,1,40,100,140,72.01,1
314,2.0,1,40,100,140,72.01,1
315,2.0,1,40,100,140,72.01,1
316,2.0,1,40,100,140,72.01,1
317,2.0,1,40,100,140,72.01,1
318,2.0,1,40,100,140,72.01,1
319,2.0,1,40,100,140,72.01,1
320,2.0,1,40,100,140,72.01,1
321,2.0,1,40,100,140,72.01,1
322,2.0,1,40,100,140,72.01,1
323,2.0,1,40,100,140,72.01,1
324,2.0,1,40,100,140,72.01,1
325,2.0,1,40,100,140,72.01,1
326,2.0,1,40,100,140,72.01,1
327,2.0,1,40,100,140,72.01,1
328,2.0,1,40,100,140,72.01,1
329,2.0,1,40,100,140,72.01,1
330,2.0,1,40,100,140,72.01,1
331,2.0,1,40,100,140,72.01,1
332,2.0,1,40,100,140,72.01,1
333,2.0,1,40,100,140,72.01,1
334,2.0,1,6,10,140,72.01,1
335,2.0,1,6,10,140,72.01,1
336,2.0,1,6,10,140,72.01,1
337,2.0,1,6,10,140,72.01,1
338,2.0,1,6,10,140,72.01,1
339,2.0,1,6,10,140,72.01,1
340,2.0,1,6,10,140,72.01,1
341,2.0,1,6,10,140,72.01,1
342,2.0,1,6,10,140,72.01,1
343,2.0,1,6,10,140,72.01,1
344,2.0,1,6,10,140,72.01,1
345,2.0,1,6,10,140,72.01,1
346,2.0,1,6,10,140,72.01,1
347,2.0,1,6,10,140,72.01,1
348,2.0,1,6,10,140,72.01,1
349,2.0,1,6,10,140,72.01,1
350,2.0,1,6,10,140,72.01,1
351,2.0,1,6,10,140,72.01,1
352,2.0,1,6,10,140,72.01,1
353,2.0,1,6,10,140,72.01,1
354,2.0,1,6,10,140,72.01,1
355,2.0,1,6,10,140,72.01,1
356,2.0,1,6,10,140,72.01,1
357,2.0,1,6,10,140,72.01,1
358,2.0,1,6,10,140,72.01,1
359,2.0,1,6,10,140,72.01,1
360,2.0,1,6,10,140,72.01,1
361,2.0,1,6,10,140,72.01,1
362,2.0,1,6,10,140,72.01,1
363,2.0,1,6,10,140,72.01,1
364,2.0,1,6,10,140,72.01,1
365,2.0,1,6,10,140,72.01,1
366,2.0,1,6,10,140,72.01,1
367,2.0,1,6,10,140,72.01,1
368,2.0,1,40,10,140,72.01,1
369,2.0,1,40,10,140,72.01,1
370,2.0,1,40,10,140,72.01,1
371,2.0,1,40,10,140,72.01,1
372,2.0,1,40,10,140,72.01,1
373,2.0,1,40,10,140,72.01,1
374,2.0,1,40,10,140,72.01,1
375,2.0,1,40,10,140,72.01,1
376,2.0,1,40,10,140,72.01,1
377,2.0,1,40,10,140,72.01,1
378,2.0,1,40,10,140,72.01,1
379,2.0,1,40,10,140,72.01,1
380,2.0,1,40,10,140,72.01,1
381,2.0,1,40,10,140,72.01,1
382,2.0,1,40,10,140,72.01,1
383,2.0,1,40,10,140,72.01,1
384,2.0,1,40,10,140,72.01,1
385,2.0,1,40,10,140,72.01,1
386,2.0,1,40,10,140,72.01,1
387,2.0,1,40,10,140,72.01,1
388,2.0,1,40,10,140,72.01,1
389,2.0,1,40,10,140,72.01,1
390,2.0,1,40,10,140,72.01,1
391,2.0,1,40,10,140,72.01,1
392,2.0,1,40,10,140,72.01,1
393,2.0,1,40,10,140,72.01,1
394,2.0,1,40,10,140,72.01,1
395,2.0,1,40,10,140,72.01,1
396,2.0,1,40,10,140,72.01,1
397,2.0,1,40,10,140,72.01,1
398,2.0,1,40,10,140,72.01,1
399,2.0,1,40,10,140,72.01,1
400,2.0,1,40,10,140,72.01,1
401,2.0,1,40,10,140,72.01,1
402,2.0,1,40,10,140,72.01,1
403,2.0,1,40,10,140,72.01,1
404,2.0,1,40,10,140,72.01,1
405,2.0,1,40,10,140,72.01,1
406,2.0,1,40,10,140,72.01,1
407,2.0,1,40,10,140,72.01,1
408,2.0,1,40,10,140,72.01,1
409,2.0,1,40,10,140,72.01,1
410,2.0,1,40,10,140,72.01,1
411,2.0,1,40,10,140,72.01,1
412,2.0,1,40,10,140,72.01,1
413,2.0,1,40,10,140,72.01,1
414,2.0,1,40,10,140,72.01,1
415,2.0,1,40,10,140,72.01,1
416,2.0,1,40,10,140,72.01,1
417,2.0,1,40,10,140,72.01,1
418,2.0,1,40,10,140,72.01,1
419,2.0,1,40,10,140,72.01,1
420,2.0,1,40,10,140,72.01,1
421,2.0,1,40,10,140,72.01,1
422,2.0,1,40,10,140,72.01,1
423,2.0,1,40,10,140,72.01,1
424,2.0,1,40,10,140,72.01,1
425,2.0,1,40,10,140,72.01,1
426,2.0,1,40,10,140,72.01,1
427,2.0,1,40,10,140,72.01,1
428,2.0,1,40,10,140,72.01,1
429,2.0,1,40,10,140,72.01,1
430,2.0,1,40,10,140,72.01,1
431,2.0,1,40,10,140,72.01,1
432,2.0,1,40,10,140,72.01,1
433,2.0,1,40,10,140,72.01,1
434,2.0,1,40,10,140,72.01,1
435,2.0,1,40,10,140,72.01,1
436,2.0,1,40,10,140,72.01,1
437,2.0,1,40,10,140,72.01,1
438,2.0,1,40,10,140,72.01,1
439,2.0,1,40,10,140,72.01,1
440,2.0,1,40,10,140,72.01,1
441,2.0,1,40,10,140,72.01,1
442,2.0,1,40,10,140,72.01,1
443,2.0,1,40,10,140,72.01,1
444,2.0,1,40,10,140,72.01,1
445,2.0,1,40,10,140,72.01,1
446,2.0,1,40,10,140,72.01,1
447,2.0,1,6,100,140,72.01,1
448,2.0,1,6,100,140,72.01,1
449,2.0,1,6,100,140,72.01,1
450,2.0,1,6,100,140,72.01,1
451,2.0,1,6,100,140,72.01,1
452,2.0,1,6,100,140,72.01,1
453,2.0,1,6,100,140,72.01,1
454,2.0,1,6,100,140,72.01,1
455,2.0,1,6,100,140,72.01,1
456,2.0,1,6,100,140,72.01,1
457,2.0,1,6,100,140,72.01,1
458,2.0,1,6,100,140,72.01,1
459,2.0,1,6,100,140,72.01,1
460,2.0,1,6,100,140,72.01,1
461,2.0,1,6,100,140,72.01,1
462,2.0,1,6,100,140,72.01,1
463,2.0,1,6,100,140,72.01,1
464,2.0,1,6,100,140,72.01,1
465,2.0,1,6,100,140,72.01,1
466,2.0,1,6,100,140,72.01,1
467,2.0,1,6,100,140,72.01,1
468,2.0,1,6,100,140,72.01,1
469,2.0,1,6,100,140,72.01,1
470,2.0,1,6,100,140,72.01,1
471,2.0,1,6,100,140,72.01,1
472,2.0,1,6,100,140,72.01,1
473,2.0,1,6,100,140,72.01,1
474,2.0,1,6,100,140,72.01,1
475,2.0,1,6,100,140,72.01,1
476,2.0,1,6,100,140,72.01,1
477,2.0,1,6,100,140,72.01,1
478,2.0,1,6,100,140,72.01,1
479,2.0,1,6,100,140,72.01,1
480,2.0,1,6,100,140,72.01,1
481,2.0,1,6,100,140,72.01,1
482,2.0,1,6,100,140,72.01,1
483,2.0,1,6,100,140,72.01,1
484,2.0,1,6,100,140,72.01,1
485,2.0,1,6,100,140,72.01,1
486,2.0,1,6,100,140,72.01,1
487,2.0,1,6,100,140,72.01,1
488,2.0,1,6,100,140,72.01,1
489,2.0,1,6,100,140,72.01,1
490,2.0,1,6,100,140,72.01,1
491,2.0,1,40,100,140,72.01,1
492,2.0,1,40,100,140,72.01,1
493,2.0,1,40,100,140,72.01,1
494,2.0,1,40,100,140,72.01,1
495,2.0,1,40,100,140,72.01,1
496,2.0,1,40,100,140,72.01,1
497,2.0,1,40,100,140,72.01,1
498,2.0,1,40,100,140,72.01,1
499,2.0,1,40,100,140,72.01,1
500,2.0,1,40,100,140,72.01,1
501,2.0,1,40,100,140,72.01,1
502,2.0,1,40,100,140,72.01,1
503,2.0,1,40,100,140,72.01,1
504,2.0,1,40,100,140,72.01,1
505,2.0,1,40,100,140,72.01,1
506,2.0,1,40,100,140,72.01,1
507,2.0,1,40,100,140,72.01,1
508,2.0,1,40,100,140,72.01,1
509,2.0,1,40,100,140,72.01,1
510,2.0,1,40,100,140,72.01,1
511,2.0,1,40,100,140,72.01,1
512,2.0,1,40,100,140,72.01,1
513,2.0,1,40,100,140,72.01,1
514,2.0,1,40,100,140,72.01,1
515,2.0,1,40,100,140,72.01,1
516,2.0,1,40,100,140,72.01,1
517,2.0,1,40,100,140,72.01,1
518,2.0,1,40,100,140,72.01,1
519,2.0,1,40,100,140,72.01,1
520,2.0,1,40,100,140,72.01,1
521,2.0,1,40,100,140,72.01,1
522,2.0,1,40,100,140,72.01,1
523,2.0,1,40,100,140,72.01,1
524,2.0,1,40,100,140,72.01,1
525,2.0,1,40,100,140,72.01,1
526,2.0,1,40,100,140,72.01,1
527,2.0,1,40,100,140,72.01,1
528,2.0,1,40,100,140,72.01,1
529,2.0,1,40,100,140,72.01,1
530,2.0,1,40,100,140,72.01,1
531,2.0,1,40,100,140,72.01,1
532,2.0,1,40,100,140,72.01,1
533,2.0,1,40,100,140,72.01,1
534,2.0,1,40,100,140,72.01,1
535,2.0,1,40,100,140,72.01,1
536,2.0,1,40,100,140,72.01,1
537,2.0,1,40,100,140,72.01,1
538,2.0,1,40,100,140,72.01,1
539,2.0,1,40,100,140,72.01,1
540,2.0,1,40,100,140,72.01,1
541,2.0,1,40,100,140,72.01,1
542,2.0,1,40,100,140,72.01,1
543,2.0,1,40,100,140,72.01,1
544,2.0,1,40,100,140,72.01,1
545,2.0,1,40,100,140,72.01,1
546,2.0,1,40,100,140,72.01,1
547,2.0,1,40,100,140,72.01,1
548,2.0,1,40,100,140,72.01,1
549,2.0,1,40,100,140,72.01,1
550,2.0,1,40,100,140,72.01,1
551,2.0,1,40,100,140,72.01,1
552,2.0,1,40,100,140,72.01,1
553,2.0,1,40,100,140,72.01,1
554,2.0,1,40,100,140,72.01,1
555,2.0,1,40,100,140,72.01,1
556,2.0,1,40,100,140,72.01,1
557,2.0,1,40,100,140,72.01,1
558,2.0,1,40,100,140,72.01,1
559,2.0,1,40,100,140,72.01,1
560,2.0,1,40,100,140,72.01,1
561,2.0,1,40,100,140,72.01,1
562,2.0,1,40,100,140,72.01,1
563,2.0,1,40,100,140,72.01,1
564,2.0,1,40,100,140,72.01,1
565,2.0,1,40,100,140,72.01,1
566,2.0,1,40,100,140,72.01,1
567,2.0,1,40,100,140,72.01,1
568,2.0,1,40,100,140,72.01,1
569,2.0,1,40,100,140,72.01,1
570,2.0,1,40,100,140,72.01,1
571,2.0,1,40,100,140,72.01,1
572,2.0,1,40,100,140,72.01,1
573,2.0,1,40,100,140,72.01,1
574,2.0,1,40,100,140,72.01,1
575,2.0,1,40,100,140,72.01,1
576,2.0,1,40,100,140,72.01,1
577,2.0,1,40,100,140,72.01,1
578,2.0,1,40,100,140,72.01,1
579,2.0,1,40,100,140,72.01,1
580,2.0,1,40,100,140,72.01,1
581,2.0,1,40,100,140,72.01,1
582,2.0,1,40,100,140,72.01,1
583,2.0,1,40,100,140,72.01,1
584,2.0,1,40,100,140,72.01,1
585,2.0,1,40,100,140,72.01,1
586,2.0,1,40,100,140,72.01,1
587,2.0,1,40,100,140,72.01,1
588,2.0,1,40,100,140,72.01,1
589,2.0,1,40,100,140,72.01,1
590,2.0,1,40,100,140,72.01,1
591,2.0,1,40,100,140,72.01,1
592,2.0,1,40,100,140,72.01,1
593,2.0,1,40,100,140,72.01,1
594,2.0,1,40,100,140,72.01,1
595,2.0,1,40,100,140,72.01,1
596,2.0,1,40,100,140,72.01,1
597,2.0,1,40,100,140,72.01,1
598,2.0,1,40,100,140,72.01,1
599,2.0,1,40,100,140,72.01,1
600,2.0,1,40,100,140,72.01,1
601,2.0,1,40,100,140,72.01,1
602,2.0,1,40,100,140,72.01,1
603,2.0,1,40,100,140,72.01,1
604,2.0,1,40,100,140,72.01,1
605,2.0,1,40,100,140,72.01,1
606,2.0,1,40,100,140,72.01,1
607,2.0,1,40,100,140,72.01,1
608,2.0,1,40,100,140,72.01,1
609,2.0,1,40,100,140,72.01,1
610,2.0,1,40,100,140,72.01,1
611,2.0,1,40,100,140,72.01,1
612,2.0,1,40,100,140,72.01,1
613,2.0,1,40,100,140,72.01,1
614,2.0,1,40,100,140,72.01,1
615,2.0,1,40,100,140,72.01,1
616,2.0,1,40,100,140,72.01,1
617,2.0,1,40,100,140,72.01,1
618,2.0,1,40,100,140,72.01,1
619,2.0,1,40,100,140,72.01,1
620,2.0,1,40,100,140,72.01,1
621,2.0,1,40,100,140,72.01,1
622,2.0,1,40,100,140,72.01,1
623,2.0,1,40,100,140,72.01,1
624,2.0,1,40,100,140,72.01,1
625,2.0,1,40,100,140,72.01,1
626,2.0,1,40,100,140,72.01,1
627,2.0,1,40,100,140,72.01,1
628,2.0,1,40,100,140,72.01,1
629,2.0,1,40,100,140,72.01,1
630,2.0,1,40,100,140,72.01,1
631,2.0,1,40,100,140,72.01,1
632,2.0,1,40,100,140,72.01,1
633,2.0,1,40,100,140,72.01,1
634,2.0,1,40,100,140,72.01,1
635,2.0,1,40,100,140,72.01,1
636,2.0,1,40,100,140,72.01,1
637,2.0,1,40,100,140,72.01,1
638,2.0,1,6,10,140,72.01,1
639,2.0,1,6,10,140,72.01,1
640,2.0,1,6,10,140,72.01,1
641,2.0,1,6,10,140,72.01,1
642,2.0,1,6,10,140,72.01,1
643,2.0,1,6,10,140,72.01,1
644,2.0,1,6,10,140,72.01,1
645,2.0,1,6,10,140,72.01,1
646,2.0,1,6,10,140,72.01,1
647,2.0,1,6,10,140,72.01,1
648,2.0,1,6,10,140,72.01,1
649,2.0,1,6,10,140,72.01,1
650,2.0,1,6,10,140,72.01,1
651,2.0,1,6,10,140,72.01,1
652,2.0,1,6,10,140,72.01,1
653,2.0,1,6,10,140,72.01,1
654,2.0,1,6,10,140,72.01,1
655,2.0,1,6,10,140,72.01,1
656,2.0,1,6,10,140,72.01,1
657,2.0,1,6,10,140,72.01,1
658,2.0,1,6,10,140,72.01,1
659,2.0,1,6,10,140,72.01,1
660,2.0,1,40,10,140,72.01,1
661,2.0,1,40,10,140,72.01,1
662,2.0,1,40,10,140,72.01,1
663,2.0,1,40,10,140,72.01,1
664,2.0,1,40,10,140,72.01,1
665,2.0,1,40,10,140,72.01,1
666,2.0,1,40,10,140,72.01,1
667,2.0,1,40,10,140,72.01,1
668,2.0,1,40,10,140,72.01,1
669,2.0,1,40,10,140,72.01,1
670,2.0,1,40,10,140,72.01,1
671,2.0,1,40,10,140,72.01,1
672,2.0,1,40,10,140,72.01,1
673,2.0,1,40,10,140,72.01,1
674,2.0,1,40,10,140,72.01,1
675,2.0,1,40,10,140,72.01,1
676,2.0,1,40,10,140,72.01,1
677,2.0,1,40,10,140,72.01,1
678,2.0,1,40,10,140,72.01,1
679,2.0,1,40,10,140,72.01,1
680,2.0,1,40,10,140,72.01,1
681,2.0,1,40,10,140,72.01,1
682,2.0,1,40,10,140,72.01,1
683,2.0,1,40,10,140,72.01,1
684,2.0,1,40,10,140,72.01,1
685,2.0,1,40,10,140,72.01,1
686,2.0,1,40,10,140,72.01,1
687,2.0,1,40,10,140,72.01,1
688,2.0,1,40,10,140,72.01,1
689,2.0,1,40,10,140,72.01,1
690,2.0,1,40,10,140,72.01,1
691,2.0,1,40,10,140,72.01,1
692,2.0,1,40,10,140,72.01,1
693,2.0,1,40,10,140,72.01,1
694,2.0,1,40,10,140,72.01,1
695,2.0,1,40,10,140,72.01,1
696,2.0,1,40,10,140,72.01,1
697,2.0,1,40,10,140,72.01,1
698,2.0,1,40,10,140,72.01,1
699,2.0,1,40,10,140,72.01,1
700,2.0,1,40,10,140,72.01,1
701,2.0,1,40,10,140,72.01,1
702,2.0,1,40,10,140,72.01,1
703,2.0,1,40,10,140,72.01,1
704,2.0,1,40,10,140,72.01,1
705,2.0,1,40,10,140,72.01,1
706,2.0,1,40,10,140,72.01,1
707,2.0,1,40,10,140,72.01,1
708,2.0,1,40,10,140,72.01,1
709,2.0,1,40,10,140,72.01,1
710,2.0,1,40,10,140,72.01,1
711,2.0,1,40,10,140,72.01,1
712,2.0,1,40,10,140,72.01,1
713,2.0,1,40,10,140,72.01,1
714,2.0,1,40,10,140,72.01,1
715,2.0,1,40,10,140,72.01,1
716,2.0,1,40,10,140,72.01,1
717,2.0,1,40,10,140,72.01,1
718,2.0,1,40,10,140,72.01,1
719,2.0,1,40,10,140,72.01,1
720,2.0,1,40,10,140,72.01,1
721,2.0,1,40,10,140,72.01,1
722,2.0,1,40,10,140,72.01,1
723,2.0,1,40,10,140,72.01,1
724,2.0,1,40,10,140,72.01,1
725,2.0,1,40,10,140,72.01,1
726,2.0,1,40,10,140,72.01,1
727,2.0,1,40,10,140,72.01,1
728,2.0,1,40,10,140,72.01,1
729,2.0,1,6,100,140,72.01,1
730,2.0,1,6,100,140,72.01,1
731,2.0,1,6,100,140,72.01,1
732,2.0,1,6,100,140,72.01,1
733,2.0,1,6,100,140,72.01,1
734,2.0,1,6,100,140,72.01,1
735,2.0,1,6,100,140,72.01,1
736,2.0,1,6,100,140,72.01,1
737,2.0,1,6,100,140,72.01,1
738,2.0,1,6,100,140,72.01,1
739,2.0,1,6,100,140,72.01,1
740,2.0,1,6,100,140,72.01,1
741,2.0,1,6,100,140,72.01,1
742,2.0,1,6,100,140,72.01,1
743,2.0,1,6,100,140,72.01,1
744,2.0,1,6,100,140,72.01,1
745,2.0,1,6,100,140,72.01,1
746,2.0,1,6,100,140,72.01,1
747,2.0,1,6,100,140,72.01,1
748,2.0,1,6,100,140,72.01,1
749,2.0,1,6,100,140,72.01,1
750,2.0,1,6,100,140,72.01,1
751,2.0,1,6,100,140,72.01,1
752,2.0,1,6,100,140,72.01,1
753,2.0,1,6,100,140,72.01,1
754,2.0,1,6,100,140,72.01,1
755,2.0,1,6,100,140,72.01,1
756,2.0,1,6,100,140,72.01,1
757,2.0,1,6,100,140,72.01,1
758,2.0,1,6,100,140,72.01,1
759,2.0,1,6,100,140,72.01,1
760,2.0,1,6,100,140,72.01,1
761,0.5,1,6,10,140,72.01,1
762,0.5,1,6,10,140,72.01,1
763,0.5,1,6,10,140,72.01,1
764,0.5,1,6,10,140,72.01,1
765,0.5,1,6,10,140,72.01,1
766,0.5,1,6,10,140,72.01,1
767,0.5,1,6,10,140,72.01,1
768,0.5,1,6,10,140,72.01,1
769,0.5,1,6,10,140,72.01,1
770,0.5,1,6,10,140,72.01,1
771,0.5,1,6,10,140,72.01,1
772,0.5,1,6,10,140,72.01,1
773,0.5,1,6,10,140,72.01,1
774,0.5,1,6,10,140,72.01,1
775,0.5,1,6,10,140,72.01,1
776,0.5,1,6,10,140,72.01,1
777,0.5,1,6,10,140,72.01,1
778,0.5,1,6,10,140,72.01,1
779,0.5,1,6,10,140,72.01,1
780,0.5,1,6,10,140,72.01,1
781,0.5,1,6,10,140,72.01,1
782,0.5,1,6,10,140,72.01,1
783,0.5,1,6,10,140,72.01,1
784,0.5,1,6,10,140,72.01,1
785,0.5,1,6,10,140,72.01,1
786,0.5,1,6,10,140,72.01,1
787,0.5,1,6,10,140,72.01,1
788,0.5,1,6,10,140,72.01,1
789,0.5,1,6,10,140,72.01,1
790,0.5,1,6,10,140,72.01,1
791,0.5,1,6,10,140,72.01,1
792,0.5,1,6,10,140,72.01,0
793,0.5,1,6,10,140,72.01,0
794,0.5,1,6,10,140,72.01,0
795,0.5,1,6,10,140,72.01,0
796,0.5,1,40,10,140,72.01,0
797,0.5,1,40,10,140,72.01,0
798,0.5,1,40,10,140,72.01,0
799,0.5,1,40,10,140,72.01,0
800,0.5,1,40,10,140,72.01,0
801,0.5,1,40,10,140,72.01,0
802,0.5,1,40,10,140,72.01,0
803,0.5,1,40,10,140,72.01,0
804,0.5,1,40,10,140,72.01,0
805,0.5,1,40,10,140,72.01,0
806,0.5,1,40,10,140,72.01,0
807,0.5,1,40,10,140,72.01,0
808,0.5,1,40,10,140,72.01,0
809,0.5,1,40,10,140,72.01,0
810,0.5,1,40,10,140,72.01,0
811,0.5,1,40,10,140,72.01,0
812,0.5,1,40,10,140,72.01,0
813,0.5,1,40,10,140,72.01,0
814,0.5,1,40,10,140,72.01,0
815,0.5,1,40,10,140,72.01,0
816,0.5,1,40,10,140,72.01,0
817,0.5,1,40,10,140,72.01,0
818,0.5,1,40,10,140,72.01,0
819,0.5,1,40,10,140,72.01,0
820,0.5,1,40,10,140,72.01,0
821,0.5,1,40,10,140,72.01,0
822,0.5,1,40,10,140,72.01,0
823,0.5,1,40,10,140,72.01,0
824,0.5,1,40,10,140,72.01,0
825,0.5,1,40,10,140,72.01,0
826,0.5,1,40,10,140,72.01,0
827,0.5,1,40,10,140,72.01,0
828,0.5,1,40,10,140,72.01,0
829,0.5,1,6,100,140,72.01,1
830,0.5,1,6,100,140,72.01,1
831,0.5,1,6,100,140,72.01,1
832,0.5,1,6,100,140,72.01,1
833,0.5,1,6,100,140,72.01,1
834,0.5,1,6,100,140,72.01,1
835,0.5,1,6,100,140,72.01,1
836,0.5,1,6,100,140,72.01,1
837,0.5,1,6,100,140,72.01,1
838,0.5,1,6,100,140,72.01,1
839,0.5,1,6,100,140,72.01,1
840,0.5,1,6,100,140,72.01,1
841,0.5,1,6,100,140,72.01,1
842,0.5,1,6,100,140,72.01,1
843,0.5,1,6,100,140,72.01,1
844,0.5,1,6,100,140,72.01,1
845,0.5,1,6,100,140,72.01,1
846,0.5,1,6,100,140,72.01,1
847,0.5,1,6,100,140,72.01,1
848,0.5,1,6,100,140,72.01,1
849,0.5,1,6,100,140,72.01,1
850,0.5,1,6,100,140,72.01,1
851,0.5,1,6,100,140,72.01,1
852,0.5,1,6,100,140,72.01,1
853,0.5,1,6,100,140,72.01,1
854,0.5,1,6,100,140,72.01,1
855,0.5,1,6,100,140,72.01,1
856,0.5,1,6,100,140,72.01,1
857,0.5,1,6,100,140,72.01,1
858,0.5,1,6,100,140,72.01,1
859,0.5,1,6,100,140,72.01,1
860,0.5,1,6,100,140,72.01,1
861,0.5,1,6,100,140,72.01,1
862,0.5,1,6,100,140,72.01,1
863,0.5,1,6,100,140,72.01,1
864,0.5,1,6,100,140,72.01,1
865,0.5,1,6,100,140,72.01,1
866,0.5,1,6,100,140,72.01,1
867,0.5,1,6,100,140,72.01,1
868,0.5,1,6,100,140,72.01,1
869,0.5,1,6,100,140,72.01,1
870,0.5,1,6,100,140,72.01,1
871,0.5,1,6,100,140,72.01,1
872,0.5,1,6,100,140,72.01,1
873,0.5,1,6,100,140,72.01,1
874,0.5,1,6,100,140,72.01,1
875,0.5,1,6,100,140,72.01,1
876,0.5,1,6,100,140,72.01,1
877,0.5,1,6,100,140,72.01,1
878,0.5,1,6,100,140,72.01,1
879,0.5,1,40,100,140,72.01,1
880,0.5,1,40,100,140,72.01,1
881,0.5,1,40,100,140,72.01,1
882,0.5,1,40,100,140,72.01,1
883,0.5,1,40,100,140,72.01,1
884,0.5,1,40,100,140,72.01,1
885,0.5,1,40,100,140,72.01,1
886,0.5,1,40,100,140,72.01,1
887,0.5,1,40,100,140,72.01,1
888,0.5,1,40,100,140,72.01,1
889,0.5,1,40,100,140,72.01,1
890,0.5,1,40,100,140,72.01,1
891,0.5,1,40,100,140,72.01,1
892,0.5,1,40,100,140,72.01,1
893,0.5,1,40,100,140,72.01,1
894,0.5,1,40,100,140,72.01,1
895,0.5,1,40,100,140,72.01,1
896,0.5,1,40,100,140,72.01,1
897,0.5,1,40,100,140,72.01,1
898,0.5,1,40,100,140,72.01,1
899,0.5,1,40,100,140,72.01,1
900,0.5,1,40,100,140,72.01,1
901,0.5,1,40,100,140,72.01,1
902,0.5,1,40,100,140,72.01,1
903,0.5,1,40,100,140,72.01,1
904,0.5,1,40,100,140,72.01,1
905,0.5,1,40,100,140,72.01,1
906,0.5,1,40,100,140,72.01,1
907,0.5,1,40,100,140,72.01,1
908,0.5,1,40,100,140,72.01,1
909,0.5,1,40,100,140,72.01,1
910,0.5,1,40,100,140,72.01,1
911,0.5,1,40,100,140,72.01,1
912,0.5,1,40,100,140,72.01,1
913,0.5,1,40,100,140,72.01,1
914,0.5,1,40,100,140,72.01,1
915,0.5,1,40,100,140,72.01,1
916,0.5,1,40,100,140,72.01,1
917,0.5,1,40,100,140,72.01,1
918,0.5,1,40,100,140,72.01,1
919,0.5,1,40,100,140,72.01,1
920,0.5,1,40,100,140,72.01,1
921,0.5,1,40,100,140,72.01,1
922,0.5,1,40,100,140,72.01,1
923,0.5,1,40,100,140,72.01,1
924,0.5,1,40,100,140,72.01,1
925,0.5,1,40,100,140,72.01,1
926,0.5,1,40,100,140,72.01,1
927,0.5,1,40,100,140,72.01,1
928,0.5,1,40,100,140,72.01,1
929,0.5,1,40,100,140,72.01,1
930,0.5,1,40,100,140,72.01,1
931,0.5,1,40,100,140,72.01,1
932,0.5,1,40,100,140,72.01,1
933,0.5,1,40,100,140,72.01,1
934,0.5,1,40,100,140,72.01,1
935,0.5,1,40,100,140,72.01,1
936,0.5,1,40,100,140,72.01,1
937,0.5,1,40,100,140,72.01,1
938,0.5,1,40,100,140,72.01,1
939,0.5,1,40,100,140,72.01,1
940,0.5,1,40,100,140,72.01,1
941,0.5,1,40,100,140,72.01,1
942,0.5,1,40,100,140,72.01,1
943,0.5,1,40,100,140,72.01,1
944,0.5,1,40,100,140,72.01,1
945,0.5,1,40,100,140,72.01,1
946,0.5,1,40,100,140,72.01,1
947,0.5,1,40,100,140,72.01,1
948,0.5,1,40,100,140,72.01,1
949,0.5,1,40,100,140,72.01,1
950,0.5,1,40,100,140,72.01,1
951,0.5,1,40,100,140,72.01,1
952,0.5,1,40,100,140,72.01,1
953,0.5,1,40,100,140,72.01,1
954,0.5,1,40,100,140,72.01,1
955,0.5,1,40,100,140,72.01,1
956,0.5,1,40,100,140,72.01,1
957,0.5,1,40,100,140,72.01,1
958,0.5,1,40,100,140,72.01,1
959,0.5,1,40,100,140,72.01,1
960,0.5,1,40,100,140,72.01,1
961,0.5,1,40,100,140,72.01,0
962,0.5,1,40,100,140,72.01,0
963,0.5,1,40,100,140,72.01,0
964,0.5,1,40,100,140,72.01,0
965,0.5,1,40,100,140,72.01,0
966,0.5,1,40,100,140,72.01,0
967,0.5,1,40,100,140,72.01,0
968,0.5,1,40,100,140,72.01,0
969,0.5,1,40,100,140,72.01,0
970,0.5,1,40,100,140,72.01,0
971,0.5,1,40,100,140,72.01,0
972,0.5,1,40,100,140,72.01,0
973,0.5,1,40,100,140,72.01,0
974,0.5,1,40,100,140,72.01,0
975,0.5,1,40,100,140,72.01,0
976,0.5,1,40,100,140,72.01,0
977,0.5,1,40,100,140,72.01,0
978,0.5,1,40,100,140,72.01,0
979,0.5,1,40,100,140,72.01,0
980,0.5,1,40,100,140,72.01,0
981,0.5,1,40,100,140,72.01,0
982,0.5,1,40,100,140,72.01,0
983,0.5,1,40,100,140,72.01,0
984,0.5,1,40,100,140,72.01,0
985,0.5,1,40,100,140,72.01,0
986,0.5,1,40,100,140,72.01,0
987,0.5,1,40,100,140,72.01,0
988,0.5,1,40,100,140,72.01,0
989,0.5,1,40,100,140,72.01,0
990,0.5,1,40,100,140,72.01,0
991,0.5,1,40,100,140,72.01,0
992,0.5,1,40,100,140,72.01,0
993,0.5,1,40,100,140,72.01,0
994,0.5,1,40,100,140,72.01,0
995,0.5,1,40,100,140,72.01,0
996,0.5,1,40,100,140,72.01,0
997,0.5,1,40,100,140,72.01,0
998,0.5,1,40,100,140,72.01,0
999,0.5,1,40,100,140,72.01,0
1000,0.5,1,40,100,140,72.01,0
1001,0.5,1,40,100,140,72.01,0
1002,0.5,1,40,100,140,72.01,0
1003,0.5,1,40,100,140,72.01,0
1004,0.5,1,40,100,140,72.01,0
1005,0.5,1,40,100,140,72.01,0
1006,0.5,1,40,100,140,72.01,0
1007,0.5,1,40,100,140,72.01,0
1008,0.5,1,40,100,140,72.01,0
1009,0.5,1,40,100,140,72.01,0
1010,0.5,1,40,100,140,72.01,0
1011,0.5,1,40,100,140,72.01,0
1012,0.5,1,40,100,140,72.01,0
1013,0.5,1,40,100,140,72.01,0
1014,0.5,1,40,100,140,72.01,0
1015,0.5,1,40,100,140,72.01,0
1016,0.5,1,40,100,140,72.01,0
1017,0.5,1,40,100,140,72.01,0
1018,0.5,1,40,100,140,72.01,0
1019,0.5,1,40,100,140,72.01,0
1020,0.5,1,40,100,140,72.01,0
1021,0.5,1,40,100,140,72.01,0
1022,0.5,1,40,100,140,72.01,0
1023,0.5,1,40,100,140,72.01,0
1024,0.5,1,40,100,140,72.01,0
1025,0.5,1,40,100,140,72.01,0
1026,0.5,1,40,100,140,72.01,0
1027,0.5,1,40,100,140,72.01,0
1028,0.5,1,40,100,140,72.01,0
1029,0.5,1,40,100,140,72.01,0
1030,0.5,1,40,100,140,72.01,0
1031,0.5,1,40,100,140,72.01,0
1032,0.5,1,40,100,140,72.01,0
1033,0.5,1,40,100,140,72.01,0
1034,0.5,1,40,100,140,72.01,0
1035,0.5,1,40,100,140,72.01,0
1036,0.5,1,40,100,140,72.01,0
1037,0.5,1,40,100,140,72.01,0
1038,0.5,1,40,100,140,72.01,0
1039,0.5,1,40,100,140,72.01,0
1040,0.5,1,40,100,140,72.01,0
1041,0.5,1,40,100,140,72.01,0
1042,0.5,1,40,100,140,72.01,0
1043,0.5,1,40,100,140,72.01,0
1044,2.0,0,6,10,140,72.01,0
1045,2.0,0,6,10,140,72.01,0
1046,2.0,0,6,10,140,72.01,0
1047,2.0,0,6,10,140,72.01,0
1048,2.0,0,6,10,140,72.01,0
1049,2.0,0,6,10,140,72.01,1
1050,2.0,0,6,10,140,72.01,1
1051,2.0,0,6,10,140,72.01,1
1052,2.0,0,6,10,140,72.01,1
1053,2.0,0,6,10,140,72.01,1
1054,2.0,0,6,10,140,72.01,1
1055,2.0,0,6,10,140,72.01,1
1056,2.0,0,6,10,140,72.01,1
1057,2.0,0,6,10,140,72.01,1
1058,2.0,0,6,10,140,72.01,1
1059,2.0,0,6,100,140,72.01,1
1060,2.0,0,6,100,140,72.01,1
1061,2.0,0,6,100,140,72.01,1
1062,2.0,0,6,100,140,72.01,1
1063,2.0,0,6,100,140,72.01,1
1064,2.0,0,6,100,140,72.01,1
1065,2.0,0,6,100,140,72.01,1
1066,2.0,0,6,100,140,72.01,1
1067,2.0,0,6,100,140,72.01,1
1068,2.0,0,6,100,140,72.01,1
1069,2.0,0,6,100,140,72.01,1
1070,2.0,0,6,100,140,72.01,1
1071,2.0,0,6,100,140,72.01,1
1072,2.0,0,6,100,140,72.01,1
1073,2.0,0,6,100,140,72.01,1
1074,0.5,0,6,10,140,72.01,0
1075,0.5,0,6,10,140,72.01,0
1076,0.5,0,6,10,140,72.01,0
1077,0.5,0,6,10,140,72.01,0
1078,0.5,0,6,10,140,72.01,0
1079,0.5,0,6,10,140,72.01,0
1080,0.5,0,6,10,140,72.01,0
1081,0.5,0,6,10,140,72.01,0
1082,0.5,0,6,10,140,72.01,0
1083,0.5,0,6,10,140,72.01,0
1084,0.5,0,6,10,140,72.01,0
1085,0.5,0,6,10,140,72.01,0
1086,0.5,0,6,10,140,72.01,0
1087,0.5,0,6,10,140,72.01,0
1088,0.5,0,6,10,140,72.01,0
1089,0.5,0,6,100,140,72.01,0
1090,0.5,0,6,100,140,72.01,0
1091,0.5,0,6,100,140,72.01,0
1092,0.5,0,6,100,140,72.01,0
1093,0.5,0,6,100,140,72.01,0
1094,0.5,0,6,100,140,72.01,0
1095,0.5,0,6,100,140,72.01,0
1096,0.5,0,6,100,140,72.01,0
1097,0.5,0,6,100,140,72.01,0
1098,0.5,0,6,100,140,72.01,0
1099,0.5,0,6,100,140,72.01,0
1100,0.5,0,6,100,140,72.01,0
1101,0.5,0,6,100,140,72.01,0
1102,0.5,0,6,100,140,72.01,0
1103,0.5,0,6,100,140,72.01,0
1104,2.0,0,40,10,140,72.01,0
1105,2.0,0,40,10,140,72.01,0
1106,2.0,0,40,10,140,72.01,0
1107,2.0,0,40,10,140,72.01,0
1108,2.0,0,40,10,140,72.01,0
1109,2.0,0,40,10,140,72.01,0
1110,2.0,0,40,10,140,72.01,0
1111,2.0,0,40,10,140,72.01,0
1112,2.0,0,40,10,140,72.01,0
1113,2.0,0,40,10,140,72.01,0
1114,2.0,0,40,10,140,72.01,0
1115,2.0,0,40,10,140,72.01,0
1116,2.0,0,40,10,140,72.01,0
1117,2.0,0,40,10,140,72.01,0
1118,2.0,0,40,10,140,72.01,0
1119,2.0,0,40,100,140,72.01,0
1120,2.0,0,40,100,140,72.01,0
1121,2.0,0,40,100,140,72.01,0
1122,2.0,0,40,100,140,72.01,0
1123,2.0,0,40,100,140,72.01,0
1124,2.0,0,40,100,140,72.01,0
1125,2.0,0,40,100,140,72.01,0
1126,2.0,0,40,100,140,72.01,0
1127,2.0,0,40,100,140,72.01,0
1128,2.0,0,40,100,140,72.01,0
1129,2.0,0,40,100,140,72.01,0
1130,2.0,0,40,100,140,72.01,0
1131,2.0,0,40,100,140,72.01,0
1132,2.0,0,40,100,140,72.01,0
1133,2.0,0,40,100,140,72.01,0
1134,0.5,0,40,10,140,72.01,0
1135,0.5,0,40,10,140,72.01,0
1136,0.5,0,40,10,140,72.01,0
1137,0.5,0,40,10,140,72.01,0
1138,0.5,0,40,10,140,72.01,0
1139,0.5,0,40,10,140,72.01,0
1140,0.5,0,40,10,140,72.01,0
1141,0.5,0,40,10,140,72.01,0
1142,0.5,0,40,10,140,72.01,0
1143,0.5,0,40,10,140,72.01,0
1144,0.5,0,40,10,140,72.01,0
1145,0.5,0,40,10,140,72.01,0
1146,0.5,0,40,10,140,72.01,0
1147,0.5,0,40,10,140,72.01,0
1148,0.5,0,40,10,140,72.01,0
1149,0.5,0,40,100,140,72.01,0
1150,0.5,0,40,100,140,72.01,0
1151,0.5,0,40,100,140,72.01,0
1152,0.5,0,40,100,140,72.01,0
1153,0.5,0,40,100,140,72.01,0
1154,0.5,0,40,100,140,72.01,0
1155,0.5,0,40,100,140,72.01,0
1156,0.5,0,40,100,140,72.01,0
1157,0.5,0,40,100,140,72.01,0
1158,0.5,0,40,100,140,72.01,0
1159,0.5,0,40,100,140,72.01,0
1160,0.5,0,40,100,140,72.01,0
1161,0.5,0,40,100,140,72.01,0
1162,0.5,0,40,100,140,72.01,0
1163,0.5,0,40,100,140,72.01,0
1164,2.0,1,40,10,140,72.01,1
1165,2.0,1,40,10,140,72.01,1
1166,2.0,1,40,10,140,72.01,1
1167,2.0,1,40,10,140,72.01,1
1168,2.0,1,40,10,140,72.01,1
1169,2.0,1,40,10,140,72.01,1
1170,2.0,1,40,10,140,72.01,1
1171,2.0,1,40,10,140,72.01,1
1172,2.0,1,40,10,140,72.01,1
1173,2.0,1,40,10,140,72.01,1
1174,2.0,1,40,10,140,72.01,1
1175,2.0,1,40,10,140,72.01,1
1176,2.0,1,40,10,140,72.01,1
1177,2.0,1,40,10,140,72.01,1
1178,2.0,1,40,10,140,72.01,1
1179,2.0,1,40,10,140,72.01,1
1180,2.0,1,40,10,140,72.01,1
1181,2.0,1,40,10,140,72.01,1
1182,2.0,1,40,10,140,72.01,1
1183,2.0,1,40,10,140,72.01,1
1184,2.0,1,40,10,140,72.01,1
1185,2.0,1,40,10,140,72.01,1
1186,2.0,1,40,10,140,72.01,1
1187,2.0,1,40,10,140,72.01,1
1188,2.0,1,40,10,140,72.01,1
1189,2.0,1,40,10,140,72.01,1
1190,2.0,1,40,10,140,72.01,1
1191,2.0,1,40,10,140,72.01,1
1192,2.0,1,40,10,140,72.01,1
1193,2.0,1,40,10,140,72.01,1
1194,2.0,1,40,10,140,72.01,1
1195,2.0,1,40,10,140,72.01,1
1196,2.0,1,40,10,140,72.01,1
1197,2.0,1,40,10,140,72.01,1
1198,2.0,1,40,10,140,72.01,1
1199,2.0,1,40,10,140,72.01,1
1200,2.0,1,40,10,140,72.01,1
1201,2.0,1,40,10,140,72.01,1
1202,2.0,1,40,10,140,72.01,1
1203,2.0,1,40,10,140,72.01,1
1204,2.0,1,40,10,140,72.01,1
1205,2.0,1,40,10,140,72.01,1
1206,2.0,1,40,10,140,72.01,1
1207,2.0,1,40,10,140,72.01,1
1208,2.0,1,40,10,140,72.01,1
1209,2.0,1,40,10,140,72.01,1
1210,2.0,1,40,10,140,72.01,1
1211,2.0,1,40,10,140,72.01,1
1212,2.0,1,40,10,140,72.01,1
1213,2.0,1,40,10,140,72.01,1
1214,2.0,1,40,10,140,72.01,1
1215,2.0,1,40,10,140,72.01,1
1216,2.0,1,40,10,140,72.01,1
1217,2.0,1,40,10,140,72.01,1
1218,2.0,1,40,10,140,72.01,1
1219,2.0,1,40,10,140,72.01,1
1220,2.0,1,40,10,140,72.01,1
1221,2.0,1,40,10,140,72.01,1
1222,2.0,1,40,10,140,72.01,1
1223,2.0,1,40,10,140,72.01,1
1224,2.0,1,40,10,140,72.01,1
1225,2.0,1,40,10,140,72.01,1
1226,2.0,1,40,10,140,72.01,1
1227,2.0,1,40,10,140,72.01,1
1228,2.0,1,40,10,140,72.01,1
1229,2.0,1,40,10,140,72.01,1
1230,2.0,1,40,10,140,72.01,1
1231,2.0,1,40,10,140,72.01,1
1232,2.0,1,40,10,140,72.01,1
1233,2.0,1,40,10,140,72.01,1
1234,2.0,1,40,10,140,72.01,1
1235,2.0,1,40,10,140,72.01,1
1236,2.0,1,40,10,140,72.01,1
1237,2.0,1,40,10,140,72.01,1
1238,2.0,1,40,10,140,72.01,1
1239,2.0,1,40,10,140,72.01,1
1240,2.0,1,40,10,140,72.01,1
1241,2.0,1,40,10,140,72.01,1
1242,2.0,1,40,10,140,72.01,1
1243,2.0,1,40,10,140,72.01,1
1244,2.0,1,40,10,140,72.01,1
1245,2.0,1,40,10,140,72.01,1
1246,2.0,1,40,10,140,72.01,1
1247,2.0,1,40,10,140,72.01,1
1248,2.0,1,40,10,140,72.01,1
1249,2.0,1,40,10,140,72.01,1
1250,2.0,1,40,10,140,72.01,1
1251,2.0,1,40,10,140,72.01,1
1252,2.0,1,40,10,140,72.01,1
1253,2.0,1,40,10,140,72.01,1
1254,2.0,1,40,10,140,72.01,1
1255,2.0,1,40,10,140,72.01,1
1256,2.0,1,40,10,140,72.01,1
1257,2.0,1,40,10,140,72.01,1
1258,2.0,1,40,10,140,72.01,1
1259,2.0,1,40,10,140,72.01,1
1260,2.0,1,40,10,140,72.01,1
1261,2.0,1,40,10,140,72.01,1
1262,2.0,1,40,10,140,55.73,1
1263,2.0,1,40,10,140,55.73,1
1264,2.0,1,40,10,140,55.73,1
1265,2.0,1,40,10,140,55.73,1
1266,2.0,1,40,10,140,55.73,1
1267,2.0,1,40,10,140,55.73,1
1268,2.0,1,40,10,140,55.73,1
1269,2.0,1,40,10,140,55.73,1
1270,2.0,1,40,10,140,55.73,1
1271,2.0,1,40,10,140,55.73,1
1272,2.0,1,40,10,140,55.73,1
1273,2.0,1,40,10,140,55.73,1
1274,2.0,1,40,10,140,55.73,1
1275,2.0,1,40,10,140,55.73,1
1276,2.0,1,40,10,140,55.73,1
1277,2.0,1,40,10,140,55.73,1
1278,2.0,1,40,10,140,55.73,1
1279,2.0,1,40,10,140,55.73,1
1280,2.0,1,40,10,140,55.73,1
1281,2.0,1,40,10,140,55.73,1
1282,2.0,1,40,10,140,55.73,1
1283,2.0,1,40,10,140,55.73,1
1284,2.0,1,40,10,140,55.73,1
1285,2.0,1,40,10,140,55.73,1
1286,2.0,1,40,10,140,55.73,1
1287,2.0,1,40,10,140,55.73,1
1288,2.0,1,40,10,140,55.73,1
1289,2.0,1,40,10,140,55.73,1
1290,2.0,1,40,10,140,55.73,1
1291,2.0,1,40,10,140,55.73,1
1292,2.0,1,40,10,140,55.73,1
1293,2.0,1,40,10,140,55.73,1
1294,2.0,1,40,10,140,55.73,1
1295,2.0,1,40,10,140,55.73,1
1296,2.0,1,40,10,140,55.73,1
1297,2.0,1,40,10,140,55.73,1
1298,2.0,1,40,10,140,55.73,1
1299,2.0,1,40,10,140,55.73,1
1300,2.0,1,40,10,140,55.73,1
1301,2.0,1,40,10,140,55.73,1
1302,2.0,1,40,10,140,55.73,1
1303,2.0,1,40,10,140,55.73,1
1304,2.0,1,40,10,140,55.73,1
1305,2.0,1,40,10,140,55.73,1
1306,2.0,1,40,10,140,55.73,1
1307,2.0,1,40,10,140,55.73,1
1308,2.0,1,40,10,140,55.73,1
1309,2.0,1,40,10,140,55.73,1
1310,2.0,1,40,10,140,55.73,1
1311,2.0,1,40,10,140,55.73,1
1312,2.0,1,40,10,140,55.73,1
1313,2.0,1,40,10,140,55.73,1
1314,2.0,1,40,10,140,55.73,1
1315,2.0,1,40,10,140,55.73,1
1316,2.0,1,40,10,140,55.73,1
1317,2.0,1,40,10,140,55.73,1
1318,2.0,1,40,10,140,55.73,1
1319,2.0,1,40,10,140,55.73,1
1320,2.0,1,40,10,140,55.73,1
1321,2.0,1,40,10,140,55.73,1
1322,2.0,1,40,10,140,55.73,1
1323,2.0,1,40,10,140,55.73,1
1324,2.0,1,40,10,140,55.73,1
1325,2.0,1,40,10,140,55.73,1
1326,2.0,1,40,10,140,55.73,1
1327,2.0,1,40,10,140,55.73,1
1328,2.0,1,40,10,140,55.73,1
1329,2.0,1,40,10,140,55.73,1
1330,2.0,1,40,10,140,55.73,1
1331,2.0,1,40,10,140,55.73,1
1332,2.0,1,40,10,140,55.73,1
1333,2.0,1,40,10,140,55.73,1
1334,2.0,1,40,10,140,55.73,1
1335,2.0,1,40,10,140,55.73,1
1336,2.0,1,40,10,140,55.73,1
1337,2.0,1,40,10,140,55.73,1
1338,2.0,1,40,10,140,55.73,1
1339,2.0,1,40,10,140,55.73,1
1340,2.0,1,40,10,140,55.73,1
1341,2.0,1,40,10,140,55.73,1
1342,2.0,1,40,10,140,55.73,1
1343,2.0,1,40,10,140,55.73,1
1344,2.0,1,40,10,140,55.73,1
1345,2.0,1,40,10,140,55.73,1
1346,2.0,1,40,10,140,55.73,1
1347,2.0,1,40,10,140,55.73,1
1348,2.0,1,40,10,140,55.73,1
1349,2.0,1,40,10,140,55.73,1
1350,2.0,1,40,10,140,55.73,1
1351,2.0,1,40,10,140,55.73,1
1352,2.0,1,40,10,140,55.73,1
1353,2.0,1,40,10,140,55.73,1
1354,2.0,1,40,10,140,55.73,1
1355,2.0,1,40,10,140,55.73,1
1356,2.0,1,40,10,140,55.73,1
1357,2.0,1,40,10,140,55.73,1
1358,2.0,1,40,10,140,55.73,1
1359,2.0,1,40,10,140,55.73,1
1360,2.0,1,40,10,140,55.73,1
1361,2.0,1,40,10,140,55.73,1
1362,2.0,1,40,10,140,55.73,1
1363,2.0,1,40,10,140,55.73,1
1364,2.0,1,40,10,140,55.73,1
1365,2.0,1,40,10,140,55.73,1
1366,2.0,1,40,10,140,55.73,1
1367,2.0,1,40,10,140,55.73,1
1368,2.0,1,40,10,140,55.73,1
1369,2.0,1,40,10,140,55.73,1
1370,2.0,1,40,10,140,55.73,1
1371,2.0,1,40,10,140,55.73,1
1372,2.0,1,40,10,140,55.73,1
1373,2.0,1,40,10,140,55.73,1
1374,2.0,1,40,10,140,55.73,1
1375,2.0,1,40,10,140,55.73,1
1376,2.0,1,40,10,140,55.73,1
1377,2.0,1,40,10,140,55.73,1
1378,2.0,1,40,10,140,55.73,1
1379,2.0,1,40,10,140,55.73,1
1380,2.0,1,40,10,140,55.73,1
1381,2.0,1,40,10,140,55.73,1
1382,2.0,1,40,10,140,55.73,1
1383,2.0,1,40,10,140,55.73,1
1384,2.0,1,40,10,140,55.73,1
1385,2.0,1,40,10,140,55.73,1
1386,2.0,1,40,10,140,55.73,1
1387,2.0,1,40,10,140,55.73,1
1388,2.0,1,40,10,140,55.73,1
1389,2.0,1,40,10,140,55.73,1
1390,2.0,1,40,10,140,55.73,1
1391,2.0,1,40,10,140,55.73,1
1392,2.0,1,40,10,140,55.73,1
1393,2.0,1,40,10,140,72.01,1
1394,2.0,1,40,10,140,72.01,1
1395,2.0,1,40,10,140,72.01,1
1396,2.0,1,40,10,140,72.01,1
1397,2.0,1,40,10,140,72.01,1
1398,2.0,1,40,10,140,72.01,1
1399,2.0,1,40,10,140,72.01,1
1400,2.0,1,40,10,140,72.01,1
1401,2.0,1,40,10,140,72.01,1
1402,2.0,1,40,10,140,72.01,1
1403,2.0,1,40,10,140,72.01,1
1404,2.0,1,40,10,140,72.01,1
1405,2.0,1,40,10,140,72.01,1
1406,2.0,1,40,10,140,72.01,1
1407,2.0,1,40,10,140,72.01,1
1408,2.0,1,40,10,140,72.01,1
1409,2.0,1,40,10,140,72.01,1
1410,2.0,1,40,10,140,72.01,1
1411,2.0,1,40,10,140,72.01,1
1412,2.0,1,40,10,140,72.01,1
1413,2.0,1,40,10,140,72.01,1
1414,2.0,1,40,10,140,72.01,1
1415,2.0,1,40,10,140,72.01,1
1416,2.0,1,40,10,140,72.01,1
1417,2.0,1,40,10,140,72.01,1
1418,2.0,1,40,10,140,72.01,1
1419,2.0,1,40,10,140,72.01,1
1420,2.0,1,40,10,140,72.01,1
1421,2.0,1,40,10,140,72.01,1
1422,2.0,1,40,10,140,72.01,1
1423,2.0,1,40,10,140,72.01,1
1424,2.0,1,40,10,140,72.01,1
1425,2.0,1,40,10,140,72.01,1
1426,2.0,1,40,10,140,72.01,1
1427,2.0,1,40,10,140,72.01,1
1428,2.0,1,40,10,140,72.01,1
1429,2.0,1,40,10,140,72.01,1
1430,2.0,1,40,10,140,72.01,1
1431,2.0,1,40,10,140,72.01,1
1432,2.0,1,40,10,140,72.01,1
1433,2.0,1,40,10,140,72.01,1
1434,2.0,1,40,10,140,72.01,1
1435,2.0,1,40,10,140,72.01,1
1436,2.0,1,40,10,140,72.01,1
1437,2.0,1,40,10,140,72.01,1
1438,2.0,1,40,10,140,72.01,1
1439,2.0,1,40,10,140,72.01,1
1440,2.0,1,40,10,140,72.01,1
1441,2.0,1,40,10,140,72.01,1
1442,2.0,1,40,10,140,72.01,1
1443,2.0,1,40,10,140,72.01,1
1444,2.0,1,40,10,140,72.01,1
1445,2.0,1,40,10,140,72.01,1
1446,2.0,1,40,10,140,72.01,1
1447,2.0,1,40,10,140,72.01,1
1448,2.0,1,40,10,140,72.01,1
1449,2.0,1,40,10,140,72.01,1
1450,2.0,1,40,10,140,72.01,1
1451,2.0,1,40,10,140,72.01,1
1452,2.0,1,40,10,140,72.01,1
1453,2.0,1,40,10,140,72.01,1
1454,2.0,1,40,10,140,72.01,1
1455,2.0,1,40,10,140,72.01,1
1456,2.0,1,40,10,140,72.01,1
1457,2.0,1,40,10,140,72.01,1
1458,2.0,1,40,10,140,72.01,1
1459,2.0,1,40,10,140,72.01,1
1460,2.0,1,40,10,140,72.01,1
1461,2.0,1,40,10,140,72.01,1
1462,2.0,1,40,10,140,72.01,1
1463,2.0,1,40,10,140,72.01,1
1464,2.0,1,40,10,140,72.01,1
1465,2.0,1,40,10,140,72.01,1
1466,2.0,1,40,10,140,72.01,1
1467,2.0,1,40,10,140,72.01,1
1468,2.0,1,40,10,140,72.01,1
1469,2.0,1,40,10,140,72.01,1
1470,2.0,1,40,10,140,72.01,1
1471,2.0,1,40,10,140,72.01,1
1472,2.0,1,40,10,140,72.01,1
1473,2.0,1,40,10,140,72.01,1
1474,2.0,1,40,10,140,72.01,1
1475,2.0,1,40,10,140,72.01,1
1476,2.0,1,40,10,140,72.01,1
1477,2.0,1,40,10,140,72.01,1
1478,2.0,1,40,10,140,72.01,1
1479,2.0,1,40,10,140,72.01,1
1480,2.0,1,40,10,140,72.01,1
1481,2.0,1,40,10,140,72.01,1
1482,2.0,1,40,10,140,72.01,1
1483,2.0,1,40,10,140,72.01,1
1484,2.0,1,40,10,280,55.73,1
1485,2.0,1,40,10,280,55.73,1
1486,2.0,1,40,10,280,55.73,1
1487,2.0,1,40,10,280,55.73,1
1488,2.0,1,40,10,280,55.73,1
1489,2.0,1,40,10,280,55.73,1
1490,2.0,1,40,10,280,55.73,1
1491,2.0,1,40,10,280,55.73,1
1492,2.0,1,40,10,280,55.73,1
1493,2.0,1,40,10,280,55.73,1
1494,2.0,1,40,10,280,55.73,1
1495,2.0,1,40,10,280,55.73,1
1496,2.0,1,40,10,280,55.73,1
1497,2.0,1,40,10,280,55.73,1
1498,2.0,1,40,10,280,55.73,1
1499,2.0,1,40,10,280,55.73,1
1500,2.0,1,40,10,280,55.73,1
1501,2.0,1,40,10,280,55.73,1
1502,2.0,1,40,10,280,55.73,1
1503,2.0,1,40,10,280,55.73,1
1504,2.0,1,40,10,280,55.73,1
1505,2.0,1,40,10,280,55.73,1
1506,2.0,1,40,10,280,55.73,1
1507,2.0,1,40,10,280,55.73,1
1508,2.0,1,40,10,280,55.73,1
1509,2.0,1,40,10,280,55.73,1
1510,2.0,1,40,10,280,55.73,1
1511,2.0,1,40,10,280,55.73,1
1512,2.0,1,40,10,280,55.73,1
1513,2.0,1,40,10,280,55.73,1
1514,2.0,1,40,10,280,55.73,1
1515,2.0,1,40,10,280,55.73,1
1516,2.0,1,40,10,280,55.73,1
1517,2.0,1,40,10,280,55.73,1
1518,2.0,1,40,10,280,55.73,1
1519,2.0,1,40,10,280,55.73,1
1520,2.0,1,40,10,280,55.73,1
1521,2.0,1,40,10,280,55.73,1
1522,2.0,1,40,10,280,55.73,1
1523,2.0,1,40,10,280,55.73,1
1524,2.0,1,40,10,280,55.73,1
1525,2.0,1,40,10,280,55.73,1
1526,2.0,1,40,10,280,55.73,1
1527,2.0,1,40,10,280,55.73,1
1528,2.0,1,40,10,280,55.73,1
1529,2.0,1,40,10,280,55.73,1
1530,2.0,1,40,10,280,55.73,1
1531,2.0,1,40,10,280,55.73,1
1532,2.0,1,40,10,280,55.73,1
1533,2.0,1,40,10,280,55.73,1
1534,2.0,1,40,10,280,55.73,1
1535,2.0,1,40,10,280,55.73,1
1536,2.0,1,40,10,280,55.73,1
1537,2.0,1,40,10,280,55.73,1
1538,2.0,1,40,10,280,55.73,1
1539,2.0,1,40,10,280,55.73,1
1540,2.0,1,40,10,280,55.73,1
1541,2.0,1,40,10,280,55.73,1
1542,2.0,1,40,10,280,55.73,1
1543,2.0,1,40,10,280,55.73,1
1544,2.0,1,40,10,280,55.73,1
1545,2.0,1,40,10,280,55.73,1
1546,2.0,1,40,10,280,55.73,1
1547,2.0,1,40,10,280,55.73,1
1548,2.0,1,40,10,280,55.73,1
1549,2.0,1,40,10,280,55.73,1
1550,2.0,1,40,10,280,55.73,1
1551,2.0,1,40,10,280,55.73,1
1552,2.0,1,40,10,280,55.73,1
1553,2.0,1,40,10,280,55.73,1
1554,2.0,1,40,10,280,55.73,1
1555,2.0,1,40,10,280,55.73,1
1556,2.0,1,40,10,280,55.73,1
1557,2.0,1,40,10,280,55.73,1
1558,2.0,1,40,10,280,55.73,1
1559,2.0,1,40,10,280,55.73,1
1560,2.0,1,40,10,280,55.73,1
1561,2.0,1,40,10,280,55.73,1
1562,2.0,1,40,10,280,55.73,1
1563,2.0,1,40,10,280,55.73,1
1564,2.0,1,40,10,280,55.73,1
1565,2.0,1,40,10,280,55.73,1
1566,2.0,1,40,10,280,55.73,1
1567,2.0,1,40,10,280,55.73,1
1568,2.0,1,40,10,280,55.73,1
1569,2.0,1,40,10,280,55.73,1
1570,2.0,1,40,10,280,55.73,1
1571,2.0,1,40,10,280,55.73,1
1572,2.0,1,40,10,280,55.73,1
1573,2.0,1,40,10,280,55.73,1
1574,2.0,1,40,10,280,55.73,1
1575,2.0,1,40,10,280,55.73,1
1576,2.0,1,40,10,280,55.73,1
1577,2.0,1,40,10,280,55.73,1
1578,2.0,1,40,10,280,55.73,1
1579,2.0,1,40,10,280,55.73,1
1580,2.0,1,40,10,280,55.73,1
1581,2.0,1,40,10,280,55.73,1
1582,2.0,1,40,10,280,55.73,1
1583,2.0,1,40,10,280,55.73,1
1584,2.0,1,40,10,280,55.73,1
1585,2.0,1,40,10,280,55.73,1
1586,2.0,1,40,10,280,55.73,1
1587,2.0,1,40,10,280,55.73,1
1588,2.0,1,40,10,280,55.73,1
1589,2.0,1,40,10,280,55.73,1
1590,2.0,1,40,10,280,55.73,1
1591,2.0,1,40,10,280,55.73,1
1592,2.0,1,40,10,280,55.73,1
1593,2.0,1,40,10,280,55.73,1
1594,2.0,1,40,10,280,55.73,1
1595,2.0,1,40,10,280,55.73,1
1596,2.0,1,40,10,280,55.73,1
1597,2.0,1,40,10,280,55.73,1
1598,2.0,1,40,10,280,55.73,1
1599,2.0,1,40,10,280,55.73,1
1600,2.0,1,40,10,280,55.73,1
1601,2.0,1,40,10,280,55.73,1
1602,2.0,1,40,10,280,55.73,1
1603,2.0,1,40,10,280,55.73,1
1604,2.0,1,40,10,280,55.73,1
1605,2.0,1,40,10,280,55.73,1
1606,2.0,1,40,10,280,55.73,1
1607,2.0,1,40,10,280,55.73,1
1608,2.0,1,40,10,280,55.73,1
1609,2.0,1,40,10,280,55.73,1
1610,2.0,1,40,10,280,55.73,1
1611,2.0,1,40,10,280,55.73,1
1612,2.0,1,40,10,280,55.73,1
1613,2.0,1,40,10,280,55.73,1
1614,2.0,1,40,10,280,55.73,1
1615,2.0,1,40,10,280,55.73,1
1616,2.0,1,40,10,280,55.73,1
1617,2.0,1,40,10,280,55.73,1
1618,2.0,1,40,10,280,55.73,1
1619,2.0,1,40,10,280,55.73,1
1620,2.0,1,40,10,280,55.73,1
1621,2.0,1,40,10,280,55.73,1
1622,2.0,1,40,10,280,55.73,1
1623,2.0,1,40,10,280,55.73,1
1624,2.0,1,40,10,280,55.73,1
1625,2.0,1,40,10,280,55.73,1
1626,2.0,1,40,10,280,55.73,1
1627,2.0,1,40,10,280,55.73,1
1628,2.0,1,40,10,280,55.73,1
