,Model,Nozzle Shape,Nozzle Length (cm),Microgel-to-Nozzle Ratio,Rel. Microgel Stiffness,Rel. Fluid Viscosity,Rel. Jamming Status,Manual Ext.,Mech. Ext.,Pneum. Ext,Pred_class,Pred_probability
0,RF,0,0,0.2,0,0,0,0,0,0,1,1.0
1,RF,0,0,0.2,0,0,0,0,0,1,1,1.0
2,RF,0,0,0.2,0,0,0,0,1,0,1,1.0
3,RF,0,0,0.2,0,0,0,0,1,1,1,1.0
4,RF,0,0,0.2,0,0,0,1,0,0,1,1.0
5,RF,0,0,0.2,0,0,0,1,0,1,1,1.0
6,RF,0,0,0.2,0,0,0,1,1,0,1,1.0
7,RF,0,0,0.2,0,0,0,1,1,1,1,1.0
8,RF,0,0,0.2,0,0,1,0,0,0,1,0.6
9,RF,0,0,0.2,0,0,1,0,0,1,0,0.5
10,RF,0,0,0.2,0,0,1,0,1,0,1,0.9
11,RF,0,0,0.2,0,0,1,0,1,1,1,0.7
12,RF,0,0,0.2,0,0,1,1,0,0,1,0.6
13,RF,0,0,0.2,0,0,1,1,0,1,1,0.6
14,RF,0,0,0.2,0,0,1,1,1,0,1,0.9
15,RF,0,0,0.2,0,0,1,1,1,1,1,0.8
16,RF,0,0,0.2,0,5,0,0,0,0,1,1.0
17,RF,0,0,0.2,0,5,0,0,0,1,1,1.0
18,RF,0,0,0.2,0,5,0,0,1,0,1,1.0
19,RF,0,0,0.2,0,5,0,0,1,1,1,1.0
20,RF,0,0,0.2,0,5,0,1,0,0,1,1.0
21,RF,0,0,0.2,0,5,0,1,0,1,1,1.0
22,RF,0,0,0.2,0,5,0,1,1,0,1,1.0
23,RF,0,0,0.2,0,5,0,1,1,1,1,1.0
24,RF,0,0,0.2,0,5,1,0,0,0,1,0.9714285714285715
25,RF,0,0,0.2,0,5,1,0,0,1,1,1.0
26,RF,0,0,0.2,0,5,1,0,1,0,1,1.0
27,RF,0,0,0.2,0,5,1,0,1,1,1,1.0
28,RF,0,0,0.2,0,5,1,1,0,0,1,0.9047619047619048
29,RF,0,0,0.2,0,5,1,1,0,1,1,0.9333333333333332
30,RF,0,0,0.2,0,5,1,1,1,0,1,1.0
31,RF,0,0,0.2,0,5,1,1,1,1,1,1.0
32,RF,0,0,0.2,3,0,0,0,0,0,1,0.8
33,RF,0,0,0.2,3,0,0,0,0,1,1,0.8
34,RF,0,0,0.2,3,0,0,0,1,0,1,0.8
35,RF,0,0,0.2,3,0,0,0,1,1,1,0.8
36,RF,0,0,0.2,3,0,0,1,0,0,1,0.7
37,RF,0,0,0.2,3,0,0,1,0,1,1,0.7
38,RF,0,0,0.2,3,0,0,1,1,0,1,0.7
39,RF,0,0,0.2,3,0,0,1,1,1,1,0.7
40,RF,0,0,0.2,3,0,1,0,0,0,0,0.4
41,RF,0,0,0.2,3,0,1,0,0,1,0,0.4
42,RF,0,0,0.2,3,0,1,0,1,0,1,0.7
43,RF,0,0,0.2,3,0,1,0,1,1,1,0.6
44,RF,0,0,0.2,3,0,1,1,0,0,0,0.3
45,RF,0,0,0.2,3,0,1,1,0,1,0,0.3
46,RF,0,0,0.2,3,0,1,1,1,0,1,0.6
47,RF,0,0,0.2,3,0,1,1,1,1,0,0.5
48,RF,0,0,0.2,3,5,0,0,0,0,1,1.0
49,RF,0,0,0.2,3,5,0,0,0,1,1,1.0
50,RF,0,0,0.2,3,5,0,0,1,0,1,1.0
51,RF,0,0,0.2,3,5,0,0,1,1,1,1.0
52,RF,0,0,0.2,3,5,0,1,0,0,1,0.8
53,RF,0,0,0.2,3,5,0,1,0,1,1,0.8
54,RF,0,0,0.2,3,5,0,1,1,0,1,0.8
55,RF,0,0,0.2,3,5,0,1,1,1,1,0.8
56,RF,0,0,0.2,3,5,1,0,0,0,1,0.808174584036653
57,RF,0,0,0.2,3,5,1,0,0,1,1,0.908174584036653
58,RF,0,0,0.2,3,5,1,0,1,0,1,0.9427899686520377
59,RF,0,0,0.2,3,5,1,0,1,1,1,0.9427899686520377
60,RF,0,0,0.2,3,5,1,1,0,0,1,0.6309018567639256
61,RF,0,0,0.2,3,5,1,1,0,1,1,0.7309018567639257
62,RF,0,0,0.2,3,5,1,1,1,0,1,0.7655172413793103
63,RF,0,0,0.2,3,5,1,1,1,1,1,0.7655172413793103
64,RF,0,0,1.0,0,0,0,0,0,0,1,0.9
65,RF,0,0,1.0,0,0,0,0,0,1,1,0.9
66,RF,0,0,1.0,0,0,0,0,1,0,1,0.9
67,RF,0,0,1.0,0,0,0,0,1,1,1,0.9
68,RF,0,0,1.0,0,0,0,1,0,0,1,0.9
69,RF,0,0,1.0,0,0,0,1,0,1,1,0.9
70,RF,0,0,1.0,0,0,0,1,1,0,1,0.9
71,RF,0,0,1.0,0,0,0,1,1,1,1,0.9
72,RF,0,0,1.0,0,0,1,0,0,0,1,0.6
73,RF,0,0,1.0,0,0,1,0,0,1,1,0.7
74,RF,0,0,1.0,0,0,1,0,1,0,1,0.8
75,RF,0,0,1.0,0,0,1,0,1,1,1,0.8
76,RF,0,0,1.0,0,0,1,1,0,0,1,0.6
77,RF,0,0,1.0,0,0,1,1,0,1,1,0.7
78,RF,0,0,1.0,0,0,1,1,1,0,1,0.8
79,RF,0,0,1.0,0,0,1,1,1,1,1,0.8
80,RF,0,0,1.0,0,5,0,0,0,0,1,1.0
81,RF,0,0,1.0,0,5,0,0,0,1,1,1.0
82,RF,0,0,1.0,0,5,0,0,1,0,1,1.0
83,RF,0,0,1.0,0,5,0,0,1,1,1,1.0
84,RF,0,0,1.0,0,5,0,1,0,0,1,1.0
85,RF,0,0,1.0,0,5,0,1,0,1,1,1.0
86,RF,0,0,1.0,0,5,0,1,1,0,1,1.0
87,RF,0,0,1.0,0,5,0,1,1,1,1,1.0
88,RF,0,0,1.0,0,5,1,0,0,0,1,0.9
89,RF,0,0,1.0,0,5,1,0,0,1,1,1.0
90,RF,0,0,1.0,0,5,1,0,1,0,1,1.0
91,RF,0,0,1.0,0,5,1,0,1,1,1,1.0
92,RF,0,0,1.0,0,5,1,1,0,0,1,0.9
93,RF,0,0,1.0,0,5,1,1,0,1,1,1.0
94,RF,0,0,1.0,0,5,1,1,1,0,1,1.0
95,RF,0,0,1.0,0,5,1,1,1,1,1,1.0
96,RF,0,0,1.0,3,0,0,0,0,0,1,0.7
97,RF,0,0,1.0,3,0,0,0,0,1,1,0.6
98,RF,0,0,1.0,3,0,0,0,1,0,1,0.7
99,RF,0,0,1.0,3,0,0,0,1,1,1,0.6
100,RF,0,0,1.0,3,0,0,1,0,0,1,0.6
101,RF,0,0,1.0,3,0,0,1,0,1,0,0.5
102,RF,0,0,1.0,3,0,0,1,1,0,1,0.6
103,RF,0,0,1.0,3,0,0,1,1,1,0,0.5
104,RF,0,0,1.0,3,0,1,0,0,0,0,0.3
105,RF,0,0,1.0,3,0,1,0,0,1,0,0.3
106,RF,0,0,1.0,3,0,1,0,1,0,0,0.5
107,RF,0,0,1.0,3,0,1,0,1,1,0,0.4
108,RF,0,0,1.0,3,0,1,1,0,0,0,0.3
109,RF,0,0,1.0,3,0,1,1,0,1,0,0.3
110,RF,0,0,1.0,3,0,1,1,1,0,0,0.5
111,RF,0,0,1.0,3,0,1,1,1,1,0,0.4
112,RF,0,0,1.0,3,5,0,0,0,0,1,1.0
113,RF,0,0,1.0,3,5,0,0,0,1,1,0.9
114,RF,0,0,1.0,3,5,0,0,1,0,1,1.0
115,RF,0,0,1.0,3,5,0,0,1,1,1,0.9
116,RF,0,0,1.0,3,5,0,1,0,0,1,0.8
117,RF,0,0,1.0,3,5,0,1,0,1,1,0.7
118,RF,0,0,1.0,3,5,0,1,1,0,1,0.8
119,RF,0,0,1.0,3,5,0,1,1,1,1,0.7
120,RF,0,0,1.0,3,5,1,0,0,0,1,0.7
121,RF,0,0,1.0,3,5,1,0,0,1,1,0.7
122,RF,0,0,1.0,3,5,1,0,1,0,1,0.8
123,RF,0,0,1.0,3,5,1,0,1,1,1,0.7
124,RF,0,0,1.0,3,5,1,1,0,0,1,0.6
125,RF,0,0,1.0,3,5,1,1,0,1,1,0.6
126,RF,0,0,1.0,3,5,1,1,1,0,1,0.7
127,RF,0,0,1.0,3,5,1,1,1,1,1,0.6
128,RF,0,4,0.2,0,0,0,0,0,0,1,1.0
129,RF,0,4,0.2,0,0,0,0,0,1,1,1.0
130,RF,0,4,0.2,0,0,0,0,1,0,1,1.0
131,RF,0,4,0.2,0,0,0,0,1,1,1,1.0
132,RF,0,4,0.2,0,0,0,1,0,0,1,1.0
133,RF,0,4,0.2,0,0,0,1,0,1,1,1.0
134,RF,0,4,0.2,0,0,0,1,1,0,1,1.0
135,RF,0,4,0.2,0,0,0,1,1,1,1,1.0
136,RF,0,4,0.2,0,0,1,0,0,0,1,0.6
137,RF,0,4,0.2,0,0,1,0,0,1,1,0.6
138,RF,0,4,0.2,0,0,1,0,1,0,1,0.9
139,RF,0,4,0.2,0,0,1,0,1,1,1,0.8
140,RF,0,4,0.2,0,0,1,1,0,0,1,0.6
141,RF,0,4,0.2,0,0,1,1,0,1,1,0.7
142,RF,0,4,0.2,0,0,1,1,1,0,1,0.9
143,RF,0,4,0.2,0,0,1,1,1,1,1,0.9
144,RF,0,4,0.2,0,5,0,0,0,0,1,1.0
145,RF,0,4,0.2,0,5,0,0,0,1,1,1.0
146,RF,0,4,0.2,0,5,0,0,1,0,1,1.0
147,RF,0,4,0.2,0,5,0,0,1,1,1,1.0
148,RF,0,4,0.2,0,5,0,1,0,0,1,1.0
149,RF,0,4,0.2,0,5,0,1,0,1,1,1.0
150,RF,0,4,0.2,0,5,0,1,1,0,1,1.0
151,RF,0,4,0.2,0,5,0,1,1,1,1,1.0
152,RF,0,4,0.2,0,5,1,0,0,0,1,0.9714285714285715
153,RF,0,4,0.2,0,5,1,0,0,1,1,1.0
154,RF,0,4,0.2,0,5,1,0,1,0,1,1.0
155,RF,0,4,0.2,0,5,1,0,1,1,1,1.0
156,RF,0,4,0.2,0,5,1,1,0,0,1,0.9047619047619048
157,RF,0,4,0.2,0,5,1,1,0,1,1,0.9333333333333332
158,RF,0,4,0.2,0,5,1,1,1,0,1,1.0
159,RF,0,4,0.2,0,5,1,1,1,1,1,1.0
160,RF,0,4,0.2,3,0,0,0,0,0,1,0.7
161,RF,0,4,0.2,3,0,0,0,0,1,1,0.7
162,RF,0,4,0.2,3,0,0,0,1,0,1,0.7
163,RF,0,4,0.2,3,0,0,0,1,1,1,0.7
164,RF,0,4,0.2,3,0,0,1,0,0,0,0.5
165,RF,0,4,0.2,3,0,0,1,0,1,0,0.5
166,RF,0,4,0.2,3,0,0,1,1,0,0,0.5
167,RF,0,4,0.2,3,0,0,1,1,1,0,0.5
168,RF,0,4,0.2,3,0,1,0,0,0,0,0.1
169,RF,0,4,0.2,3,0,1,0,0,1,0,0.1
170,RF,0,4,0.2,3,0,1,0,1,0,0,0.4
171,RF,0,4,0.2,3,0,1,0,1,1,0,0.3
172,RF,0,4,0.2,3,0,1,1,0,0,0,0.0
173,RF,0,4,0.2,3,0,1,1,0,1,0,0.1
174,RF,0,4,0.2,3,0,1,1,1,0,0,0.3
175,RF,0,4,0.2,3,0,1,1,1,1,0,0.3
176,RF,0,4,0.2,3,5,0,0,0,0,1,1.0
177,RF,0,4,0.2,3,5,0,0,0,1,1,1.0
178,RF,0,4,0.2,3,5,0,0,1,0,1,1.0
179,RF,0,4,0.2,3,5,0,0,1,1,1,1.0
180,RF,0,4,0.2,3,5,0,1,0,0,1,0.7
181,RF,0,4,0.2,3,5,0,1,0,1,1,0.7
182,RF,0,4,0.2,3,5,0,1,1,0,1,0.7
183,RF,0,4,0.2,3,5,0,1,1,1,1,0.7
184,RF,0,4,0.2,3,5,1,0,0,0,1,0.8309018567639257
185,RF,0,4,0.2,3,5,1,0,0,1,1,0.9309018567639257
186,RF,0,4,0.2,3,5,1,0,1,0,1,0.9655172413793103
187,RF,0,4,0.2,3,5,1,0,1,1,1,0.9655172413793103
188,RF,0,4,0.2,3,5,1,1,0,0,1,0.5309018567639258
189,RF,0,4,0.2,3,5,1,1,0,1,1,0.6309018567639256
190,RF,0,4,0.2,3,5,1,1,1,0,1,0.6655172413793103
191,RF,0,4,0.2,3,5,1,1,1,1,1,0.6655172413793103
192,RF,0,4,1.0,0,0,0,0,0,0,1,0.9
193,RF,0,4,1.0,0,0,0,0,0,1,1,0.9
194,RF,0,4,1.0,0,0,0,0,1,0,1,0.9
195,RF,0,4,1.0,0,0,0,0,1,1,1,0.9
196,RF,0,4,1.0,0,0,0,1,0,0,1,0.9
197,RF,0,4,1.0,0,0,0,1,0,1,1,0.9
198,RF,0,4,1.0,0,0,0,1,1,0,1,0.9
199,RF,0,4,1.0,0,0,0,1,1,1,1,0.9
200,RF,0,4,1.0,0,0,1,0,0,0,1,0.6
201,RF,0,4,1.0,0,0,1,0,0,1,1,0.7
202,RF,0,4,1.0,0,0,1,0,1,0,1,0.8
203,RF,0,4,1.0,0,0,1,0,1,1,1,0.8
204,RF,0,4,1.0,0,0,1,1,0,0,1,0.6
205,RF,0,4,1.0,0,0,1,1,0,1,1,0.7
206,RF,0,4,1.0,0,0,1,1,1,0,1,0.8
207,RF,0,4,1.0,0,0,1,1,1,1,1,0.8
208,RF,0,4,1.0,0,5,0,0,0,0,1,1.0
209,RF,0,4,1.0,0,5,0,0,0,1,1,1.0
210,RF,0,4,1.0,0,5,0,0,1,0,1,1.0
211,RF,0,4,1.0,0,5,0,0,1,1,1,1.0
212,RF,0,4,1.0,0,5,0,1,0,0,1,1.0
213,RF,0,4,1.0,0,5,0,1,0,1,1,1.0
214,RF,0,4,1.0,0,5,0,1,1,0,1,1.0
215,RF,0,4,1.0,0,5,0,1,1,1,1,1.0
216,RF,0,4,1.0,0,5,1,0,0,0,1,0.8571428571428571
217,RF,0,4,1.0,0,5,1,0,0,1,1,0.9571428571428571
218,RF,0,4,1.0,0,5,1,0,1,0,1,0.9571428571428571
219,RF,0,4,1.0,0,5,1,0,1,1,1,0.9571428571428571
220,RF,0,4,1.0,0,5,1,1,0,0,1,0.8571428571428571
221,RF,0,4,1.0,0,5,1,1,0,1,1,0.9571428571428571
222,RF,0,4,1.0,0,5,1,1,1,0,1,0.9571428571428571
223,RF,0,4,1.0,0,5,1,1,1,1,1,0.9571428571428571
224,RF,0,4,1.0,3,0,0,0,0,0,1,0.6
225,RF,0,4,1.0,3,0,0,0,0,1,0,0.5
226,RF,0,4,1.0,3,0,0,0,1,0,1,0.6
227,RF,0,4,1.0,3,0,0,0,1,1,0,0.5
228,RF,0,4,1.0,3,0,0,1,0,0,0,0.5
229,RF,0,4,1.0,3,0,0,1,0,1,0,0.4
230,RF,0,4,1.0,3,0,0,1,1,0,0,0.5
231,RF,0,4,1.0,3,0,0,1,1,1,0,0.4
232,RF,0,4,1.0,3,0,1,0,0,0,0,0.1
233,RF,0,4,1.0,3,0,1,0,0,1,0,0.1
234,RF,0,4,1.0,3,0,1,0,1,0,0,0.3
235,RF,0,4,1.0,3,0,1,0,1,1,0,0.2
236,RF,0,4,1.0,3,0,1,1,0,0,0,0.1
237,RF,0,4,1.0,3,0,1,1,0,1,0,0.1
238,RF,0,4,1.0,3,0,1,1,1,0,0,0.3
239,RF,0,4,1.0,3,0,1,1,1,1,0,0.2
240,RF,0,4,1.0,3,5,0,0,0,0,1,0.9400000000000001
241,RF,0,4,1.0,3,5,0,0,0,1,1,0.8400000000000001
242,RF,0,4,1.0,3,5,0,0,1,0,1,0.9400000000000001
243,RF,0,4,1.0,3,5,0,0,1,1,1,0.8400000000000001
244,RF,0,4,1.0,3,5,0,1,0,0,1,0.74
245,RF,0,4,1.0,3,5,0,1,0,1,1,0.64
246,RF,0,4,1.0,3,5,0,1,1,0,1,0.74
247,RF,0,4,1.0,3,5,0,1,1,1,1,0.64
248,RF,0,4,1.0,3,5,1,0,0,0,1,0.6721428571428572
249,RF,0,4,1.0,3,5,1,0,0,1,1,0.6721428571428572
250,RF,0,4,1.0,3,5,1,0,1,0,1,0.7721428571428571
251,RF,0,4,1.0,3,5,1,0,1,1,1,0.6721428571428572
252,RF,0,4,1.0,3,5,1,1,0,0,0,0.49714285714285716
253,RF,0,4,1.0,3,5,1,1,0,1,0,0.49714285714285716
254,RF,0,4,1.0,3,5,1,1,1,0,1,0.5971428571428572
255,RF,0,4,1.0,3,5,1,1,1,1,0,0.49714285714285716
256,RF,1,0,0.2,0,0,0,0,0,0,1,1.0
257,RF,1,0,0.2,0,0,0,0,0,1,1,1.0
258,RF,1,0,0.2,0,0,0,0,1,0,1,1.0
259,RF,1,0,0.2,0,0,0,0,1,1,1,1.0
260,RF,1,0,0.2,0,0,0,1,0,0,1,1.0
261,RF,1,0,0.2,0,0,0,1,0,1,1,1.0
262,RF,1,0,0.2,0,0,0,1,1,0,1,1.0
263,RF,1,0,0.2,0,0,0,1,1,1,1,1.0
264,RF,1,0,0.2,0,0,1,0,0,0,1,0.6
265,RF,1,0,0.2,0,0,1,0,0,1,0,0.5
266,RF,1,0,0.2,0,0,1,0,1,0,1,0.9
267,RF,1,0,0.2,0,0,1,0,1,1,1,0.7
268,RF,1,0,0.2,0,0,1,1,0,0,1,0.6
269,RF,1,0,0.2,0,0,1,1,0,1,1,0.6
270,RF,1,0,0.2,0,0,1,1,1,0,1,0.9
271,RF,1,0,0.2,0,0,1,1,1,1,1,0.8
272,RF,1,0,0.2,0,5,0,0,0,0,1,1.0
273,RF,1,0,0.2,0,5,0,0,0,1,1,1.0
274,RF,1,0,0.2,0,5,0,0,1,0,1,1.0
275,RF,1,0,0.2,0,5,0,0,1,1,1,1.0
276,RF,1,0,0.2,0,5,0,1,0,0,1,1.0
277,RF,1,0,0.2,0,5,0,1,0,1,1,1.0
278,RF,1,0,0.2,0,5,0,1,1,0,1,1.0
279,RF,1,0,0.2,0,5,0,1,1,1,1,1.0
280,RF,1,0,0.2,0,5,1,0,0,0,1,0.9714285714285715
281,RF,1,0,0.2,0,5,1,0,0,1,1,1.0
282,RF,1,0,0.2,0,5,1,0,1,0,1,1.0
283,RF,1,0,0.2,0,5,1,0,1,1,1,1.0
284,RF,1,0,0.2,0,5,1,1,0,0,1,0.9047619047619048
285,RF,1,0,0.2,0,5,1,1,0,1,1,0.9333333333333332
286,RF,1,0,0.2,0,5,1,1,1,0,1,1.0
287,RF,1,0,0.2,0,5,1,1,1,1,1,1.0
288,RF,1,0,0.2,3,0,0,0,0,0,1,0.8
289,RF,1,0,0.2,3,0,0,0,0,1,1,0.8
290,RF,1,0,0.2,3,0,0,0,1,0,1,0.8
291,RF,1,0,0.2,3,0,0,0,1,1,1,0.8
292,RF,1,0,0.2,3,0,0,1,0,0,1,0.7
293,RF,1,0,0.2,3,0,0,1,0,1,1,0.7
294,RF,1,0,0.2,3,0,0,1,1,0,1,0.7
295,RF,1,0,0.2,3,0,0,1,1,1,1,0.7
296,RF,1,0,0.2,3,0,1,0,0,0,0,0.5
297,RF,1,0,0.2,3,0,1,0,0,1,0,0.5
298,RF,1,0,0.2,3,0,1,0,1,0,1,0.7
299,RF,1,0,0.2,3,0,1,0,1,1,1,0.6
300,RF,1,0,0.2,3,0,1,1,0,0,0,0.4
301,RF,1,0,0.2,3,0,1,1,0,1,0,0.4
302,RF,1,0,0.2,3,0,1,1,1,0,1,0.6
303,RF,1,0,0.2,3,0,1,1,1,1,0,0.5
304,RF,1,0,0.2,3,5,0,0,0,0,1,1.0
305,RF,1,0,0.2,3,5,0,0,0,1,1,1.0
306,RF,1,0,0.2,3,5,0,0,1,0,1,1.0
307,RF,1,0,0.2,3,5,0,0,1,1,1,1.0
308,RF,1,0,0.2,3,5,0,1,0,0,1,0.8
309,RF,1,0,0.2,3,5,0,1,0,1,1,0.8
310,RF,1,0,0.2,3,5,0,1,1,0,1,0.8
311,RF,1,0,0.2,3,5,0,1,1,1,1,0.8
312,RF,1,0,0.2,3,5,1,0,0,0,1,0.9
313,RF,1,0,0.2,3,5,1,0,0,1,1,1.0
314,RF,1,0,0.2,3,5,1,0,1,0,1,1.0
315,RF,1,0,0.2,3,5,1,0,1,1,1,1.0
316,RF,1,0,0.2,3,5,1,1,0,0,1,0.7
317,RF,1,0,0.2,3,5,1,1,0,1,1,0.8
318,RF,1,0,0.2,3,5,1,1,1,0,1,0.8
319,RF,1,0,0.2,3,5,1,1,1,1,1,0.8
320,RF,1,0,1.0,0,0,0,0,0,0,1,0.95
321,RF,1,0,1.0,0,0,0,0,0,1,1,0.95
322,RF,1,0,1.0,0,0,0,0,1,0,1,0.95
323,RF,1,0,1.0,0,0,0,0,1,1,1,0.95
324,RF,1,0,1.0,0,0,0,1,0,0,1,0.95
325,RF,1,0,1.0,0,0,0,1,0,1,1,0.95
326,RF,1,0,1.0,0,0,0,1,1,0,1,0.95
327,RF,1,0,1.0,0,0,0,1,1,1,1,0.95
328,RF,1,0,1.0,0,0,1,0,0,0,1,0.65
329,RF,1,0,1.0,0,0,1,0,0,1,1,0.75
330,RF,1,0,1.0,0,0,1,0,1,0,1,0.85
331,RF,1,0,1.0,0,0,1,0,1,1,1,0.85
332,RF,1,0,1.0,0,0,1,1,0,0,1,0.65
333,RF,1,0,1.0,0,0,1,1,0,1,1,0.75
334,RF,1,0,1.0,0,0,1,1,1,0,1,0.85
335,RF,1,0,1.0,0,0,1,1,1,1,1,0.85
336,RF,1,0,1.0,0,5,0,0,0,0,1,0.95
337,RF,1,0,1.0,0,5,0,0,0,1,1,0.95
338,RF,1,0,1.0,0,5,0,0,1,0,1,0.95
339,RF,1,0,1.0,0,5,0,0,1,1,1,0.95
340,RF,1,0,1.0,0,5,0,1,0,0,1,0.95
341,RF,1,0,1.0,0,5,0,1,0,1,1,0.95
342,RF,1,0,1.0,0,5,0,1,1,0,1,0.95
343,RF,1,0,1.0,0,5,0,1,1,1,1,0.95
344,RF,1,0,1.0,0,5,1,0,0,0,1,0.8
345,RF,1,0,1.0,0,5,1,0,0,1,1,0.9
346,RF,1,0,1.0,0,5,1,0,1,0,1,0.9
347,RF,1,0,1.0,0,5,1,0,1,1,1,0.9
348,RF,1,0,1.0,0,5,1,1,0,0,1,0.8
349,RF,1,0,1.0,0,5,1,1,0,1,1,0.9
350,RF,1,0,1.0,0,5,1,1,1,0,1,0.9
351,RF,1,0,1.0,0,5,1,1,1,1,1,0.9
352,RF,1,0,1.0,3,0,0,0,0,0,1,0.75
353,RF,1,0,1.0,3,0,0,0,0,1,1,0.7
354,RF,1,0,1.0,3,0,0,0,1,0,1,0.75
355,RF,1,0,1.0,3,0,0,0,1,1,1,0.7
356,RF,1,0,1.0,3,0,0,1,0,0,1,0.65
357,RF,1,0,1.0,3,0,0,1,0,1,1,0.6
358,RF,1,0,1.0,3,0,0,1,1,0,1,0.65
359,RF,1,0,1.0,3,0,0,1,1,1,1,0.6
360,RF,1,0,1.0,3,0,1,0,0,0,0,0.35
361,RF,1,0,1.0,3,0,1,0,0,1,0,0.4
362,RF,1,0,1.0,3,0,1,0,1,0,1,0.55
363,RF,1,0,1.0,3,0,1,0,1,1,0,0.5
364,RF,1,0,1.0,3,0,1,1,0,0,0,0.35
365,RF,1,0,1.0,3,0,1,1,0,1,0,0.4
366,RF,1,0,1.0,3,0,1,1,1,0,1,0.55
367,RF,1,0,1.0,3,0,1,1,1,1,0,0.5
368,RF,1,0,1.0,3,5,0,0,0,0,1,0.85
369,RF,1,0,1.0,3,5,0,0,0,1,1,0.8
370,RF,1,0,1.0,3,5,0,0,1,0,1,0.85
371,RF,1,0,1.0,3,5,0,0,1,1,1,0.8
372,RF,1,0,1.0,3,5,0,1,0,0,1,0.65
373,RF,1,0,1.0,3,5,0,1,0,1,1,0.6
374,RF,1,0,1.0,3,5,0,1,1,0,1,0.65
375,RF,1,0,1.0,3,5,0,1,1,1,1,0.6
376,RF,1,0,1.0,3,5,1,0,0,0,1,0.5285714285714286
377,RF,1,0,1.0,3,5,1,0,0,1,1,0.5785714285714285
378,RF,1,0,1.0,3,5,1,0,1,0,1,0.6285714285714286
379,RF,1,0,1.0,3,5,1,0,1,1,1,0.5785714285714285
380,RF,1,0,1.0,3,5,1,1,0,0,0,0.4
381,RF,1,0,1.0,3,5,1,1,0,1,0,0.45
382,RF,1,0,1.0,3,5,1,1,1,0,0,0.5
383,RF,1,0,1.0,3,5,1,1,1,1,0,0.45
384,RF,1,4,0.2,0,0,0,0,0,0,1,1.0
385,RF,1,4,0.2,0,0,0,0,0,1,1,1.0
386,RF,1,4,0.2,0,0,0,0,1,0,1,1.0
387,RF,1,4,0.2,0,0,0,0,1,1,1,1.0
388,RF,1,4,0.2,0,0,0,1,0,0,1,1.0
389,RF,1,4,0.2,0,0,0,1,0,1,1,1.0
390,RF,1,4,0.2,0,0,0,1,1,0,1,1.0
391,RF,1,4,0.2,0,0,0,1,1,1,1,1.0
392,RF,1,4,0.2,0,0,1,0,0,0,1,0.6
393,RF,1,4,0.2,0,0,1,0,0,1,1,0.6
394,RF,1,4,0.2,0,0,1,0,1,0,1,0.9
395,RF,1,4,0.2,0,0,1,0,1,1,1,0.8
396,RF,1,4,0.2,0,0,1,1,0,0,1,0.6
397,RF,1,4,0.2,0,0,1,1,0,1,1,0.7
398,RF,1,4,0.2,0,0,1,1,1,0,1,0.9
399,RF,1,4,0.2,0,0,1,1,1,1,1,0.9
400,RF,1,4,0.2,0,5,0,0,0,0,1,1.0
401,RF,1,4,0.2,0,5,0,0,0,1,1,1.0
402,RF,1,4,0.2,0,5,0,0,1,0,1,1.0
403,RF,1,4,0.2,0,5,0,0,1,1,1,1.0
404,RF,1,4,0.2,0,5,0,1,0,0,1,1.0
405,RF,1,4,0.2,0,5,0,1,0,1,1,1.0
406,RF,1,4,0.2,0,5,0,1,1,0,1,1.0
407,RF,1,4,0.2,0,5,0,1,1,1,1,1.0
408,RF,1,4,0.2,0,5,1,0,0,0,1,0.9714285714285715
409,RF,1,4,0.2,0,5,1,0,0,1,1,1.0
410,RF,1,4,0.2,0,5,1,0,1,0,1,1.0
411,RF,1,4,0.2,0,5,1,0,1,1,1,1.0
412,RF,1,4,0.2,0,5,1,1,0,0,1,0.9047619047619048
413,RF,1,4,0.2,0,5,1,1,0,1,1,0.9333333333333332
414,RF,1,4,0.2,0,5,1,1,1,0,1,1.0
415,RF,1,4,0.2,0,5,1,1,1,1,1,1.0
416,RF,1,4,0.2,3,0,0,0,0,0,1,0.7
417,RF,1,4,0.2,3,0,0,0,0,1,1,0.7
418,RF,1,4,0.2,3,0,0,0,1,0,1,0.7
419,RF,1,4,0.2,3,0,0,0,1,1,1,0.7
420,RF,1,4,0.2,3,0,0,1,0,0,0,0.5
421,RF,1,4,0.2,3,0,0,1,0,1,0,0.5
422,RF,1,4,0.2,3,0,0,1,1,0,0,0.5
423,RF,1,4,0.2,3,0,0,1,1,1,0,0.5
424,RF,1,4,0.2,3,0,1,0,0,0,0,0.2
425,RF,1,4,0.2,3,0,1,0,0,1,0,0.3
426,RF,1,4,0.2,3,0,1,0,1,0,0,0.4
427,RF,1,4,0.2,3,0,1,0,1,1,0,0.4
428,RF,1,4,0.2,3,0,1,1,0,0,0,0.1
429,RF,1,4,0.2,3,0,1,1,0,1,0,0.2
430,RF,1,4,0.2,3,0,1,1,1,0,0,0.3
431,RF,1,4,0.2,3,0,1,1,1,1,0,0.3
432,RF,1,4,0.2,3,5,0,0,0,0,1,1.0
433,RF,1,4,0.2,3,5,0,0,0,1,1,1.0
434,RF,1,4,0.2,3,5,0,0,1,0,1,1.0
435,RF,1,4,0.2,3,5,0,0,1,1,1,1.0
436,RF,1,4,0.2,3,5,0,1,0,0,1,0.7
437,RF,1,4,0.2,3,5,0,1,0,1,1,0.7
438,RF,1,4,0.2,3,5,0,1,1,0,1,0.7
439,RF,1,4,0.2,3,5,0,1,1,1,1,0.7
440,RF,1,4,0.2,3,5,1,0,0,0,1,0.9
441,RF,1,4,0.2,3,5,1,0,0,1,1,1.0
442,RF,1,4,0.2,3,5,1,0,1,0,1,1.0
443,RF,1,4,0.2,3,5,1,0,1,1,1,1.0
444,RF,1,4,0.2,3,5,1,1,0,0,1,0.6
445,RF,1,4,0.2,3,5,1,1,0,1,1,0.7
446,RF,1,4,0.2,3,5,1,1,1,0,1,0.7
447,RF,1,4,0.2,3,5,1,1,1,1,1,0.7
448,RF,1,4,1.0,0,0,0,0,0,0,1,0.95
449,RF,1,4,1.0,0,0,0,0,0,1,1,0.95
450,RF,1,4,1.0,0,0,0,0,1,0,1,0.95
451,RF,1,4,1.0,0,0,0,0,1,1,1,0.95
452,RF,1,4,1.0,0,0,0,1,0,0,1,0.95
453,RF,1,4,1.0,0,0,0,1,0,1,1,0.95
454,RF,1,4,1.0,0,0,0,1,1,0,1,0.95
455,RF,1,4,1.0,0,0,0,1,1,1,1,0.95
456,RF,1,4,1.0,0,0,1,0,0,0,1,0.65
457,RF,1,4,1.0,0,0,1,0,0,1,1,0.75
458,RF,1,4,1.0,0,0,1,0,1,0,1,0.85
459,RF,1,4,1.0,0,0,1,0,1,1,1,0.85
460,RF,1,4,1.0,0,0,1,1,0,0,1,0.65
461,RF,1,4,1.0,0,0,1,1,0,1,1,0.75
462,RF,1,4,1.0,0,0,1,1,1,0,1,0.85
463,RF,1,4,1.0,0,0,1,1,1,1,1,0.85
464,RF,1,4,1.0,0,5,0,0,0,0,1,0.95
465,RF,1,4,1.0,0,5,0,0,0,1,1,0.95
466,RF,1,4,1.0,0,5,0,0,1,0,1,0.95
467,RF,1,4,1.0,0,5,0,0,1,1,1,0.95
468,RF,1,4,1.0,0,5,0,1,0,0,1,0.95
469,RF,1,4,1.0,0,5,0,1,0,1,1,0.95
470,RF,1,4,1.0,0,5,0,1,1,0,1,0.95
471,RF,1,4,1.0,0,5,0,1,1,1,1,0.95
472,RF,1,4,1.0,0,5,1,0,0,0,1,0.7571428571428571
473,RF,1,4,1.0,0,5,1,0,0,1,1,0.8571428571428571
474,RF,1,4,1.0,0,5,1,0,1,0,1,0.8571428571428571
475,RF,1,4,1.0,0,5,1,0,1,1,1,0.8571428571428571
476,RF,1,4,1.0,0,5,1,1,0,0,1,0.7571428571428571
477,RF,1,4,1.0,0,5,1,1,0,1,1,0.8571428571428571
478,RF,1,4,1.0,0,5,1,1,1,0,1,0.8571428571428571
479,RF,1,4,1.0,0,5,1,1,1,1,1,0.8571428571428571
480,RF,1,4,1.0,3,0,0,0,0,0,1,0.65
481,RF,1,4,1.0,3,0,0,0,0,1,1,0.6
482,RF,1,4,1.0,3,0,0,0,1,0,1,0.65
483,RF,1,4,1.0,3,0,0,0,1,1,1,0.6
484,RF,1,4,1.0,3,0,0,1,0,0,1,0.55
485,RF,1,4,1.0,3,0,0,1,0,1,0,0.5
486,RF,1,4,1.0,3,0,0,1,1,0,1,0.55
487,RF,1,4,1.0,3,0,0,1,1,1,0,0.5
488,RF,1,4,1.0,3,0,1,0,0,0,0,0.15
489,RF,1,4,1.0,3,0,1,0,0,1,0,0.2
490,RF,1,4,1.0,3,0,1,0,1,0,0,0.35
491,RF,1,4,1.0,3,0,1,0,1,1,0,0.3
492,RF,1,4,1.0,3,0,1,1,0,0,0,0.15
493,RF,1,4,1.0,3,0,1,1,0,1,0,0.2
494,RF,1,4,1.0,3,0,1,1,1,0,0,0.35
495,RF,1,4,1.0,3,0,1,1,1,1,0,0.3
496,RF,1,4,1.0,3,5,0,0,0,0,1,0.85
497,RF,1,4,1.0,3,5,0,0,0,1,1,0.8
498,RF,1,4,1.0,3,5,0,0,1,0,1,0.85
499,RF,1,4,1.0,3,5,0,0,1,1,1,0.8
500,RF,1,4,1.0,3,5,0,1,0,0,1,0.65
501,RF,1,4,1.0,3,5,0,1,0,1,1,0.6
502,RF,1,4,1.0,3,5,0,1,1,0,1,0.65
503,RF,1,4,1.0,3,5,0,1,1,1,1,0.6
504,RF,1,4,1.0,3,5,1,0,0,0,1,0.5321428571428571
505,RF,1,4,1.0,3,5,1,0,0,1,1,0.5821428571428571
506,RF,1,4,1.0,3,5,1,0,1,0,1,0.6321428571428571
507,RF,1,4,1.0,3,5,1,0,1,1,1,0.5821428571428571
508,RF,1,4,1.0,3,5,1,1,0,0,0,0.3571428571428571
509,RF,1,4,1.0,3,5,1,1,0,1,0,0.40714285714285714
510,RF,1,4,1.0,3,5,1,1,1,0,0,0.45714285714285713
511,RF,1,4,1.0,3,5,1,1,1,1,0,0.40714285714285714
512,GBM,0,0,0.2,0,0,0,0,0,0,1,0.8049386206891854
513,GBM,0,0,0.2,0,0,0,0,0,1,1,0.8049638790761496
514,GBM,0,0,0.2,0,0,0,0,1,0,1,0.8049964255808986
515,GBM,0,0,0.2,0,0,0,0,1,1,1,0.805021403949084
516,GBM,0,0,0.2,0,0,0,1,0,0,1,0.803177829406029
517,GBM,0,0,0.2,0,0,0,1,0,1,1,0.8031959749770775
518,GBM,0,0,0.2,0,0,0,1,1,0,1,0.8032364700311833
519,GBM,0,0,0.2,0,0,0,1,1,1,1,0.8032543352948297
520,GBM,0,0,0.2,0,0,1,0,0,0,1,0.7821978616477278
521,GBM,0,0,0.2,0,0,1,0,0,1,1,0.7813869363800574
522,GBM,0,0,0.2,0,0,1,0,1,0,1,0.7890859208755349
523,GBM,0,0,0.2,0,0,1,0,1,1,1,0.78780865096354
524,GBM,0,0,0.2,0,0,1,1,0,0,1,0.7801822329132609
525,GBM,0,0,0.2,0,0,1,1,0,1,1,0.7799248008871725
526,GBM,0,0,0.2,0,0,1,1,1,0,1,0.7860866869334887
527,GBM,0,0,0.2,0,0,1,1,1,1,1,0.7853451218105555
528,GBM,0,0,0.2,0,5,0,0,0,0,1,0.8650086415504303
529,GBM,0,0,0.2,0,5,0,0,0,1,1,0.8653648794215261
530,GBM,0,0,0.2,0,5,0,0,1,0,1,0.8650452203404
531,GBM,0,0,0.2,0,5,0,0,1,1,1,0.8654012790109009
532,GBM,0,0,0.2,0,5,0,1,0,0,1,0.8640742236058461
533,GBM,0,0,0.2,0,5,0,1,0,1,1,0.8644323040809697
534,GBM,0,0,0.2,0,5,0,1,1,0,1,0.8641112001912403
535,GBM,0,0,0.2,0,5,0,1,1,1,1,0.8644691002733904
536,GBM,0,0,0.2,0,5,1,0,0,0,1,0.8632469801739782
537,GBM,0,0,0.2,0,5,1,0,0,1,1,0.8636711690331557
538,GBM,0,0,0.2,0,5,1,0,1,0,1,0.8633300104871688
539,GBM,0,0,0.2,0,5,1,0,1,1,1,0.8637538616952362
540,GBM,0,0,0.2,0,5,1,1,0,0,1,0.8617094729994241
541,GBM,0,0,0.2,0,5,1,1,0,1,1,0.8621376693516427
542,GBM,0,0,0.2,0,5,1,1,1,0,1,0.8617934774193925
543,GBM,0,0,0.2,0,5,1,1,1,1,1,0.8622213333597396
544,GBM,0,0,0.2,3,0,0,0,0,0,1,0.7426166023018952
545,GBM,0,0,0.2,3,0,0,0,0,1,1,0.7446097780258077
546,GBM,0,0,0.2,3,0,0,0,1,0,1,0.7426165843457181
547,GBM,0,0,0.2,3,0,0,0,1,1,1,0.7446097653787829
548,GBM,0,0,0.2,3,0,0,1,0,0,1,0.7416881722906449
549,GBM,0,0,0.2,3,0,0,1,0,1,1,0.7436860512729937
550,GBM,0,0,0.2,3,0,0,1,1,0,1,0.7416881575546903
551,GBM,0,0,0.2,3,0,0,1,1,1,1,0.7436860418419222
552,GBM,0,0,0.2,3,0,1,0,0,0,1,0.7031246034001671
553,GBM,0,0,0.2,3,0,1,0,0,1,1,0.704425891127519
554,GBM,0,0,0.2,3,0,1,0,1,0,1,0.7113521673743776
555,GBM,0,0,0.2,3,0,1,0,1,1,1,0.7120123618809755
556,GBM,0,0,0.2,3,0,1,1,0,0,1,0.7039403784567605
557,GBM,0,0,0.2,3,0,1,1,0,1,1,0.7058651022774138
558,GBM,0,0,0.2,3,0,1,1,1,0,1,0.7108887067835206
559,GBM,0,0,0.2,3,0,1,1,1,1,1,0.712167119035714
560,GBM,0,0,0.2,3,5,0,0,0,0,1,0.8574231777875259
561,GBM,0,0,0.2,3,5,0,0,0,1,1,0.8580799224214068
562,GBM,0,0,0.2,3,5,0,0,1,0,1,0.8574231777875259
563,GBM,0,0,0.2,3,5,0,0,1,1,1,0.8580799224214068
564,GBM,0,0,0.2,3,5,0,1,0,0,1,0.8535403900581251
565,GBM,0,0,0.2,3,5,0,1,0,1,1,0.8542119787768044
566,GBM,0,0,0.2,3,5,0,1,1,0,1,0.8535403900581251
567,GBM,0,0,0.2,3,5,0,1,1,1,1,0.8542119787768044
568,GBM,0,0,0.2,3,5,1,0,0,0,1,0.8366942643443582
569,GBM,0,0,0.2,3,5,1,0,0,1,1,0.8371430947608495
570,GBM,0,0,0.2,3,5,1,0,1,0,1,0.8366942643443582
571,GBM,0,0,0.2,3,5,1,0,1,1,1,0.8371430947608495
572,GBM,0,0,0.2,3,5,1,1,0,0,1,0.8321683956157107
573,GBM,0,0,0.2,3,5,1,1,0,1,1,0.83262717666594
574,GBM,0,0,0.2,3,5,1,1,1,0,1,0.8321683956157107
575,GBM,0,0,0.2,3,5,1,1,1,1,1,0.83262717666594
576,GBM,0,0,1.0,0,0,0,0,0,0,1,0.6494501276370785
577,GBM,0,0,1.0,0,0,0,0,0,1,1,0.6483374090964468
578,GBM,0,0,1.0,0,0,0,0,1,0,1,0.6494467687590897
579,GBM,0,0,1.0,0,0,0,0,1,1,1,0.6483340750152768
580,GBM,0,0,1.0,0,0,0,1,0,0,1,0.6506017439886237
581,GBM,0,0,1.0,0,0,0,1,0,1,1,0.649490646897935
582,GBM,0,0,1.0,0,0,0,1,1,0,1,0.6505983870503688
583,GBM,0,0,1.0,0,0,0,1,1,1,1,0.6494873146764887
584,GBM,0,0,1.0,0,0,1,0,0,0,1,0.6454222250887767
585,GBM,0,0,1.0,0,0,1,0,0,1,1,0.6435670165868878
586,GBM,0,0,1.0,0,0,1,0,1,0,1,0.6460771097547265
587,GBM,0,0,1.0,0,0,1,0,1,1,1,0.6442234452563872
588,GBM,0,0,1.0,0,0,1,1,0,0,1,0.6477749807832163
589,GBM,0,0,1.0,0,0,1,1,0,1,1,0.6466697312129416
590,GBM,0,0,1.0,0,0,1,1,1,0,1,0.6478239393755998
591,GBM,0,0,1.0,0,0,1,1,1,1,1,0.64671876594029
592,GBM,0,0,1.0,0,5,0,0,0,0,1,0.7693987603889862
593,GBM,0,0,1.0,0,5,0,0,0,1,1,0.7685869676676027
594,GBM,0,0,1.0,0,5,0,0,1,0,1,0.7694020017390659
595,GBM,0,0,1.0,0,5,0,0,1,1,1,0.7685902195985543
596,GBM,0,0,1.0,0,5,0,1,0,0,1,0.7691145724764415
597,GBM,0,0,1.0,0,5,0,1,0,1,1,0.7683020662678219
598,GBM,0,0,1.0,0,5,0,1,1,0,1,0.769117816657787
599,GBM,0,0,1.0,0,5,0,1,1,1,1,0.7683053210309295
600,GBM,0,0,1.0,0,5,1,0,0,0,1,0.7695222658914533
601,GBM,0,0,1.0,0,5,1,0,0,1,1,0.7687105637581056
602,GBM,0,0,1.0,0,5,1,0,1,0,1,0.7695434745489956
603,GBM,0,0,1.0,0,5,1,0,1,1,1,0.7687318246609253
604,GBM,0,0,1.0,0,5,1,1,0,0,1,0.7692258885889155
605,GBM,0,0,1.0,0,5,1,1,0,1,1,0.7684134567933687
606,GBM,0,0,1.0,0,5,1,1,1,0,1,0.7692471163410708
607,GBM,0,0,1.0,0,5,1,1,1,1,1,0.7684347367801119
608,GBM,0,0,1.0,3,0,0,0,0,0,0,0.4053679397333878
609,GBM,0,0,1.0,3,0,0,0,0,1,0,0.40523202915760775
610,GBM,0,0,1.0,3,0,0,0,1,0,0,0.4053679352730042
611,GBM,0,0,1.0,3,0,0,0,1,1,0,0.4052320246977006
612,GBM,0,0,1.0,3,0,0,1,0,0,0,0.4087824418669873
613,GBM,0,0,1.0,3,0,0,1,0,1,0,0.4086461732253493
614,GBM,0,0,1.0,3,0,0,1,1,0,0,0.4087824415103326
615,GBM,0,0,1.0,3,0,0,1,1,1,0,0.40864617286873134
616,GBM,0,0,1.0,3,0,1,0,0,0,0,0.39876613970561225
617,GBM,0,0,1.0,3,0,1,0,0,1,0,0.3979182482137437
618,GBM,0,0,1.0,3,0,1,0,1,0,0,0.3994080141608366
619,GBM,0,0,1.0,3,0,1,0,1,1,0,0.3985596625955654
620,GBM,0,0,1.0,3,0,1,1,0,0,0,0.40345529588329293
621,GBM,0,0,1.0,3,0,1,1,0,1,0,0.40333079629115415
622,GBM,0,0,1.0,3,0,1,1,1,0,0,0.40345529588329293
623,GBM,0,0,1.0,3,0,1,1,1,1,0,0.40333079629115415
624,GBM,0,0,1.0,3,5,0,0,0,0,1,0.6137040676591141
625,GBM,0,0,1.0,3,5,0,0,0,1,1,0.6147135561990612
626,GBM,0,0,1.0,3,5,0,0,1,0,1,0.6137040676591141
627,GBM,0,0,1.0,3,5,0,0,1,1,1,0.6147135561990612
628,GBM,0,0,1.0,3,5,0,1,0,0,1,0.6128296608222238
629,GBM,0,0,1.0,3,5,0,1,0,1,1,0.6138399965921439
630,GBM,0,0,1.0,3,5,0,1,1,0,1,0.6128296608222238
631,GBM,0,0,1.0,3,5,0,1,1,1,1,0.6138399965921439
632,GBM,0,0,1.0,3,5,1,0,0,0,1,0.6110272481387445
633,GBM,0,0,1.0,3,5,1,0,0,1,1,0.6120544707818009
634,GBM,0,0,1.0,3,5,1,0,1,0,1,0.6110272481387445
635,GBM,0,0,1.0,3,5,1,0,1,1,1,0.6120544707818009
636,GBM,0,0,1.0,3,5,1,1,0,0,1,0.6101570186993405
637,GBM,0,0,1.0,3,5,1,1,0,1,1,0.6111850771123276
638,GBM,0,0,1.0,3,5,1,1,1,0,1,0.6101570186993405
639,GBM,0,0,1.0,3,5,1,1,1,1,1,0.6111850771123276
640,GBM,0,4,0.2,0,0,0,0,0,0,1,0.688331215329409
641,GBM,0,4,0.2,0,0,0,0,0,1,1,0.6890016932078838
642,GBM,0,4,0.2,0,0,0,0,1,0,1,0.6895266313316968
643,GBM,0,4,0.2,0,0,0,0,1,1,1,0.6901952771300339
644,GBM,0,4,0.2,0,0,0,1,0,0,1,0.68250901820774
645,GBM,0,4,0.2,0,0,0,1,0,1,1,0.6831762808646765
646,GBM,0,4,0.2,0,0,0,1,1,0,1,0.6830487226727529
647,GBM,0,4,0.2,0,0,0,1,1,1,1,0.6837149540700358
648,GBM,0,4,0.2,0,0,1,0,0,0,1,0.636250800810084
649,GBM,0,4,0.2,0,0,1,0,0,1,1,0.6343237982901163
650,GBM,0,4,0.2,0,0,1,0,1,0,1,0.6484796421162743
651,GBM,0,4,0.2,0,0,1,0,1,1,1,0.6459644619114091
652,GBM,0,4,0.2,0,0,1,1,0,0,1,0.6314831385243044
653,GBM,0,4,0.2,0,0,1,1,0,1,1,0.6303039506987492
654,GBM,0,4,0.2,0,0,1,1,1,0,1,0.6420291266813785
655,GBM,0,4,0.2,0,0,1,1,1,1,1,0.6402430893947731
656,GBM,0,4,0.2,0,5,0,0,0,0,1,0.8614755631905234
657,GBM,0,4,0.2,0,5,0,0,0,1,1,0.8623044924319743
658,GBM,0,4,0.2,0,5,0,0,1,0,1,0.8614618559677911
659,GBM,0,4,0.2,0,5,0,0,1,1,1,0.8622907545322595
660,GBM,0,4,0.2,0,5,0,1,0,0,1,0.8587958621898892
661,GBM,0,4,0.2,0,5,0,1,0,1,1,0.8596367435168144
662,GBM,0,4,0.2,0,5,0,1,1,0,1,0.8587941377973365
663,GBM,0,4,0.2,0,5,0,1,1,1,1,0.8596349265175914
664,GBM,0,4,0.2,0,5,1,0,0,0,1,0.8425800165681544
665,GBM,0,4,0.2,0,5,1,0,0,1,1,0.8434887671318344
666,GBM,0,4,0.2,0,5,1,0,1,0,1,0.8433744410905654
667,GBM,0,4,0.2,0,5,1,0,1,1,1,0.8442793182820422
668,GBM,0,4,0.2,0,5,1,1,0,0,1,0.8398148417380223
669,GBM,0,4,0.2,0,5,1,1,0,1,1,0.8407365377833536
670,GBM,0,4,0.2,0,5,1,1,1,0,1,0.8408465096367523
671,GBM,0,4,0.2,0,5,1,1,1,1,1,0.8417632513360398
672,GBM,0,4,0.2,3,0,0,0,0,0,0,0.31609896185681885
673,GBM,0,4,0.2,3,0,0,0,0,1,0,0.32034156336550457
674,GBM,0,4,0.2,3,0,0,0,1,0,0,0.3160965108867327
675,GBM,0,4,0.2,3,0,0,0,1,1,0,0.32033910088175294
676,GBM,0,4,0.2,3,0,0,1,0,0,0,0.306030200016398
677,GBM,0,4,0.2,3,0,0,1,0,1,0,0.3101989515741639
678,GBM,0,4,0.2,3,0,0,1,1,0,0,0.3060277957991655
679,GBM,0,4,0.2,3,0,0,1,1,1,0,0.31019653511683143
680,GBM,0,4,0.2,3,0,1,0,0,0,0,0.23893695393689532
681,GBM,0,4,0.2,3,0,1,0,0,1,0,0.24067138313198658
682,GBM,0,4,0.2,3,0,1,0,1,0,0,0.24749689193064994
683,GBM,0,4,0.2,3,0,1,0,1,1,0,0.24874939170613666
684,GBM,0,4,0.2,3,0,1,1,0,0,0,0.23387012203078064
685,GBM,0,4,0.2,3,0,1,1,0,1,0,0.2361217989189678
686,GBM,0,4,0.2,3,0,1,1,1,0,0,0.2414667942669703
687,GBM,0,4,0.2,3,0,1,1,1,1,0,0.24325244333029067
688,GBM,0,4,0.2,3,5,0,0,0,0,1,0.8515044285213069
689,GBM,0,4,0.2,3,5,0,0,0,1,1,0.8543164436909175
690,GBM,0,4,0.2,3,5,0,0,1,0,1,0.8515030068108832
691,GBM,0,4,0.2,3,5,0,0,1,1,1,0.8543150442967854
692,GBM,0,4,0.2,3,5,0,1,0,0,1,0.8399581598821417
693,GBM,0,4,0.2,3,5,0,1,0,1,1,0.8429484957330909
694,GBM,0,4,0.2,3,5,0,1,1,0,1,0.8399566484040112
695,GBM,0,4,0.2,3,5,0,1,1,1,1,0.8429470072159734
696,GBM,0,4,0.2,3,5,1,0,0,0,1,0.8066423988274893
697,GBM,0,4,0.2,3,5,1,0,0,1,1,0.8097991592873472
698,GBM,0,4,0.2,3,5,1,0,1,0,1,0.8075009045257902
699,GBM,0,4,0.2,3,5,1,0,1,1,1,0.810646939146225
700,GBM,0,4,0.2,3,5,1,1,0,0,1,0.792532476658432
701,GBM,0,4,0.2,3,5,1,1,0,1,1,0.7958612986035825
702,GBM,0,4,0.2,3,5,1,1,1,0,1,0.7936977315690017
703,GBM,0,4,0.2,3,5,1,1,1,1,1,0.7970126456202914
704,GBM,0,4,1.0,0,0,0,0,0,0,1,0.6494576083225214
705,GBM,0,4,1.0,0,0,0,0,0,1,1,0.6483449512315174
706,GBM,0,4,1.0,0,0,0,0,1,0,1,0.6494395807696592
707,GBM,0,4,1.0,0,0,0,0,1,1,1,0.648326927127683
708,GBM,0,4,1.0,0,0,0,1,0,0,1,0.6506124762028485
709,GBM,0,4,1.0,0,0,0,1,0,1,1,0.6495014453399678
710,GBM,0,4,1.0,0,0,0,1,1,0,1,0.6505944729311113
711,GBM,0,4,1.0,0,0,0,1,1,1,1,0.6494834453027765
712,GBM,0,4,1.0,0,0,1,0,0,0,1,0.645432928763438
713,GBM,0,4,1.0,0,0,1,0,0,1,1,0.6435777453381113
714,GBM,0,4,1.0,0,0,1,0,1,0,1,0.6460821481032906
715,GBM,0,4,1.0,0,0,1,0,1,1,1,0.6442284954621404
716,GBM,0,4,1.0,0,0,1,1,0,0,1,0.6477862909829569
717,GBM,0,4,1.0,0,0,1,1,0,1,1,0.64668105754537
718,GBM,0,4,1.0,0,0,1,1,1,0,1,0.6478298468674328
719,GBM,0,4,1.0,0,0,1,1,1,1,1,0.6467246818610781
720,GBM,0,4,1.0,0,5,0,0,0,0,1,0.7524231710953541
721,GBM,0,4,1.0,0,5,0,0,0,1,1,0.7515709318351989
722,GBM,0,4,1.0,0,5,0,0,1,0,1,0.7524150854253379
723,GBM,0,4,1.0,0,5,0,0,1,1,1,0.7515628302536036
724,GBM,0,4,1.0,0,5,0,1,0,0,1,0.7525929388921448
725,GBM,0,4,1.0,0,5,0,1,0,1,1,0.7517410761912092
726,GBM,0,4,1.0,0,5,0,1,1,0,1,0.752584856980564
727,GBM,0,4,1.0,0,5,0,1,1,1,1,0.7517329783625509
728,GBM,0,4,1.0,0,5,1,0,0,0,1,0.7473301609479589
729,GBM,0,4,1.0,0,5,1,0,0,1,1,0.7464660523469333
730,GBM,0,4,1.0,0,5,1,0,1,0,1,0.7473500496462109
731,GBM,0,4,1.0,0,5,1,0,1,1,1,0.7464859859894272
732,GBM,0,4,1.0,0,5,1,1,0,0,1,0.7479787401005104
733,GBM,0,4,1.0,0,5,1,1,0,1,1,0.7471160990210617
734,GBM,0,4,1.0,0,5,1,1,1,0,1,0.7479985949613634
735,GBM,0,4,1.0,0,5,1,1,1,1,1,0.7471359988678139
736,GBM,0,4,1.0,3,0,0,0,0,0,0,0.25430665484903486
737,GBM,0,4,1.0,3,0,0,0,0,1,0,0.25443111987014794
738,GBM,0,4,1.0,3,0,0,0,1,0,0,0.2543066513399612
739,GBM,0,4,1.0,3,0,0,0,1,1,0,0.25443111635994287
740,GBM,0,4,1.0,3,0,0,1,0,0,0,0.2536190846792833
741,GBM,0,4,1.0,3,0,0,1,0,1,0,0.25374332769305724
742,GBM,0,4,1.0,3,0,0,1,1,0,0,0.25361908439993186
743,GBM,0,4,1.0,3,0,0,1,1,1,0,0.2537433274136155
744,GBM,0,4,1.0,3,0,1,0,0,0,0,0.24817996369665576
745,GBM,0,4,1.0,3,0,1,0,0,1,0,0.2477477631481385
746,GBM,0,4,1.0,3,0,1,0,1,0,0,0.248679505770144
747,GBM,0,4,1.0,3,0,1,0,1,1,0,0.24824672252905633
748,GBM,0,4,1.0,3,0,1,1,0,0,0,0.24850563703855189
749,GBM,0,4,1.0,3,0,1,1,0,1,0,0.24863690744980416
750,GBM,0,4,1.0,3,0,1,1,1,0,0,0.24850563703855189
751,GBM,0,4,1.0,3,0,1,1,1,1,0,0.24863690744980416
752,GBM,0,4,1.0,3,5,0,0,0,0,1,0.55808507352725
753,GBM,0,4,1.0,3,5,0,0,0,1,1,0.5591354534610825
754,GBM,0,4,1.0,3,5,0,0,1,0,1,0.55808507352725
755,GBM,0,4,1.0,3,5,0,0,1,1,1,0.5591354534610825
756,GBM,0,4,1.0,3,5,0,1,0,0,1,0.5548156292965095
757,GBM,0,4,1.0,3,5,0,1,0,1,1,0.5558675959703633
758,GBM,0,4,1.0,3,5,0,1,1,0,1,0.5548156292965095
759,GBM,0,4,1.0,3,5,0,1,1,1,1,0.5558675959703633
760,GBM,0,4,1.0,3,5,1,0,0,0,1,0.5406988420940475
761,GBM,0,4,1.0,3,5,1,0,0,1,1,0.54175661509608
762,GBM,0,4,1.0,3,5,1,0,1,0,1,0.5406988420940475
763,GBM,0,4,1.0,3,5,1,0,1,1,1,0.54175661509608
764,GBM,0,4,1.0,3,5,1,1,0,0,1,0.5380607564604244
765,GBM,0,4,1.0,3,5,1,1,0,1,1,0.5391194263349184
766,GBM,0,4,1.0,3,5,1,1,1,0,1,0.5380607564604244
767,GBM,0,4,1.0,3,5,1,1,1,1,1,0.5391194263349184
768,GBM,1,0,0.2,0,0,0,0,0,0,1,0.8049453673593155
769,GBM,1,0,0.2,0,0,0,0,0,1,1,0.8049706250843283
770,GBM,1,0,0.2,0,0,0,0,1,0,1,0.8050031734090818
771,GBM,1,0,0.2,0,0,0,0,1,1,1,0.8050281511222708
772,GBM,1,0,0.2,0,0,0,1,0,0,1,0.803177829406029
773,GBM,1,0,0.2,0,0,0,1,0,1,1,0.8031959749770775
774,GBM,1,0,0.2,0,0,0,1,1,0,1,0.8032364700311833
775,GBM,1,0,0.2,0,0,0,1,1,1,1,0.8032543352948297
776,GBM,1,0,0.2,0,0,1,0,0,0,1,0.7837823491145922
777,GBM,1,0,0.2,0,0,1,0,0,1,1,0.7835285232801488
778,GBM,1,0,0.2,0,0,1,0,1,0,1,0.7900498465808427
779,GBM,1,0,0.2,0,0,1,0,1,1,1,0.7893188870939356
780,GBM,1,0,0.2,0,0,1,1,0,0,1,0.780639749868535
781,GBM,1,0,0.2,0,0,1,1,0,1,1,0.7803827028212769
782,GBM,1,0,0.2,0,0,1,1,1,0,1,0.7865352771110223
783,GBM,1,0,0.2,0,0,1,1,1,1,1,0.7857948433378028
784,GBM,1,0,0.2,0,5,0,0,0,0,1,0.8650216114585485
785,GBM,1,0,0.2,0,5,0,0,0,1,1,0.8653778204292818
786,GBM,1,0,0.2,0,5,0,0,1,0,1,0.8650581872823043
787,GBM,1,0,0.2,0,5,0,0,1,1,1,0.8654142170640949
788,GBM,1,0,0.2,0,5,0,1,0,0,1,0.8640872691861567
789,GBM,1,0,0.2,0,5,0,1,0,1,1,0.8644453206856845
790,GBM,1,0,0.2,0,5,0,1,1,0,1,0.864124242780753
791,GBM,1,0,0.2,0,5,0,1,1,1,1,0.8644821138989718
792,GBM,1,0,0.2,0,5,1,0,0,0,1,0.8636425908307142
793,GBM,1,0,0.2,0,5,1,0,0,1,1,0.8640657457948957
794,GBM,1,0,0.2,0,5,1,0,1,0,1,0.8637254188650032
795,GBM,1,0,0.2,0,5,1,0,1,1,1,0.8641482367662287
796,GBM,1,0,0.2,0,5,1,1,0,0,1,0.8620385115135086
797,GBM,1,0,0.2,0,5,1,1,0,1,1,0.8624658516560694
798,GBM,1,0,0.2,0,5,1,1,1,0,1,0.8621223480402234
799,GBM,1,0,0.2,0,5,1,1,1,1,1,0.8625493482539064
800,GBM,1,0,0.2,3,0,0,0,0,0,1,0.7438953964714611
801,GBM,1,0,0.2,3,0,0,0,0,1,1,0.7458820579452556
802,GBM,1,0,0.2,3,0,0,0,1,0,1,0.7438953818179438
803,GBM,1,0,0.2,3,0,0,0,1,1,1,0.745882048567376
804,GBM,1,0,0.2,3,0,0,1,0,0,1,0.7417013256591585
805,GBM,1,0,0.2,3,0,0,1,0,1,1,0.7436991380637843
806,GBM,1,0,0.2,3,0,0,1,1,0,1,0.741701310923693
807,GBM,1,0,0.2,3,0,0,1,1,1,1,0.7436991286330283
808,GBM,1,0,0.2,3,0,1,0,0,0,1,0.706450139482904
809,GBM,1,0,0.2,3,0,1,0,0,1,1,0.7083672859925376
810,GBM,1,0,0.2,3,0,1,0,1,0,1,0.7139038128035032
811,GBM,1,0,0.2,3,0,1,0,1,1,1,0.7151761861277789
812,GBM,1,0,0.2,3,0,1,1,0,0,1,0.7045107696730645
813,GBM,1,0,0.2,3,0,1,1,0,1,1,0.7064333317424416
814,GBM,1,0,0.2,3,0,1,1,1,0,1,0.7114511985691899
815,GBM,1,0,0.2,3,0,1,1,1,1,1,0.7127281286662961
816,GBM,1,0,0.2,3,5,0,0,0,0,1,0.8610656885065455
817,GBM,1,0,0.2,3,5,0,0,0,1,1,0.8617085635850502
818,GBM,1,0,0.2,3,5,0,0,1,0,1,0.8610656885065455
819,GBM,1,0,0.2,3,5,0,0,1,1,1,0.8617085635850502
820,GBM,1,0,0.2,3,5,0,1,0,0,1,0.8569745393532932
821,GBM,1,0,0.2,3,5,0,1,0,1,1,0.8576332150139614
822,GBM,1,0,0.2,3,5,0,1,1,0,1,0.8569745393532932
823,GBM,1,0,0.2,3,5,0,1,1,1,1,0.8576332150139614
824,GBM,1,0,0.2,3,5,1,0,0,0,1,0.8462365375749421
825,GBM,1,0,0.2,3,5,1,0,0,1,1,0.8466641689968821
826,GBM,1,0,0.2,3,5,1,0,1,0,1,0.8462365375749421
827,GBM,1,0,0.2,3,5,1,0,1,1,1,0.8466641689968821
828,GBM,1,0,0.2,3,5,1,1,0,0,1,0.8416622532330836
829,GBM,1,0,0.2,3,5,1,1,0,1,1,0.8421002324737848
830,GBM,1,0,0.2,3,5,1,1,1,0,1,0.8416622532330836
831,GBM,1,0,0.2,3,5,1,1,1,1,1,0.8421002324737848
832,GBM,1,0,1.0,0,0,0,0,0,0,1,0.6691355341542532
833,GBM,1,0,1.0,0,0,0,0,0,1,1,0.6681203982409102
834,GBM,1,0,1.0,0,0,0,0,1,0,1,0.6691322715725176
835,GBM,1,0,1.0,0,0,0,0,1,1,1,0.6681171594843165
836,GBM,1,0,1.0,0,0,0,1,0,0,1,0.6700495765819918
837,GBM,1,0,1.0,0,0,0,1,0,1,1,0.6690357984883455
838,GBM,1,0,1.0,0,0,0,1,1,0,1,0.6700463117326221
839,GBM,1,0,1.0,0,0,0,1,1,1,1,0.6690325573927218
840,GBM,1,0,1.0,0,0,1,0,0,0,1,0.6659052033647433
841,GBM,1,0,1.0,0,0,1,0,0,1,1,0.6648947734599813
842,GBM,1,0,1.0,0,0,1,0,1,0,1,0.6665418025232052
843,GBM,1,0,1.0,0,0,1,0,1,1,1,0.665532337027595
844,GBM,1,0,1.0,0,0,1,1,0,0,1,0.6672996940490823
845,GBM,1,0,1.0,0,0,1,1,0,1,1,0.6662913621236497
846,GBM,1,0,1.0,0,0,1,1,1,0,1,0.667347332415191
847,GBM,1,0,1.0,0,0,1,1,1,1,1,0.6663390788004944
848,GBM,1,0,1.0,0,5,0,0,0,0,1,0.7747761350222282
849,GBM,1,0,1.0,0,5,0,0,0,1,1,0.7739777114311718
850,GBM,1,0,1.0,0,5,0,0,1,0,1,0.7747793229128981
851,GBM,1,0,1.0,0,5,0,0,1,1,1,0.7739809098855891
852,GBM,1,0,1.0,0,5,0,1,0,0,1,0.7744876519371656
853,GBM,1,0,1.0,0,5,0,1,0,1,1,0.7736884903014283
854,GBM,1,0,1.0,0,5,0,1,1,0,1,0.7744908427574327
855,GBM,1,0,1.0,0,5,0,1,1,1,1,0.7736916916868126
856,GBM,1,0,1.0,0,5,1,0,0,0,1,0.7749781955709175
857,GBM,1,0,1.0,0,5,1,0,0,1,1,0.7741800695830726
858,GBM,1,0,1.0,0,5,1,0,1,0,1,0.7749990489681728
859,GBM,1,0,1.0,0,5,1,0,1,1,1,0.7742009753944409
860,GBM,1,0,1.0,0,5,1,1,0,0,1,0.7745971367373198
861,GBM,1,0,1.0,0,5,1,1,0,1,1,0.773798053677264
862,GBM,1,0,1.0,0,5,1,1,1,0,1,0.7746180151782753
863,GBM,1,0,1.0,0,5,1,1,1,1,1,0.7738189845222736
864,GBM,1,0,1.0,3,0,0,0,0,0,0,0.4423732156513417
865,GBM,1,0,1.0,3,0,0,0,0,1,0,0.4426133973471216
866,GBM,1,0,1.0,3,0,0,0,1,0,0,0.44237321528730855
867,GBM,1,0,1.0,3,0,0,0,1,1,0,0.44261339698304764
868,GBM,1,0,1.0,3,0,0,1,0,0,0,0.4441262282893123
869,GBM,1,0,1.0,3,0,0,1,0,1,0,0.4443666033019624
870,GBM,1,0,1.0,3,0,0,1,1,0,0,0.4441262279249856
871,GBM,1,0,1.0,3,0,0,1,1,1,0,0.44436660293759606
872,GBM,1,0,1.0,3,0,1,0,0,0,0,0.43637028164663244
873,GBM,1,0,1.0,3,0,1,0,0,1,0,0.4366212087747492
874,GBM,1,0,1.0,3,0,1,0,1,0,0,0.43702868755019914
875,GBM,1,0,1.0,3,0,1,0,1,1,0,0.4372796995509329
876,GBM,1,0,1.0,3,0,1,1,0,0,0,0.4386802473520076
877,GBM,1,0,1.0,3,0,1,1,0,1,0,0.4389314683563526
878,GBM,1,0,1.0,3,0,1,1,1,0,0,0.4386802473520076
879,GBM,1,0,1.0,3,0,1,1,1,1,0,0.4389314683563526
880,GBM,1,0,1.0,3,5,0,0,0,0,1,0.6803610116297973
881,GBM,1,0,1.0,3,5,0,0,0,1,1,0.6816242706736848
882,GBM,1,0,1.0,3,5,0,0,1,0,1,0.6803610116297973
883,GBM,1,0,1.0,3,5,0,0,1,1,1,0.6816242706736848
884,GBM,1,0,1.0,3,5,0,1,0,0,1,0.6791143541875323
885,GBM,1,0,1.0,3,5,0,1,0,1,1,0.6803802256103649
886,GBM,1,0,1.0,3,5,0,1,1,0,1,0.6791143541875323
887,GBM,1,0,1.0,3,5,0,1,1,1,1,0.6803802256103649
888,GBM,1,0,1.0,3,5,1,0,0,0,1,0.6782459326600213
889,GBM,1,0,1.0,3,5,1,0,0,1,1,0.6795275180850506
890,GBM,1,0,1.0,3,5,1,0,1,0,1,0.6782459326600213
891,GBM,1,0,1.0,3,5,1,0,1,1,1,0.6795275180850506
892,GBM,1,0,1.0,3,5,1,1,0,0,1,0.6768997609699415
893,GBM,1,0,1.0,3,5,1,1,0,1,1,0.678184164201284
894,GBM,1,0,1.0,3,5,1,1,1,0,1,0.6768997609699415
895,GBM,1,0,1.0,3,5,1,1,1,1,1,0.678184164201284
896,GBM,1,4,0.2,0,0,0,0,0,0,1,0.6886015136699
897,GBM,1,4,0.2,0,0,0,0,0,1,1,0.6892716725618278
898,GBM,1,4,0.2,0,0,0,0,1,0,1,0.6897963637945648
899,GBM,1,4,0.2,0,0,0,0,1,1,1,0.6904646894619862
900,GBM,1,4,0.2,0,0,0,1,0,0,1,0.68250901820774
901,GBM,1,4,0.2,0,0,0,1,0,1,1,0.6831762808646765
902,GBM,1,4,0.2,0,0,0,1,1,0,1,0.6830487226727529
903,GBM,1,4,0.2,0,0,0,1,1,1,1,0.6837149540700358
904,GBM,1,4,0.2,0,0,1,0,0,0,1,0.6385348787950349
905,GBM,1,4,0.2,0,0,1,0,0,1,1,0.6373660604584922
906,GBM,1,4,0.2,0,0,1,0,1,0,1,0.6499278159054893
907,GBM,1,4,0.2,0,0,1,0,1,1,1,0.6481603438287864
908,GBM,1,4,0.2,0,0,1,1,0,0,1,0.6321042074273605
909,GBM,1,4,0.2,0,0,1,1,0,1,1,0.6309258454160095
910,GBM,1,4,0.2,0,0,1,1,1,0,1,0.6426424802000752
911,GBM,1,4,0.2,0,0,1,1,1,1,1,0.640857791291986
912,GBM,1,4,0.2,0,5,0,0,0,0,1,0.8614804820956857
913,GBM,1,4,0.2,0,5,0,0,0,1,1,0.8623093866070235
914,GBM,1,4,0.2,0,5,0,0,1,0,1,0.8614667752814159
915,GBM,1,4,0.2,0,5,0,0,1,1,1,0.8622956491176242
916,GBM,1,4,0.2,0,5,0,1,0,0,1,0.8588008606531936
917,GBM,1,4,0.2,0,5,0,1,0,1,1,0.8596417170787688
918,GBM,1,4,0.2,0,5,0,1,1,0,1,0.858799136311646
919,GBM,1,4,0.2,0,5,0,1,1,1,1,0.8596399001334161
920,GBM,1,4,0.2,0,5,1,0,0,0,1,0.8437534167280749
921,GBM,1,4,0.2,0,5,1,0,0,1,1,0.8446566423699344
922,GBM,1,4,0.2,0,5,1,0,1,0,1,0.8445430121941541
923,GBM,1,4,0.2,0,5,1,0,1,1,1,0.8454423754022036
924,GBM,1,4,0.2,0,5,1,1,0,0,1,0.8405739378019998
925,GBM,1,4,0.2,0,5,1,1,0,1,1,0.8414920904369652
926,GBM,1,4,0.2,0,5,1,1,1,0,1,0.8416016388718186
927,GBM,1,4,0.2,0,5,1,1,1,1,1,0.8425148456006143
928,GBM,1,4,0.2,3,0,0,0,0,0,0,0.31969729791817963
929,GBM,1,4,0.2,3,0,0,0,0,1,0,0.3239678550713149
930,GBM,1,4,0.2,3,0,0,0,1,0,0,0.31969483579329844
931,GBM,1,4,0.2,3,0,0,0,1,1,0,0.32396538172864275
932,GBM,1,4,0.2,3,0,0,1,0,0,0,0.3082957055115028
933,GBM,1,4,0.2,3,0,0,1,0,1,0,0.31248391102479156
934,GBM,1,4,0.2,3,0,0,1,1,0,0,0.3082932914028842
935,GBM,1,4,0.2,3,0,0,1,1,1,0,0.3124814848309611
936,GBM,1,4,0.2,3,0,1,0,0,0,0,0.24385797739656015
937,GBM,1,4,0.2,3,0,1,0,0,1,0,0.24617884543280183
938,GBM,1,4,0.2,3,0,1,0,1,0,0,0.25187117512399515
939,GBM,1,4,0.2,3,0,1,0,1,1,0,0.25371203816119686
940,GBM,1,4,0.2,3,0,1,1,0,0,0,0.2362643348776312
941,GBM,1,4,0.2,3,0,1,1,0,1,0,0.23853399057868
942,GBM,1,4,0.2,3,0,1,1,1,0,0,0.2439140172673357
943,GBM,1,4,0.2,3,0,1,1,1,1,0,0.24571404873339897
944,GBM,1,4,0.2,3,5,0,0,0,0,1,0.8534215885161526
945,GBM,1,4,0.2,3,5,0,0,0,1,1,0.856203429912523
946,GBM,1,4,0.2,3,5,0,0,1,0,1,0.8534201820011157
947,GBM,1,4,0.2,3,5,0,0,1,1,1,0.8562020455933054
948,GBM,1,4,0.2,3,5,0,1,0,0,1,0.841680298786196
949,GBM,1,4,0.2,3,5,0,1,0,1,1,0.8446444084304374
950,GBM,1,4,0.2,3,5,0,1,1,0,1,0.8416788005067906
951,GBM,1,4,0.2,3,5,0,1,1,1,1,0.8446429330245863
952,GBM,1,4,0.2,3,5,1,0,0,0,1,0.8156077448213623
953,GBM,1,4,0.2,3,5,1,0,0,1,1,0.8186510433264199
954,GBM,1,4,0.2,3,5,1,0,1,0,1,0.8164355029856678
955,GBM,1,4,0.2,3,5,1,0,1,1,1,0.8194681637439789
956,GBM,1,4,0.2,3,5,1,1,0,0,1,0.8012595234621338
957,GBM,1,4,0.2,3,5,1,1,0,1,1,0.8044828639378526
958,GBM,1,4,0.2,3,5,1,1,1,0,1,0.8023879841220917
959,GBM,1,4,0.2,3,5,1,1,1,1,1,0.8055974628041498
960,GBM,1,4,1.0,0,0,0,0,0,0,1,0.6691428087642238
961,GBM,1,4,1.0,0,0,0,0,0,1,1,0.6681277332737168
962,GBM,1,4,1.0,0,0,0,0,1,0,1,0.66912528158258
963,GBM,1,4,1.0,0,0,0,0,1,1,1,0.668110207860357
964,GBM,1,4,1.0,0,0,0,1,0,0,1,0.6700600143732027
965,GBM,1,4,1.0,0,0,0,1,0,1,1,0.669046301614059
966,GBM,1,4,1.0,0,0,0,1,1,0,1,0.6700425049846961
967,GBM,1,4,1.0,0,0,0,1,1,1,1,0.6690287938319377
968,GBM,1,4,1.0,0,0,1,0,0,0,1,0.6659156087742785
969,GBM,1,4,1.0,0,0,1,0,0,1,1,0.6649051945032389
970,GBM,1,4,1.0,0,0,1,0,1,0,1,0.6665466999031379
971,GBM,1,4,1.0,0,0,1,0,1,1,1,0.665537241793845
972,GBM,1,4,1.0,0,0,1,1,0,0,1,0.6673106992913825
973,GBM,1,4,1.0,0,0,1,1,0,1,1,0.6663023840406391
974,GBM,1,4,1.0,0,0,1,1,1,0,1,0.6673530805775405
975,GBM,1,4,1.0,0,0,1,1,1,1,1,0.6663448356745233
976,GBM,1,4,1.0,0,5,0,0,0,0,1,0.7579440397409594
977,GBM,1,4,1.0,0,5,0,0,0,1,1,0.7571046700708653
978,GBM,1,4,1.0,0,5,0,0,1,0,1,0.7579360763711688
979,GBM,1,4,1.0,0,5,0,0,1,1,1,0.7570966906270812
980,GBM,1,4,1.0,0,5,0,1,0,0,1,0.7581018102950723
981,GBM,1,4,1.0,0,5,0,1,0,1,1,0.7572627977181162
982,GBM,1,4,1.0,0,5,0,1,1,0,1,0.7580938504957103
983,GBM,1,4,1.0,0,5,0,1,1,1,1,0.7572548218401352
984,GBM,1,4,1.0,0,5,1,0,0,0,1,0.7533701479838083
985,GBM,1,4,1.0,0,5,1,0,0,1,1,0.7525198552493835
986,GBM,1,4,1.0,0,5,1,0,1,0,1,0.7533897181366989
987,GBM,1,4,1.0,0,5,1,0,1,1,1,0.7525394707109712
988,GBM,1,4,1.0,0,5,1,1,0,0,1,0.7535567095302047
989,GBM,1,4,1.0,0,5,1,1,0,1,1,0.7527068488648206
990,GBM,1,4,1.0,0,5,1,1,1,0,1,0.753576269721604
991,GBM,1,4,1.0,0,5,1,1,1,1,1,0.7527264543753301
992,GBM,1,4,1.0,3,0,0,0,0,0,0,0.28515824530970435
993,GBM,1,4,1.0,3,0,0,0,0,1,0,0.2855177596469031
994,GBM,1,4,1.0,3,0,0,0,1,0,0,0.285158245008886
995,GBM,1,4,1.0,3,0,0,0,1,1,0,0.28551775934585705
996,GBM,1,4,1.0,3,0,0,1,0,0,0,0.2829872479814731
997,GBM,1,4,1.0,3,0,0,1,0,1,0,0.283345110139738
998,GBM,1,4,1.0,3,0,0,1,1,0,0,0.2829872476820384
999,GBM,1,4,1.0,3,0,0,1,1,1,0,0.2833451098400742
1000,GBM,1,4,1.0,3,0,1,0,0,0,0,0.2791875194575209
1001,GBM,1,4,1.0,3,0,1,0,0,1,0,0.27955182694798475
1002,GBM,1,4,1.0,3,0,1,0,1,0,0,0.2797262526149294
1003,GBM,1,4,1.0,3,0,1,0,1,1,0,0.280090989926499
1004,GBM,1,4,1.0,3,0,1,1,0,0,0,0.27750182940736146
1005,GBM,1,4,1.0,3,0,1,1,0,1,0,0.2778647851988865
1006,GBM,1,4,1.0,3,0,1,1,1,0,0,0.27750182940736146
1007,GBM,1,4,1.0,3,0,1,1,1,1,0,0.2778647851988865
1008,GBM,1,4,1.0,3,5,0,0,0,0,1,0.6267037593670932
1009,GBM,1,4,1.0,3,5,0,0,0,1,1,0.6280631101092187
1010,GBM,1,4,1.0,3,5,0,0,1,0,1,0.6267037593670932
1011,GBM,1,4,1.0,3,5,0,0,1,1,1,0.6280631101092187
1012,GBM,1,4,1.0,3,5,0,1,0,0,1,0.623120672420841
1013,GBM,1,4,1.0,3,5,0,1,0,1,1,0.6244852528246839
1014,GBM,1,4,1.0,3,5,0,1,1,0,1,0.623120672420841
1015,GBM,1,4,1.0,3,5,0,1,1,1,1,0.6244852528246839
1016,GBM,1,4,1.0,3,5,1,0,0,0,1,0.6115750242642463
1017,GBM,1,4,1.0,3,5,1,0,0,1,1,0.6129554424742164
1018,GBM,1,4,1.0,3,5,1,0,1,0,1,0.6115750242642463
1019,GBM,1,4,1.0,3,5,1,0,1,1,1,0.6129554424742164
1020,GBM,1,4,1.0,3,5,1,1,0,0,1,0.6079963211248801
1021,GBM,1,4,1.0,3,5,1,1,0,1,1,0.6093813343396519
1022,GBM,1,4,1.0,3,5,1,1,1,0,1,0.6079963211248801
1023,GBM,1,4,1.0,3,5,1,1,1,1,1,0.6093813343396519
