,Time (s),Displacement (mm),Force (N),FullName,Date,TrialName,Unique ID,Nozzle?,Catheter?,Taper?,Ext. Diam. (mm),Ext. Length (cm),Est. Vol. Fraction,Fluid Phase,Fluid Ca2+ (mM),Fluid Na- (mM),Syringe Vol. (mL),Syringe Diam. (mm),Plunger Diam. (mm),Microgel Conc. (%),Microgel Size (mm),RelativeStiffness,Speed (mm/sec),Avg_Force,Avg_Force_stdev,Max_Force,Max_force_disp,Max_force_disp_pct,Init_Force,Force_at_10pctofTotalDisp,Final_Force,ForceDiff_Final_10pct,Pressure_Pa,Pressure_PSI,Cum_Vol_Extruded_mL,Total_Vol_Extruded_mL,Vol_Flow_Rate_mL/min,Ratio_Syringe_to_Nozzle,Ext. Stability,Ratio_Nozzle_to_Microgel,Control?
0,0,0,0.0026,025pctALG_090_syringe_only_01mmpersec_1.csv,2019/11/25,Prelim_DiffConc_DiffSpeed,0,,,,1.65,0,0.9,PBS,0.9,153,5,11.9,15.4,0.25,0.506,1,0.1,1.799495761,0.186442301,2.0948,8.3144,20.78594804,0.0294,1.8392,1.4188,-0.4204,13.95860523,0.002024528,0,4.448820479,0.667321404,7.212121212,Stable,3.260869565,
0,0,0,0,025pctALG_090_syringe_only_1mmpersec_1.csv,2019/11/25,Prelim_DiffConc_DiffSpeed,1,,,,1.65,0,0.9,PBS,0.9,153,5,11.9,15.4,0.25,0.506,1,1,3.774645781,0.48447887,4.3188,1.263,3.157428958,0.0071,3.4613,2.977,-0.4843,0,0,0,4.448909455,6.673214035,7.212121212,Stable,3.260869565,
0,0,0,0,050pctALG_090_syringe_only_01mmpersec_1.csv,2019/11/25,Prelim_DiffConc_DiffSpeed,2,,,,1.65,0,0.9,PBS,0.9,153,5,11.9,15.4,0.5,0.605,2,0.1,2.285110262,0.228119428,2.6211,8.2163,20.54075,2.0864,2.4129,1.9813,-0.4316,0,0,0,4.448809357,0.667321404,7.212121212,Stable,2.727272727,
0,0,0,0,050pctALG_090_syringe_only_1mmpersec_1.csv,2019/11/25,Prelim_DiffConc_DiffSpeed,3,,,,1.65,0,0.9,PBS,0.9,153,5,11.9,15.4,0.5,0.605,2,1,4.107898452,0.606895922,5.0232,13.74,34.34991413,4.3455,4.0993,2.6401,-1.4592,0,0,0,4.448820479,6.673214035,7.212121212,Stable,2.727272727,
0,0,0,0,100pctALG_090_syringe_only_01mmpersec_1.csv,2019/11/25,Prelim_DiffConc_DiffSpeed,4,,,,1.65,0,0.9,PBS,0.9,153,5,11.9,15.4,1,0.658,3,0.1,3.242213773,0.3004735,3.7197,30.2629,73.73641635,2.8109,2.8024,3.1793,0.3769,0,0,0,4.56470084,0.667321404,7.212121212,Stable,2.507598784,
0,0,0,0,100pctALG_090_syringe_only_1mmpersec_1.csv,2019/11/25,Prelim_DiffConc_DiffSpeed,5,,,,1.65,0,0.9,PBS,0.9,153,5,11.9,15.4,1,0.658,3,1,5.065087874,0.293358298,5.3791,32.0788,80.19599755,4.9113,5.0005,4.7084,-0.2921,0,0,0,4.448864967,6.673214035,7.212121212,Stable,2.507598784,
0,0,0,0,200pctALG_090_syringe_only_01mmpersec_1.csv,2019/11/25,Prelim_DiffConc_DiffSpeed,6,,,,1.65,0,0.9,PBS,0.9,153,5,11.9,15.4,2,0.689,4,0.1,4.255444399,0.74592762,5.0018,32.1217,80.30425,0.0641,2.5169,4.9083,2.3914,0,0,0,4.448809357,0.667321404,7.212121212,Unstable,2.394775036,
0,0,0,0.8762,200pctALG_090_syringe_only_1mmpersec_1.csv,2019/11/25,Prelim_DiffConc_DiffSpeed,7,,,,1.65,0,0.9,PBS,0.9,153,5,11.9,15.4,2,0.689,4,1,5.04557309,0.365761021,5.6732,28.322,70.80464598,4.5282,4.8121,4.2945,-0.5176,4704.049962,0.682265998,0,4.448831601,6.673214035,7.212121212,Stable,2.394775036,
1,0,0,0,025pctALG_090_catheter_20cm_3_5mm_1mmpersec_1.csv,2019/11/25,Prelim_DiffConc_20cmCath,0,,20cm_3_5mm,,3.2,20,0.9,PBS,0.9,153,5,11.9,15.4,0.25,0.506,1,1,2.736807489,0.172837922,3.4994,0.1212,0.303,3.4994,2.5184,2.8752,0.3568,0,0,0,4.448809357,6.673214035,3.71875,Stable,6.324110672,
1,0,0,0,050pctALG_090_catheter_20cm_3_5mm_1mmpersec_1.csv,2019/11/25,Prelim_DiffConc_20cmCath,1,,20cm_3_5mm,,3.2,20,0.9,PBS,0.9,153,5,11.9,15.4,0.5,0.605,2,1,3.92944496,0.503239654,4.589,18.1793,45.4476819,0.0202,3.3901,3.7263,0.3362,0,0,0,4.448864967,6.673214035,3.71875,Stable,5.289256198,
1,0,0,0,100pctALG_090_catheter_20cm_3_5mm_1mmpersec_1.csv,2019/11/25,Prelim_DiffConc_20cmCath,2,,20cm_3_5mm,,3.2,20,0.9,PBS,0.9,153,5,11.9,15.4,1,0.658,3,1,5.584238273,0.339338976,6.1812,39.5985,98.99476508,5.9942,5.4261,5.9923,0.5662,0,0,0,4.448876089,6.673214035,3.71875,Stable,4.863221884,
1,0,0,0,200pctALG_090_catheter_20cm_3_5mm_1mmpersec_1.csv,2019/11/25,Prelim_DiffConc_20cmCath,3,,20cm_3_5mm,,3.2,20,0.9,PBS,0.9,153,5,11.9,15.4,2,0.689,4,1,6.17767495,1.146262359,8.9065,39.1789,97.94529109,4.8179,4.94,8.746,3.806,0,0,0,4.448898333,6.673214035,3.71875,Stable,4.644412192,
1,0,0,0,AirOnly_catheter_20cm_3_5mm_1mmpersec_1_1.csv,2019/11/25,Prelim_DiffConc_20cmCath,4,,20cm_3_5mm,,3.2,20,,Air,,,5,11.9,15.4,,,,1,4.062318073,0.558413906,5.3155,0.5026,1.256490576,0.0144,4.9845,3.983,-1.0015,0,0,0,4.448842723,6.673214035,3.71875,Stable,,Air
1,0,0,0,AirOnly_catheter_20cm_3_5mm_1mmpersec_1_2.csv,2019/11/25,Prelim_DiffConc_20cmCath,5,,20cm_3_5mm,,3.2,20,,Air,,,5,11.9,15.4,,,,1,4.054192861,0.612405712,5.5889,0.4825,1.206237938,4.25,5.0353,3.8425,-1.1928,0,0,0,4.448853845,6.673214035,3.71875,Stable,,Air
1,0,0,0,AirOnly_catheter_20cm_3_5mm_1mmpersec_1_3.csv,2019/11/25,Prelim_DiffConc_20cmCath,6,,20cm_3_5mm,,3.2,20,,Air,,,5,11.9,15.4,,,,1,4.064555317,0.679346606,5.6227,0.8625,2.156228438,5.2659,5.1614,3.7896,-1.3718,0,0,0,4.448853845,6.673214035,3.71875,Stable,,Air
1,0,0,0,AirOnly_catheter_20cm_3_5mm_1mmpersec_1_4.csv,2019/11/25,Prelim_DiffConc_20cmCath,7,,20cm_3_5mm,,3.2,20,,Air,,,5,11.9,15.4,,,,1,4.184346081,0.73325633,6.0318,0.3627,0.906740933,4.2376,5.3162,3.7633,-1.5529,0,0,0,4.448853845,6.673214035,3.71875,Stable,,Air
2,0,0,0.0138,025pctALG_090_CatheterTube_20cm_3_5mm_1mmpersec_1.csv,2019/02/12,DiffConc_DiffCaths,0,,20mmCatheter_3_5mm,,3.2,20,0.9,PBS,0.9,153,10,14.4,18.02,0.25,0.506,1,1,1.349177855,0.170547772,2.5855,0.1401,0.2335,2.5855,1.1874,1.1024,-0.085,54.11026137,0.007848044,0,9.77160979,9.77160979,4.5,Stable,6.324110672,
2,0,0,0.0068,050pctALG_090_CatheterTube_20cm_3_5mm_1mmpersec_1.csv,2019/02/12,DiffConc_DiffCaths,1,,20mmCatheter_3_5mm,,3.2,20,0.9,PBS,0.9,153,10,14.4,18.02,0.5,0.605,2,1,1.973041511,0.186693521,3.2731,0.1376,0.229330658,3.2731,2.072,1.5885,-0.4835,26.66302734,0.003867152,0,9.771723792,9.77160979,4.5,Stable,5.289256198,
2,0,0,0.003,100pctALG_090_CatheterTube_20cm_3_5mm_1mmpersec_1.csv,2019/02/12,DiffConc_DiffCaths,2,,20mmCatheter_3_5mm,,3.2,20,0.9,PBS,0.9,153,10,14.4,18.02,1,0.658,3,1,2.501895772,0.269232955,2.7867,26.1785,43.63032431,2.6669,2.1309,2.4704,0.3395,11.7631003,0.001706097,0,9.771723792,9.77160979,4.5,Stable,4.863221884,
2,0,0,0,200pctALG_090_CatheterTube_20cm_3_5mm_1mmpersec_1.csv,2019/02/12,DiffConc_DiffCaths,3,,20mmCatheter_3_5mm,,3.2,20,0.9,PBS,0.9,153,10,14.4,18.02,2,0.689,4,1,4.34157952,1.331863371,7.7973,59.4799,99.132671,3.2315,2.6549,7.4769,4.822,0,0,0,9.771658648,9.77160979,4.5,Stable,4.644412192,
2,0,0,0,AirOnly_CatheterTube_20cm_3_5mm_1mmpersec_1.csv,2019/02/12,DiffConc_DiffCaths,4,,20mmCatheter_3_5mm,,3.2,20,,Air,,,10,14.4,18.02,,,,1,1.536059587,0.235275037,3.085,0.219,0.364998783,3.085,1.8323,1.2195,-0.6128,0,0,0,9.771642362,9.77160979,4.5,Stable,,Air
2,0,0,0,CornSyrupControl_CatheterTube_20cm_3_5mm_1mmpersec_1.csv,2019/02/12,DiffConc_DiffCaths,5,,20mmCatheter_3_5mm,,3.2,20,,Syrup,,,10,14.4,18.02,,,,1,10.97741049,2.288763455,12.1701,58.7388,97.89702103,2.9583,7.1171,12.0529,4.9358,0,0,0,9.771707506,9.77160979,4.5,Stable,,Syrup
2,0,0,0,WaterControl_CatheterTube_20cm_3_5mm_1mmpersec_1.csv,2019/02/12,DiffConc_DiffCaths,6,,20mmCatheter_3_5mm,,3.2,20,,Water,,,10,14.4,18.02,,,,1,1.515301099,0.27447306,2.9227,0.1797,0.299499501,2.9227,1.8749,1.0322,-0.8427,0,0,0,9.771626076,9.77160979,4.5,Stable,,Water
2,0,0,0,025pctALG_090_CatheterTube_40cm_3_5mm_1mmpersec_1.csv,2019/02/12,DiffConc_DiffCaths,7,,40mmCatheter_3_5mm,,3.2,40,0.9,PBS,0.9,153,10,14.4,18.02,0.25,0.506,1,1,1.637415613,0.23677174,2.9443,0.1392,0.231996907,2.9443,1.6654,0.93,-0.7354,0,0,0,9.771740078,9.77160979,4.5,Stable,6.324110672,
2,0,0,0,050pctALG_090_CatheterTube_40cm_3_5mm_1mmpersec_1.csv,2019/02/12,DiffConc_DiffCaths,8,,40mmCatheter_3_5mm,,3.2,40,0.9,PBS,0.9,153,10,14.4,18.02,0.5,0.605,2,1,2.056454694,0.245376641,3.2222,0.1581,0.263498683,3.2222,2.0667,1.4922,-0.5745,0,0,0,9.771658648,9.77160979,4.5,Stable,5.289256198,
2,0,0,0,100pctALG_090_CatheterTube_40cm_3_5mm_1mmpersec_1.csv,2019/02/12,DiffConc_DiffCaths,9,,40mmCatheter_3_5mm,,3.2,40,0.9,PBS,0.9,153,10,14.4,18.02,1,0.658,3,1,3.536621512,0.398123166,3.946,0.1817,0.302832324,3.946,2.8265,3.9156,1.0891,0,0,0,9.771642362,9.77160979,4.5,Stable,4.863221884,
2,0,0,0,200pctALG_090_CatheterTube_40cm_3_5mm_1mmpersec_1.csv,2019/02/12,DiffConc_DiffCaths,10,,40mmCatheter_3_5mm,,3.2,40,0.9,PBS,0.9,153,10,14.4,18.02,2,0.689,4,1,5.095893009,1.522153617,8.7387,60.0006,100,3.2432,3.1374,8.7387,5.6013,0,0,0,9.771707506,9.77160979,4.5,Stable,4.644412192,
2,0,0,0,AirControl_CatheterTube_40cm_3_5mm_1mmpersec_1.csv,2019/02/12,DiffConc_DiffCaths,11,,40mmCatheter_3_5mm,,3.2,40,,Air,,,10,14.4,18.02,,,,1,2.326828762,0.578040008,3.9739,0.2794,0.465659682,3.9739,2.7827,1.1529,-1.6298,0,0,0,9.771756364,9.77160979,4.5,Stable,,Air
2,0,0,0,CornSyrupControl_CatheterTube_40cm_3_5mm_1mmpersec_1.csv,2019/02/12,DiffConc_DiffCaths,12,,40mmCatheter_3_5mm,,3.2,40,,Syrup,,,10,14.4,18.02,,,,1,12.7774758,3.898866952,15.6225,59.8992,99.83166723,3.0861,5.796,15.5595,9.7635,0,0,0,9.771642362,9.77160979,4.5,Stable,,Syrup
2,0,0,0,WaterControl_CatheterTube_40cm_3_5mm_1mmpersec_1.csv,2019/02/12,DiffConc_DiffCaths,13,,40mmCatheter_3_5mm,,3.2,40,,Water,,,10,14.4,18.02,,,,1,1.074906327,0.147572437,2.348,0.1826,0.304328768,2.348,0.9631,0.9132,-0.0499,0,0,0,9.771756364,9.77160979,4.5,Stable,,Water
2,0,0,0,025pctALG_090_60mmCatheterTube_1mmpersec_1.csv,2019/02/12,DiffConc_DiffCaths,14,,60mmCatheter_3_5mm,,3.2,60,0.9,PBS,0.9,153,10,14.4,18.02,0.25,0.506,1,1,2.847743823,0.2946467,3.8254,0.2817,0.469492958,3.8254,2.7661,2.1936,-0.5725,0,0,0,9.771756364,9.77160979,4.5,Stable,6.324110672,
2,0,0,0,050pctALG_090_60mmCatheterTube_1mmpersec_1.csv,2019/02/12,DiffConc_DiffCaths,15,,60mmCatheter_3_5mm,,3.2,60,0.9,PBS,0.9,153,10,14.4,18.02,0.5,0.605,2,1,2.779313016,0.248817307,3.1066,42.159,70.26476578,0.0206,2.5897,2.4828,-0.1069,0,0,0,9.771642362,9.77160979,4.5,Stable,5.289256198,
2,0,0,0,100pctALG_090_60mmCatheterTube_1mmpersec_1.csv,2019/02/12,DiffConc_DiffCaths,16,,60mmCatheter_3_5mm,,3.2,60,0.9,PBS,0.9,153,10,14.4,18.02,1,0.658,3,1,5.422529028,0.859040361,6.2317,38.3399,63.89930084,4.1199,4.0426,5.9255,1.8829,0,0,0,9.77169122,9.77160979,4.5,Stable,4.863221884,
2,0,0,0,200pctALG_090_60mmCatheterTube_1mmpersec_1.csv,2019/02/12,DiffConc_DiffCaths,17,,60mmCatheter_3_5mm,,3.2,60,0.9,PBS,0.9,153,10,14.4,18.02,2,0.689,4,1,8.134207992,1.637429399,9.8803,36.003,60.005,0.0264,5.5013,9.6833,4.182,0,0,0,9.77160979,9.77160979,4.5,Stable,4.644412192,
2,0,0,0,AirControl_60mmCatheterTube_1mmpersec_1.csv,2019/02/12,DiffConc_DiffCaths,18,,60mmCatheter_3_5mm,,3.2,60,,Air,,,10,14.4,18.02,,,,1,3.861563237,0.831163163,6.5087,0.6231,1.0385,6.1863,5.0517,3.3919,-1.6598,0,0,0,9.77160979,9.77160979,4.5,Stable,,Air
2,0,0,0,CornSyrupControl_60mmCatheterTube_1mmpersec_1.csv,2019/02/12,DiffConc_DiffCaths,19,,60mmCatheter_3_5mm,,3.2,60,,Syrup,,,10,14.4,18.02,,,,1,15.23232491,6.306383671,21.8206,57.4229,95.70355729,0.0192,5.115,21.805,16.69,0,0,0,9.771740078,9.77160979,4.5,Stable,,Syrup
2,0,0,0,WaterControl_60mmCatheterTube_1mmpersec_1.csv,2019/02/12,DiffConc_DiffCaths,20,,60mmCatheter_3_5mm,,3.2,60,,Water,,,10,14.4,18.02,,,,1,3.329433666,0.563185044,5.4432,0.5806,0.967660216,5.4432,4.0238,4.2571,0.2333,0,0,0,9.771674934,9.77160979,4.5,Stable,,Water
2,0,0,0,025pctALG_090_Green_Straight1cm_1mmpersec_1.csv,2019/02/12,DiffConc_DiffCaths,21,GreenNozzle,,,0.84,2.54,0.9,PBS,0.9,153,10,14.4,18.02,0.25,0.506,1,1,2.584321712,0.28290126,2.9411,0.1801,0.300164165,2.9411,2.6137,1.8002,-0.8135,0,0,0,9.77169122,9.77160979,17.14285714,Stable,1.660079051,
2,0,0,0.0779,050pctALG_090_Green_Straight1cm_1mmpersec_1.csv,2019/02/12,DiffConc_DiffCaths,22,GreenNozzle,,,0.84,2.54,0.9,PBS,0.9,153,10,14.4,18.02,0.5,0.605,2,1,3.583667676,0.293898091,4.2807,0.2985,0.497496683,4.2807,3.7164,2.8152,-0.9012,305.4485044,0.04430164,0,9.771674934,9.77160979,17.14285714,Stable,1.388429752,
2,0,0,0.0001,100pctALG_090_Green_Straight1cm_1mmpersec_1.csv,2019/02/12,DiffConc_DiffCaths,23,GreenNozzle,,,0.84,2.54,0.9,PBS,0.9,153,10,14.4,18.02,1,0.658,3,1,6.972398934,0.657334295,8.4202,58.1415,96.90185399,3.5549,7.0439,7.5721,0.5282,0.392103343,5.68699E-05,0,9.771674934,9.77160979,17.14285714,Stable,1.276595745,
2,0,0,0,200pctALG_090_Green_Straight1cm_1mmpersec_1.csv,2019/02/12,DiffConc_DiffCaths,24,GreenNozzle,,,0.84,2.54,0.9,PBS,0.9,153,10,14.4,18.02,2,0.689,4,1,14.40210896,2.834762579,23.1012,59.8808,99.80050166,3.3788,12.4724,19.4144,6.942,0,0,0,9.77169122,9.77160979,17.14285714,Unstable,1.2191582,
2,0,0,0,AirControl_Green_Straight1cm_1mmpersec_1.csv,2019/02/12,DiffConc_DiffCaths,25,GreenNozzle,,,0.84,2.54,,Air,,,10,14.4,18.02,,,,1,3.329239128,0.488009845,4.6937,0.3228,0.53799193,4.6937,4.1065,3.1656,-0.9409,0,0,0,9.771756364,9.77160979,17.14285714,Stable,,Air
2,0,0,0.1022,CornSyrupControl_Green_Straight1cm_1mmpersec_1.csv,2019/02/12,DiffConc_DiffCaths,26,GreenNozzle,,,0.84,2.54,,Syrup,,,10,14.4,18.02,,,,1,63.67212971,32.85719556,100.0044,9.5019,100,3.1959,9.6346,100.0044,90.3698,400.7296168,0.058121022,0,1.547480984,9.77160979,17.14285714,Stable,,Syrup
2,0,0,0,WaterControl_Green_Straight1cm_1mmpersec_1.csv,2019/02/12,DiffConc_DiffCaths,27,GreenNozzle,,,0.84,2.54,,Water,,,10,14.4,18.02,,,,1,3.467346438,0.443058778,4.634,0.3388,0.564666667,4.634,3.989,2.4401,-1.5489,0,0,0,9.77160979,9.77160979,17.14285714,Stable,,Water
2,0,0,0,025pctALG_090_Olive_Straight1cm_1mmpersec_1.csv,2019/02/12,DiffConc_DiffCaths,28,OliveNozzle,,,1.54,2.54,0.9,PBS,0.9,153,10,14.4,18.02,0.25,0.506,1,1,2.541828272,0.323294882,3.2498,0.1805,0.300829322,3.2498,2.5485,1.6871,-0.8614,0,0,0,9.771740078,9.77160979,9.350649351,Stable,3.043478261,
2,0,0,0,050pctALG_090_Olive_Straight1cm_1mmpersec_1.csv,2019/02/12,DiffConc_DiffCaths,29,OliveNozzle,,,1.54,2.54,0.9,PBS,0.9,153,10,14.4,18.02,0.5,0.605,2,1,3.027250732,0.219588401,3.7092,0.2195,0.365830894,3.7092,2.9023,2.5441,-0.3582,0,0,0,9.771674934,9.77160979,9.350649351,Stable,2.545454545,
2,0,0,0,100pctALG_090_Olive_Straight1cm_1mmpersec_1.csv,2019/02/12,DiffConc_DiffCaths,30,OliveNozzle,,,1.54,2.54,0.9,PBS,0.9,153,10,14.4,18.02,1,0.658,3,1,3.700494374,0.193983023,3.8875,12.7798,21.29938267,3.4832,3.7305,3.6081,-0.1224,0,0,0,9.771740078,9.77160979,9.350649351,Stable,2.340425532,
2,0,0,0,200pctALG_090_Olive_Straight1cm_1mmpersec_1.csv,2019/02/12,DiffConc_DiffCaths,31,OliveNozzle,,,1.54,2.54,0.9,PBS,0.9,153,10,14.4,18.02,2,0.689,4,1,4.918677189,0.490162529,5.8762,59.9802,99.96650017,3.1864,4.6498,5.8717,1.2219,0,0,0,9.771658648,9.77160979,9.350649351,Unstable,2.235123367,
2,0,0,0,AirControl_Olive_Straight1cm_1mmpersec_1.csv,2019/02/12,DiffConc_DiffCaths,32,OliveNozzle,,,1.54,2.54,,Air,,,10,14.4,18.02,,,,1,3.195771305,0.486635602,5.4409,0.299,0.498325028,5.4409,3.8911,2.8623,-1.0288,0,0,0,9.77177265,9.77160979,9.350649351,Stable,,Air
2,0,0,0,CornSyrupControl_Olive_Straight1cm_1mmpersec_1.csv,2019/02/12,DiffConc_DiffCaths,33,OliveNozzle,,,1.54,2.54,,Syrup,,,10,14.4,18.02,,,,1,19.72997296,2.658749462,20.8715,45.7434,76.23861881,2.9203,19.1409,20.705,1.5641,0,0,0,9.771658648,9.77160979,9.350649351,Stable,,Syrup
2,0,0,0,WaterControl_Olive_Straight1cm_1mmpersec_1.csv,2019/02/12,DiffConc_DiffCaths,34,OliveNozzle,,,1.54,2.54,,Water,,,10,14.4,18.02,,,,1,2.929975691,0.44302802,4.7033,0.2631,0.438499269,4.7033,3.4556,2.5915,-0.8641,0,0,0,9.771626076,9.77160979,9.350649351,Stable,,Water
2,0,0,0,025pctALG_090_OliveNozzle_Tapered_1mmpersec_1.csv,2019/02/12,DiffConc_DiffCaths,35,OliveTapered,,1,1.54,2.54,0.9,PBS,0.9,153,10,14.4,18.02,0.25,0.506,1,1,2.397740945,0.344757118,2.7932,11.9193,19.86533446,2.6937,2.5088,1.6973,-0.8115,0,0,0,9.77169122,9.77160979,9.350649351,Stable,3.043478261,
2,0,0,0,050pctALG_090_OliveNozzle_Tapered_1mmpersec_1.csv,2019/02/12,DiffConc_DiffCaths,36,OliveTapered,,1,1.54,2.54,0.9,PBS,0.9,153,10,14.4,18.02,0.5,0.605,2,1,2.313535519,0.331599545,4.1288,0.1982,0.330330581,4.1288,2.4272,1.7927,-0.6345,0,0,0,9.77169122,9.77160979,9.350649351,Stable,2.545454545,
2,0,0,0,100pctALG_090_OliveNozzle_Tapered_1mmpersec_1.csv,2019/02/12,DiffConc_DiffCaths,37,OliveTapered,,1,1.54,2.54,0.9,PBS,0.9,153,10,14.4,18.02,1,0.658,3,1,2.545650749,0.146834875,3.3201,0.2019,0.3365,3.3201,2.4848,2.5489,0.0641,0,0,0,9.77160979,9.77160979,9.350649351,Stable,2.340425532,
2,0,0,0,200pctALG_090_OliveNozzle_Tapered_1mmpersec_1.csv,2019/02/12,DiffConc_DiffCaths,38,OliveTapered,,1,1.54,2.54,0.9,PBS,0.9,153,10,14.4,18.02,2,0.689,4,1,4.282491045,0.547847563,5.9709,59.9793,99.96516678,3.3163,4.1981,5.9599,1.7618,0,0,0,9.771642362,9.77160979,9.350649351,Unstable,2.235123367,
2,0,0,0,AirControl_OliveNozzle_Tapered_1mmpersec_1.csv,2019/02/12,DiffConc_DiffCaths,39,OliveTapered,,1,1.54,2.54,,Air,,,10,14.4,18.02,,,,1,2.767038095,0.471844504,4.8477,0.2825,0.470826271,4.8477,3.5378,2.4195,-1.1183,0,0,0,9.771756364,9.77160979,9.350649351,Stable,,Air
2,0,0,0,CornSyrupControl_OliveNozzle_Tapered_1mmpersec_1.csv,2019/02/12,DiffConc_DiffCaths,40,OliveTapered,,1,1.54,2.54,,Syrup,,,10,14.4,18.02,,,,1,5.433322137,0.40714312,5.7078,58.2989,97.16353782,3.9706,5.4066,5.6877,0.2811,0,0,0,9.771740078,9.77160979,9.350649351,Stable,,Syrup
2,0,0,0,WaterControl_OliveNozzle_Tapered_1mmpersec_1.csv,2019/02/12,DiffConc_DiffCaths,41,OliveTapered,,1,1.54,2.54,,Water,,,10,14.4,18.02,,,,1,1.960351664,0.505152755,3.5761,0.1984,0.330662809,3.5761,2.3772,0.6095,-1.7677,0,0,0,9.771723792,9.77160979,9.350649351,Stable,,Water
2,0,0,0,025pctALG_090_SyringeOnly_1mmpersec_1.csv,2019/02/12,DiffConc_DiffCaths,42,,,,1.65,0,0.9,PBS,0.9,153,10,14.4,18.02,0.25,0.506,1,1,1.122846005,0.169604623,2.8675,0.1784,0.297328873,2.8675,1.0573,1.263,0.2057,0,0,0,9.771756364,9.77160979,8.727272727,Stable,3.260869565,
2,0,0,0,050pctALG_090_SyringeOnly_1mmpersec_1.csv,2019/02/12,DiffConc_DiffCaths,43,,,,1.65,0,0.9,PBS,0.9,153,10,14.4,18.02,0.5,0.605,2,1,2.056223369,0.114617555,3.1747,0.178,0.2966637,3.1747,2.145,1.9366,-0.2084,0,0,0,9.771707506,9.77160979,8.727272727,Stable,2.727272727,
2,0,0,0,100pctALG_090_SyringeOnly_1mmpersec_1.csv,2019/02/12,DiffConc_DiffCaths,44,,,,1.65,0,0.9,PBS,0.9,153,10,14.4,18.02,1,0.658,3,1,1.858358641,0.133561051,2.4712,0.2213,0.368829645,2.4678,2.0107,2.1825,0.1718,0,0,0,9.771707506,9.77160979,8.727272727,Stable,2.507598784,
2,0,0,0,200pctALG_090_SyringeOnly_1mmpersec_1.csv,2019/02/12,DiffConc_DiffCaths,45,,,,1.65,0,0.9,PBS,0.9,153,10,14.4,18.02,2,0.689,4,1,2.736015052,0.505530972,4.2089,59.8818,99.80266732,2.8828,2.4632,4.1344,1.6712,0,0,0,9.771642362,9.77160979,8.727272727,Unstable,2.394775036,
2,0,0,0,AirOnly_SyringeOnly_1mmpersec_1.csv,2019/02/12,DiffConc_DiffCaths,46,,,,1.65,0,,Air,,,10,14.4,18.02,,,,1,1.477682057,0.150632071,2.7626,0.198,0.32999945,2.7626,1.4339,1.6036,0.1697,0,0,0,9.771626076,9.77160979,8.727272727,Stable,,Air
2,0,0,0,CornSyrupControl_SyringeOnly_1mmpersec_1.csv,2019/02/12,DiffConc_DiffCaths,47,,,,1.65,0,,Syrup,,,10,14.4,18.02,,,,1,2.832087679,0.128584351,3.2175,0.4206,0.700998832,3.2175,2.9225,2.6893,-0.2332,0,0,0,9.771626076,9.77160979,8.727272727,Stable,,Syrup
2,0,0,0,WaterControlv2_SyringeOnly_1mmpersec_1.csv,2019/02/12,DiffConc_DiffCaths,48,,,,1.65,0,,Water,,,10,14.4,18.02,,,,1,1.472510619,0.143840209,2.0486,0.138,0.2299977,2.0486,1.3739,1.2631,-0.1108,0,0,0,9.771707506,9.77160979,8.727272727,Stable,,Water
3,0,0,0,025pctALG_090_AmberNozzle_1mmpersec_1.csv,2020/01/14,DiffConc_DiffNeedleDiameters,0,AmberNozzle,,,1.36,2.54,0.9,PBS,0.9,153,5,11.9,15.4,0.25,0.506,1,1,2.448971093,0.336951881,3.2328,0.1814,0.453493198,3.2328,2.5422,1.5047,-1.0375,0,0,0,4.448876089,6.673214035,8.75,Stable,2.687747036,
3,0,0,0.0013,025pctALG_090_GreenNozzle_1mmpersec_1.csv,2020/01/14,DiffConc_DiffNeedleDiameters,1,GreenNozzle,,,0.84,2.54,0.9,PBS,0.9,153,5,11.9,15.4,0.25,0.506,1,1,2.666377395,0.404419232,3.2933,0.1988,0.496991303,3.2933,3.0545,1.6536,-1.4009,6.979302615,0.001012264,0,4.448887211,6.673214035,14.16666667,Stable,1.660079051,
3,0,0,0,025pctALG_090_OliveNozzle_1mmpersec_1.csv,2020/01/14,DiffConc_DiffNeedleDiameters,2,OliveNozzle,,,1.54,2.54,0.9,PBS,0.9,153,5,11.9,15.4,0.25,0.506,1,1,3.103832236,0.387844735,4.0607,0.2391,0.597744023,4.0607,3.0631,2.11,-0.9531,0,0,0,4.448853845,6.673214035,7.727272727,Stable,3.043478261,
3,0,0,0.0069,025pctALG_090_PinkNozzle_1mmpersec_1.csv,2020/01/14,DiffConc_DiffNeedleDiameters,3,PinkNozzle,,,0.61,2.54,0.9,PBS,0.9,153,5,11.9,15.4,0.25,0.506,1,1,3.247791667,0.42888719,4.0367,13.8192,34.54756816,3.0128,3.3035,2.2349,-1.0686,37.0439908,0.005372786,0,4.448864967,6.673214035,19.50819672,Stable,1.205533597,
3,0,0,0,025pctALG_090_PurpleNozzle_1mmpersec_1.csv,2020/01/14,DiffConc_DiffNeedleDiameters,4,PurpleNozzle,,,0.51,2.54,0.9,PBS,0.9,153,5,11.9,15.4,0.25,0.506,1,1,3.083679541,0.392461183,3.7622,0.1982,0.495488852,3.7622,3.3324,2.1237,-1.2087,0,0,0,4.448909455,6.673214035,23.33333333,Stable,1.007905138,
3,0,0,0,025pctALG_090_SyringeOnly_1mmpersec_1.csv,2020/01/14,DiffConc_DiffNeedleDiameters,5,SyringeOnly,,,1.65,0,0.9,PBS,0.9,153,5,11.9,15.4,0.25,0.506,1,1,3.445965452,0.694922586,4.4809,0.2427,0.606737865,4.4809,3.7594,2.0636,-1.6958,0,0,0,4.448898333,6.673214035,7.212121212,Stable,3.260869565,
3,0,0,0,050pctALG_090_AmberNozzle_1mmpersec_1.csv,2020/01/14,DiffConc_DiffNeedleDiameters,6,AmberNozzle,,,1.36,2.54,0.9,PBS,0.9,153,5,11.9,15.4,0.5,0.605,2,1,3.110347106,0.403671109,3.7942,0.1982,0.495498761,3.7942,3.2155,2.0336,-1.1819,0,0,0,4.448820479,6.673214035,8.75,Stable,2.247933884,
3,0,0,0,050pctALG_090_GreenNozzle_1mmpersec_1.csv,2020/01/14,DiffConc_DiffNeedleDiameters,7,GreenNozzle,,,0.84,2.54,0.9,PBS,0.9,153,5,11.9,15.4,0.5,0.605,2,1,2.843298653,0.386940311,3.3277,0.3585,0.896236556,2.6197,3.0058,1.86,-1.1458,0,0,0,4.448876089,6.673214035,14.16666667,Stable,1.388429752,
3,0,0,0,050pctALG_090_OliveNozzle_1mmpersec_1.csv,2020/01/14,DiffConc_DiffNeedleDiameters,8,OliveNozzle,,,1.54,2.54,0.9,PBS,0.9,153,5,11.9,15.4,0.5,0.605,2,1,3.188330389,0.472619368,4.1526,0.2185,0.546241806,4.1526,3.4898,2.0427,-1.4471,0,0,0,4.448876089,6.673214035,7.727272727,Stable,2.545454545,
3,0,0,0,050pctALG_090_PinkNozzle_1mmpersec_1.csv,2020/01/14,DiffConc_DiffNeedleDiameters,9,PinkNozzle,,,0.61,2.54,0.9,PBS,0.9,153,5,11.9,15.4,0.5,0.605,2,1,3.584876186,0.430417402,4.3133,1.6827,4.2066869,3.493,3.8136,2.572,-1.2416,0,0,0,4.448876089,6.673214035,19.50819672,Stable,1.008264463,
3,0,0,0,050pctALG_090_PurpleNozzle_1mmpersec_1.csv,2020/01/14,DiffConc_DiffNeedleDiameters,10,PurpleNozzle,,,0.51,2.54,0.9,PBS,0.9,153,5,11.9,15.4,0.5,0.605,2,1,4.319590614,0.47538616,4.8871,20.2617,50.65399673,4.7638,4.6311,3.3211,-1.31,0,0,0,4.448831601,6.673214035,23.33333333,Stable,0.842975207,
3,0,0,0,050pctALG_090_SyringeOnly_1mmpersec_1.csv,2020/01/14,DiffConc_DiffNeedleDiameters,11,SyringeOnly,,,1.65,0,0.9,PBS,0.9,153,5,11.9,15.4,0.5,0.605,2,1,3.263908587,0.477703189,4.2963,0.261,0.652498369,4.2963,3.7997,2.0578,-1.7419,0,0,0,4.448820479,6.673214035,7.212121212,Stable,2.727272727,
3,0,0,0,100pctALG_090_AmberNozzle_1mmpersec_1.csv,2020/01/14,DiffConc_DiffNeedleDiameters,12,AmberNozzle,,,1.36,2.54,0.9,PBS,0.9,153,5,11.9,15.4,1,0.658,3,1,4.313779391,0.557537494,5.0525,6.7589,16.89682758,4.688,4.8826,3.2367,-1.6459,0,0,0,4.448920577,6.673214035,8.75,Stable,2.066869301,
3,0,0,0,100pctALG_090_GreenNozzle_1mmpersec_1.csv,2020/01/14,DiffConc_DiffNeedleDiameters,13,GreenNozzle,,,0.84,2.54,0.9,PBS,0.9,153,5,11.9,15.4,1,0.658,3,1,5.569063922,0.614309377,6.341,8.8589,22.14719463,4.6136,6.0422,4.7822,-1.26,0,0,0,4.448820479,6.673214035,14.16666667,Stable,1.276595745,
3,0,0,0,100pctALG_090_OliveNozzle_1mmpersec_1.csv,2020/01/14,DiffConc_DiffNeedleDiameters,14,OliveNozzle,,,1.54,2.54,0.9,PBS,0.9,153,5,11.9,15.4,1,0.658,3,1,3.948659909,0.589724006,4.9499,0.2389,0.545026886,4.9499,4.4782,2.5969,-1.8813,0,0,0,4.875083147,6.673214035,7.727272727,Stable,2.340425532,
3,0,0,0,100pctALG_090_PinkNozzle_1mmpersec_1.csv,2020/01/14,DiffConc_DiffNeedleDiameters,15,PinkNozzle,,,0.61,2.54,0.9,PBS,0.9,153,5,11.9,15.4,1,0.658,3,1,6.421211128,0.790221264,10.0131,6.7393,16.84820788,4.9844,7.2646,5.347,-1.9176,0,0,0,4.448820479,6.673214035,19.50819672,Unstable,0.927051672,
3,0,0,0,100pctALG_090_PurpleNozzle_1mmpersec_1.csv,2020/01/14,DiffConc_DiffNeedleDiameters,16,PurpleNozzle,,,0.51,2.54,0.9,PBS,0.9,153,5,11.9,15.4,1,0.658,3,1,8.636495309,1.433533739,17.961,12.518,31.29468705,6.8082,8.9302,7.2751,-1.6551,0,0,0,4.448853845,6.673214035,23.33333333,Unstable,0.775075988,
3,0,0,0,100pctALG_090_SyringeOnly_1mmpersec_1.csv,2020/01/14,DiffConc_DiffNeedleDiameters,17,SyringeOnly,,,1.65,0,0.9,PBS,0.9,153,5,11.9,15.4,1,0.658,3,1,3.323298353,0.618799945,4.6884,0.2376,0.59398812,4.6884,4.0531,2.1106,-1.9425,0,0,0,4.448898333,6.673214035,7.212121212,Stable,2.507598784,
3,0,0,0,200pctALG_090_AmberNozzle_1mmpersec_1.csv,2020/01/14,DiffConc_DiffNeedleDiameters,18,AmberNozzle,,,1.36,2.54,0.9,PBS,0.9,153,5,11.9,15.4,2,0.689,4,1,5.634115968,0.87780383,7.1926,5.1184,12.79587204,6.9141,6.8883,4.3323,-2.556,0,0,0,4.448853845,6.673214035,8.75,Stable,1.973875181,
3,0,0,0,200pctALG_090_GreenNozzle_1mmpersec_1.csv,2020/01/14,DiffConc_DiffNeedleDiameters,19,GreenNozzle,,,0.84,2.54,0.9,PBS,0.9,153,5,11.9,15.4,2,0.689,4,1,10.06035614,1.251157912,12.4635,6.2387,15.59647706,5.063,11.0229,10.3506,-0.6723,0,0,0,4.448887211,6.673214035,14.16666667,Unstable,1.2191582,
3,0,0,0,200pctALG_090_OliveNozzle_1mmpersec_1.csv,2020/01/14,DiffConc_DiffNeedleDiameters,20,OliveNozzle,,,1.54,2.54,0.9,PBS,0.9,153,5,11.9,15.4,2,0.689,4,1,5.199928493,0.744544538,6.4107,5.2398,13.09923802,5.8224,6.3126,4.1245,-2.1881,0,0,0,4.448898333,6.673214035,7.727272727,Stable,2.235123367,
3,0,0,0,200pctALG_090_PinkNozzle_1mmpersec_1.csv,2020/01/14,DiffConc_DiffNeedleDiameters,21,PinkNozzle,,,0.61,2.54,0.9,PBS,0.9,153,5,11.9,15.4,2,0.689,4,1,10.99368695,1.638356583,20.1352,29.9626,76.78603005,5.5884,11.0223,11.5453,0.523,0,0,0,4.339913626,6.673214035,19.50819672,Unstable,0.885341074,
3,0,0,0,200pctALG_090_PurpleNozzle_1mmpersec_1.csv,2020/01/14,DiffConc_DiffNeedleDiameters,22,PurpleNozzle,,,0.51,2.54,0.9,PBS,0.9,153,5,11.9,15.4,2,0.689,4,1,33.72109084,11.88067108,70.0152,13.4183,33.54566614,7.3375,24.8718,29.6078,4.736,0,0,0,4.448820479,6.673214035,23.33333333,Unstable,0.740203193,
3,0,0,0,200pctALG_090_SyringeOnly_1mmpersec_1.csv,2020/01/14,DiffConc_DiffNeedleDiameters,23,SyringeOnly,,,1.65,0,0.9,PBS,0.9,153,5,11.9,15.4,2,0.689,4,1,3.786407838,0.517202355,4.7763,2.6202,6.550401744,4.6218,4.721,2.7828,-1.9382,0,0,0,4.448876089,6.673214035,7.212121212,Stable,2.394775036,
3,0,0,0,AirControl_AmberNozzle_1mmpersec_1.csv,2020/01/14,DiffConc_DiffNeedleDiameters,24,AmberNozzle,,,1.36,2.54,,Air,,,5,11.9,15.4,,,,1,2.290373453,0.525681991,3.9647,0.2391,0.597747011,3.9647,3.192,1.5669,-1.6251,0,0,0,4.448831601,6.673214035,8.75,Stable,,Air
3,0,0,0,AirControl_GreenNozzle_1mmpersec_1.csv,2020/01/14,DiffConc_DiffNeedleDiameters,25,GreenNozzle,,,0.84,2.54,,Air,,,5,11.9,15.4,,,,1,2.482109586,0.828094814,4.4481,0.2814,0.703494724,4.4481,3.892,1.4095,-2.4825,0,0,0,4.448842723,6.673214035,14.16666667,Stable,,Air
3,0,0,0,AirControl_OliveNozzle_1mmpersec_1.csv,2020/01/14,DiffConc_DiffNeedleDiameters,26,OliveNozzle,,,1.54,2.54,,Air,,,5,11.9,15.4,,,,1,1.276019611,0.33754322,2.847,0.198,0.494992575,2.847,1.6416,0.701,-0.9406,0,0,0,4.448876089,6.673214035,7.727272727,Stable,,Air
3,0,0,0,AirControl_PinkNozzle_1mmpersec_1.csv,2020/01/14,DiffConc_DiffNeedleDiameters,27,PinkNozzle,,,0.61,2.54,,Air,,,5,11.9,15.4,,,,1,2.708392764,0.939865825,5.1545,0.279,0.697484307,5.1545,4.1525,1.3248,-2.8277,0,0,0,4.448909455,6.673214035,19.50819672,Stable,,Air
3,0,0,0,AirControl_PurpleNozzle_1mmpersec_1.csv,2020/01/14,DiffConc_DiffNeedleDiameters,28,PurpleNozzle,,,0.51,2.54,,Air,,,5,11.9,15.4,,,,1,3.198523752,1.087271979,5.7984,0.319,0.797492025,5.7984,4.8495,1.4573,-3.3922,0,0,0,4.448853845,6.673214035,23.33333333,Stable,,Air
3,0,0,0,AirControl_SyringeOnly_1mmpersec_1.csv,2020/01/14,DiffConc_DiffNeedleDiameters,29,SyringeOnly,,,1.65,0,,Air,,,5,11.9,15.4,,,,1,1.16498478,0.222436342,2.601,0.198,0.494988863,2.601,1.2888,0.9016,-0.3872,0,0,0,4.448909455,6.673214035,7.212121212,Stable,,Air
4,0,0,0,025pctALG_090_AmberNozzle_01mmpersec_1.csv,2020/01/23,DiffConc_DiffExtrusionSpeeds,0,AmberNozzle,,,1.36,2.54,0.9,PBS,0.9,153,5,11.9,15.4,0.25,0.506,1,0.1,1.318269611,0.314644114,1.8904,0.1083,0.270749323,0.0067,1.6794,0.578,-1.1014,0,0,0,4.448820479,0.667321404,8.75,Stable,2.687747036,
4,0,0,0,025pctALG_090_AmberNozzle_05mmpersec_1.csv,2020/01/23,DiffConc_DiffExtrusionSpeeds,1,AmberNozzle,,,1.36,2.54,0.9,PBS,0.9,153,5,11.9,15.4,0.25,0.506,1,0.5,2.036292483,0.533609418,3.1414,0.1663,0.415744803,3.1414,2.3897,0.5691,-1.8206,0,0,0,4.448864967,3.336607018,8.75,Stable,2.687747036,
4,0,0,0,025pctALG_090_AmberNozzle_1mmpersec_1.csv,2020/01/23,DiffConc_DiffExtrusionSpeeds,2,AmberNozzle,,,1.36,2.54,0.9,PBS,0.9,153,5,11.9,15.4,0.25,0.506,1,1,3.934365818,0.600866557,4.707,11.3592,28.39785801,3.9414,3.9487,2.3709,-1.5778,0,0,0,4.448831601,6.673214035,8.75,Stable,2.687747036,
4,0,0,0,025pctALG_090_GreenNozzle_01mmpersec_1.csv,2020/01/23,DiffConc_DiffExtrusionSpeeds,3,GreenNozzle,,,0.84,2.54,0.9,PBS,0.9,153,5,11.9,15.4,0.25,0.506,1,0.1,1.408291203,0.171993258,1.9044,0.098,0.245,0.0133,1.5556,0.9629,-0.5927,0,0,0,4.448809357,0.667321404,14.16666667,Stable,1.660079051,
4,0,0,0,025pctALG_090_GreenNozzle_05mmpersec_1.csv,2020/01/23,DiffConc_DiffExtrusionSpeeds,4,GreenNozzle,,,0.84,2.54,0.9,PBS,0.9,153,5,11.9,15.4,0.25,0.506,1,0.5,2.762748926,0.431095479,3.1797,14.8263,37.06565734,2.5712,2.8194,1.5273,-1.2921,0,0,0,4.448820479,3.336607018,14.16666667,Stable,1.660079051,
4,0,0,0,025pctALG_090_GreenNozzle_1mmpersec_1.csv,2020/01/23,DiffConc_DiffExtrusionSpeeds,5,GreenNozzle,,,0.84,2.54,0.9,PBS,0.9,153,5,11.9,15.4,0.25,0.506,1,1,3.776064953,0.781483364,4.5967,10.2013,25.50305873,3.017,4.2665,1.7216,-2.5449,0,0,0,4.448842723,6.673214035,14.16666667,Stable,1.660079051,
4,0,0,0,025pctALG_090_OliveNozzle_01mmpersec_1.csv,2020/01/23,DiffConc_DiffExtrusionSpeeds,6,OliveNozzle,,,1.54,2.54,0.9,PBS,0.9,153,5,11.9,15.4,0.25,0.506,1,0.1,1.712470359,0.364460359,2.7329,0.1779,0.444748888,0.0122,2.1497,0.8357,-1.314,0,0,0,4.448820479,0.667321404,7.727272727,Stable,3.043478261,
4,0,0,0,025pctALG_090_OliveNozzle_05mmpersec_1.csv,2020/01/23,DiffConc_DiffExtrusionSpeeds,7,OliveNozzle,,,1.54,2.54,0.9,PBS,0.9,153,5,11.9,15.4,0.25,0.506,1,0.5,2.722512238,0.385627848,3.6389,0.2076,0.518993513,3.6389,3.071,1.5741,-1.4969,0,0,0,4.448864967,3.336607018,7.727272727,Stable,3.043478261,
4,0,0,0,025pctALG_090_OliveNozzle_1mmpersec_1.csv,2020/01/23,DiffConc_DiffExtrusionSpeeds,8,OliveNozzle,,,1.54,2.54,0.9,PBS,0.9,153,5,11.9,15.4,0.25,0.506,1,1,3.164152096,0.493689035,4.6473,0.2384,0.59599106,4.6473,3.5062,1.3446,-2.1616,0,0,0,4.448876089,6.673214035,7.727272727,Stable,3.043478261,
4,0,0,0,050pctALG_090_AmberNozzle_01mmpersec_1.csv,2020/01/23,DiffConc_DiffExtrusionSpeeds,9,AmberNozzle,,,1.36,2.54,0.9,PBS,0.9,153,5,11.9,15.4,0.5,0.605,2,0.1,0.836690712,0.37204776,1.5245,0.0843,0.21075,1.5245,1.2733,0.116,-1.1573,0,0,0,4.448809357,0.667321404,8.75,Stable,2.247933884,
4,0,0,0,050pctALG_090_AmberNozzle_05mmpersec_1.csv,2020/01/23,DiffConc_DiffExtrusionSpeeds,10,AmberNozzle,,,1.36,2.54,0.9,PBS,0.9,153,5,11.9,15.4,0.5,0.605,2,0.5,1.539682043,0.530017432,3.114,0.1558,0.389498053,3.114,2.0012,0.1106,-1.8906,0,0,0,4.448831601,3.336607018,8.75,Stable,2.247933884,
4,0,0,0,050pctALG_090_AmberNozzle_1mmpersec_1.csv,2020/01/23,DiffConc_DiffExtrusionSpeeds,11,AmberNozzle,,,1.36,2.54,0.9,PBS,0.9,153,5,11.9,15.4,0.5,0.605,2,1,4.255778743,1.278736545,6.3574,0.3,0.749986875,6.3574,5.5603,1.4402,-4.1201,0,0,0,4.448887211,6.673214035,8.75,Stable,2.247933884,
4,0,0,0,050pctALG_090_GreenNozzle_01mmpersec_1.csv,2020/01/23,DiffConc_DiffExtrusionSpeeds,12,GreenNozzle,,,0.84,2.54,0.9,PBS,0.9,153,5,11.9,15.4,0.5,0.605,2,0.1,1.914823604,0.442781812,3.6621,0.2143,0.53575,3.6621,2.5381,1.1129,-1.4252,0,0,0,4.448809357,0.667321404,14.16666667,Stable,1.388429752,
4,0,0,0,050pctALG_090_GreenNozzle_05mmpersec_1.csv,2020/01/23,DiffConc_DiffExtrusionSpeeds,13,GreenNozzle,,,0.84,2.54,0.9,PBS,0.9,153,5,11.9,15.4,0.5,0.605,2,0.5,2.732890634,0.448826407,4.2422,0.2364,0.590995568,4.2422,3.3019,1.7,-1.6019,0,0,0,4.448842723,3.336607018,14.16666667,Stable,1.388429752,
4,0,0,0,050pctALG_090_GreenNozzle_1mmpersec_1.csv,2020/01/23,DiffConc_DiffExtrusionSpeeds,14,GreenNozzle,,,0.84,2.54,0.9,PBS,0.9,153,5,11.9,15.4,0.5,0.605,2,1,3.55065015,0.680753941,4.8539,0.2779,0.694744789,4.8539,4.4758,2.0405,-2.4353,0,0,0,4.448842723,6.673214035,14.16666667,Stable,1.388429752,
4,0,0,0,050pctALG_090_OliveNozzle_01mmpersec_1.csv,2020/01/23,DiffConc_DiffExtrusionSpeeds,15,OliveNozzle,,,1.54,2.54,0.9,PBS,0.9,153,5,11.9,15.4,0.5,0.605,2,0.1,1.017281,0.490841799,2.0042,0.1303,0.325749186,0.0856,1.5457,0.1185,-1.4272,0,0,0,4.448820479,0.667321404,7.727272727,Stable,2.545454545,
4,0,0,0,050pctALG_090_OliveNozzle_05mmpersec_1.csv,2020/01/23,DiffConc_DiffExtrusionSpeeds,16,OliveNozzle,,,1.54,2.54,0.9,PBS,0.9,153,5,11.9,15.4,0.5,0.605,2,0.5,2.021538511,0.588558281,3.7419,0.1964,0.490998773,3.7419,2.4893,0.7621,-1.7272,0,0,0,4.448820479,3.336607018,7.727272727,Stable,2.545454545,
4,0,0,0,050pctALG_090_OliveNozzle_1mmpersec_1.csv,2020/01/23,DiffConc_DiffExtrusionSpeeds,17,OliveNozzle,,,1.54,2.54,0.9,PBS,0.9,153,5,11.9,15.4,0.5,0.605,2,1,3.687147705,0.972569276,4.7618,7.0193,17.54811839,4.6116,4.4966,1.3712,-3.1254,0,0,0,4.448842723,6.673214035,7.727272727,Stable,2.545454545,
4,0,0,0,100pctALG_090_AmberNozzle_01mmpersec_1.csv,2020/01/23,DiffConc_DiffExtrusionSpeeds,18,AmberNozzle,,,1.36,2.54,0.9,PBS,0.9,153,5,11.9,15.4,1,0.658,3,0.1,2.701398925,0.487107502,5.629,0.2841,0.71025,5.629,3.5784,2.4131,-1.1653,0,0,0,4.448809357,0.667321404,8.75,Stable,2.066869301,
4,0,0,0,100pctALG_090_AmberNozzle_05mmpersec_1.csv,2020/01/23,DiffConc_DiffExtrusionSpeeds,19,AmberNozzle,,,1.36,2.54,0.9,PBS,0.9,153,5,11.9,15.4,1,0.658,3,0.5,3.596785539,0.439129584,4.933,0.2581,0.64525,4.933,4.2094,2.6634,-1.546,0,0,0,4.448809357,3.336607018,8.75,Stable,2.066869301,
4,0,0,0,100pctALG_090_AmberNozzle_1mmpersec_1.csv,2020/01/23,DiffConc_DiffExtrusionSpeeds,20,AmberNozzle,,,1.36,2.54,0.9,PBS,0.9,153,5,11.9,15.4,1,0.658,3,1,4.845551996,0.703918517,6.6271,0.3997,0.999230015,6.6271,5.5291,3.4404,-2.0887,0,0,0,4.448898333,6.673214035,8.75,Stable,2.066869301,
4,0,0,0,100pctALG_090_GreenNozzle_01mmpersec_1.csv,2020/01/23,DiffConc_DiffExtrusionSpeeds,21,GreenNozzle,,,0.84,2.54,0.9,PBS,0.9,153,5,11.9,15.4,1,0.658,3,0.1,3.642691092,0.414080594,5.2099,0.279,0.697498256,0.0026,4.4163,3.738,-0.6783,0,0,0,4.448820479,0.667321404,14.16666667,Unstable,1.276595745,
4,0,0,0,100pctALG_090_GreenNozzle_05mmpersec_1.csv,2020/01/23,DiffConc_DiffExtrusionSpeeds,22,GreenNozzle,,,0.84,2.54,0.9,PBS,0.9,153,5,11.9,15.4,1,0.658,3,0.5,4.681925075,0.583050004,5.6678,5.0062,12.51540613,4.8198,5.1962,3.8372,-1.359,0,0,0,4.448842723,3.336607018,14.16666667,Stable,1.276595745,
4,0,0,0,100pctALG_090_GreenNozzle_1mmpersec_1.csv,2020/01/23,DiffConc_DiffExtrusionSpeeds,23,GreenNozzle,,,0.84,2.54,0.9,PBS,0.9,153,5,11.9,15.4,1,0.658,3,1,6.950547705,0.899177316,8.0475,6.5596,16.39859004,6.9048,7.8148,4.9757,-2.8391,0,0,0,4.448920577,6.673214035,14.16666667,Stable,1.276595745,
4,0,0,0,100pctALG_090_OliveNozzle_01mmpersec_1.csv,2020/01/23,DiffConc_DiffExtrusionSpeeds,24,OliveNozzle,,,1.54,2.54,0.9,PBS,0.9,153,5,11.9,15.4,1,0.658,3,0.1,3.477449073,0.260727435,4.7442,0.2864,0.71599821,4.7304,3.8661,3.2249,-0.6412,0,0,0,4.448820479,0.667321404,7.727272727,Stable,2.340425532,
4,0,0,0,100pctALG_090_OliveNozzle_05mmpersec_1.csv,2020/01/23,DiffConc_DiffExtrusionSpeeds,25,OliveNozzle,,,1.54,2.54,0.9,PBS,0.9,153,5,11.9,15.4,1,0.658,3,0.5,4.353527348,0.629167097,6.7633,0.3258,0.8145,6.7633,5.0374,3.0103,-2.0271,0,0,0,4.448809357,3.336607018,7.727272727,Stable,2.340425532,
4,0,0,0,100pctALG_090_OliveNozzle_1mmpersec_1.csv,2020/01/23,DiffConc_DiffExtrusionSpeeds,26,OliveNozzle,,,1.54,2.54,0.9,PBS,0.9,153,5,11.9,15.4,1,0.658,3,1,4.904310579,0.88236936,7.1917,0.339,0.847485169,7.1917,5.8622,3.1092,-2.753,0,0,0,4.448887211,6.673214035,7.727272727,Stable,2.340425532,
4,0,0,0,200pctALG_090_AmberNozzle_01mmpersec_1.csv,2020/01/23,DiffConc_DiffExtrusionSpeeds,27,AmberNozzle,,,1.36,2.54,0.9,PBS,0.9,153,5,11.9,15.4,2,0.689,4,0.1,4.435291922,0.747006638,7.1194,6.1124,15.281,5.9919,6.1153,4.2471,-1.8682,0,0,0,4.448809357,0.667321404,8.75,Unstable,1.973875181,
4,0,0,0,200pctALG_090_AmberNozzle_05mmpersec_1.csv,2020/01/23,DiffConc_DiffExtrusionSpeeds,28,AmberNozzle,,,1.36,2.54,0.9,PBS,0.9,153,5,11.9,15.4,2,0.689,4,0.5,5.347363312,0.64245537,6.2849,0.3485,0.871243466,6.2474,6.1882,4.5159,-1.6723,0,0,0,4.448842723,3.336607018,8.75,Stable,1.973875181,
4,0,0,0,200pctALG_090_AmberNozzle_1mmpersec_1.csv,2020/01/23,DiffConc_DiffExtrusionSpeeds,29,AmberNozzle,,,1.36,2.54,0.9,PBS,0.9,153,5,11.9,15.4,2,0.689,4,1,6.545692465,0.776689143,7.652,2.9589,7.397102058,7.3567,7.4392,5.2548,-2.1844,0,0,0,4.448898333,6.673214035,8.75,Stable,1.973875181,
4,0,0,0,200pctALG_090_GreenNozzle_01mmpersec_1.csv,2020/01/23,DiffConc_DiffExtrusionSpeeds,30,GreenNozzle,,,0.84,2.54,0.9,PBS,0.9,153,5,11.9,15.4,2,0.689,4,0.1,8.969649435,1.506876679,15.8042,27.274,68.185,6.415,9.7046,9.388,-0.3166,0,0,0,4.448809357,0.667321404,14.16666667,Unstable,1.2191582,
4,0,0,0,200pctALG_090_GreenNozzle_05mmpersec_1.csv,2020/01/23,DiffConc_DiffExtrusionSpeeds,31,GreenNozzle,,,0.84,2.54,0.9,PBS,0.9,153,5,11.9,15.4,2,0.689,4,0.5,10.40878539,1.088999658,13.1346,22.2364,55.59030512,7.0424,9.9814,9.5096,-0.4718,0,0,0,4.448864967,3.336607018,14.16666667,Unstable,1.2191582,
4,0,0,0,200pctALG_090_GreenNozzle_1mmpersec_1.csv,2020/01/23,DiffConc_DiffExtrusionSpeeds,32,GreenNozzle,,,0.84,2.54,0.9,PBS,0.9,153,5,11.9,15.4,2,0.689,4,1,13.85574875,2.038013656,18.6275,2.4785,6.196203528,17.507,15.5548,11.032,-4.5228,0,0,0,4.448842723,6.673214035,14.16666667,Unstable,1.2191582,
4,0,0,0,200pctALG_090_OliveNozzle_01mmpersec_1.csv,2020/01/23,DiffConc_DiffExtrusionSpeeds,33,OliveNozzle,,,1.54,2.54,0.9,PBS,0.9,153,5,11.9,15.4,2,0.689,4,0.1,4.173647393,0.420548705,5.3137,7.4644,18.661,3.9604,4.7597,4.4064,-0.3533,0,0,0,4.448809357,0.667321404,7.727272727,Unstable,2.235123367,
4,0,0,0,200pctALG_090_OliveNozzle_05mmpersec_1.csv,2020/01/23,DiffConc_DiffExtrusionSpeeds,34,OliveNozzle,,,1.54,2.54,0.9,PBS,0.9,153,5,11.9,15.4,2,0.689,4,0.5,5.078969431,0.735645458,7.9879,0.3775,0.943747641,7.9879,6.2339,4.1495,-2.0844,0,0,0,4.448820479,3.336607018,7.727272727,Stable,2.235123367,
4,0,0,0,200pctALG_090_OliveNozzle_1mmpersec_1.csv,2020/01/23,DiffConc_DiffExtrusionSpeeds,35,OliveNozzle,,,1.54,2.54,0.9,PBS,0.9,153,5,11.9,15.4,2,0.689,4,1,6.736768298,1.121506066,10.2105,0.4411,1.102722432,10.2105,8.4161,5.2569,-3.1592,0,0,0,4.448920577,6.673214035,7.727272727,Stable,2.235123367,
4,0,0,0,AirControl_AmberNozzle_01mmpersec_1.csv,2020/01/23,DiffConc_DiffExtrusionSpeeds,36,AmberNozzle,,,1.36,2.54,,Air,,,5,11.9,15.4,,,,0.1,1.268046856,0.544721477,2.3036,0.1844,0.460998848,0.0353,1.7892,0.1017,-1.6875,0,0,0,4.448820479,0.667321404,8.75,Stable,,Air
4,0,0,0,AirControl_AmberNozzle_05mmpersec_1.csv,2020/01/23,DiffConc_DiffExtrusionSpeeds,37,AmberNozzle,,,1.36,2.54,,Air,,,5,11.9,15.4,,,,0.5,3.105865684,0.601871471,4.8755,0.2495,0.623748441,4.8755,3.8238,1.1841,-2.6397,0,0,0,4.448820479,3.336607018,8.75,Stable,,Air
4,0,0,0,AirControl_AmberNozzle_1mmpersec_1.csv,2020/01/23,DiffConc_DiffExtrusionSpeeds,38,AmberNozzle,,,1.36,2.54,,Air,,,5,11.9,15.4,,,,1,2.403804743,0.414422109,3.8601,0.3204,0.801,3.8601,3.0698,1.6577,-1.4121,0,0,0,4.448809357,6.673214035,8.75,Stable,,Air
4,0,0,0,AirControl_GreenNozzle_01mmpersec_1.csv,2020/01/23,DiffConc_DiffExtrusionSpeeds,39,GreenNozzle,,,0.84,2.54,,Air,,,5,11.9,15.4,,,,0.1,1.581311467,0.534156434,3.122,0.1775,0.44375,3.1012,2.239,0.4555,-1.7835,0,0,0,4.448809357,0.667321404,14.16666667,Stable,,Air
4,0,0,0,AirControl_GreenNozzle_05mmpersec_1.csv,2020/01/23,DiffConc_DiffExtrusionSpeeds,40,GreenNozzle,,,0.84,2.54,,Air,,,5,11.9,15.4,,,,0.5,2.661596304,0.520924962,4.3752,0.3557,0.889247777,4.3752,2.8468,0.8691,-1.9777,0,0,0,4.448820479,3.336607018,14.16666667,Stable,,Air
4,0,0,0,AirControl_GreenNozzle_1mmpersec_1.csv,2020/01/23,DiffConc_DiffExtrusionSpeeds,41,GreenNozzle,,,0.84,2.54,,Air,,,5,11.9,15.4,,,,1,1.801953194,0.66660394,3.9932,0.2184,0.54598908,3.9932,2.8395,0.626,-2.2135,0,0,0,4.448898333,6.673214035,14.16666667,Stable,,Air
4,0,0,0,AirControl_OliveNozzle_01mmpersec_1.csv,2020/01/23,DiffConc_DiffExtrusionSpeeds,42,OliveNozzle,,,1.54,2.54,,Air,,,5,11.9,15.4,,,,0.1,1.470593311,0.409565182,2.7523,0.1928,0.481998795,2.705,2.0805,0.8423,-1.2382,0,0,0,4.448820479,0.667321404,7.727272727,Stable,,Air
4,0,0,0,AirControl_OliveNozzle_05mmpersec_1.csv,2020/01/23,DiffConc_DiffExtrusionSpeeds,43,OliveNozzle,,,1.54,2.54,,Air,,,5,11.9,15.4,,,,0.5,3.380207218,0.966435528,4.8468,0.2488,0.62199689,4.8468,2.3141,0.9503,-1.3638,0,0,0,4.448831601,3.336607018,7.727272727,Stable,,Air
4,0,0,0,AirControl_OliveNozzle_1mmpersec_1.csv,2020/01/23,DiffConc_DiffExtrusionSpeeds,44,OliveNozzle,,,1.54,2.54,,Air,,,5,11.9,15.4,,,,1,2.241422455,0.286428961,3.218,0.3395,0.848730904,3.218,2.51,1.5252,-0.9848,0,0,0,4.448909455,6.673214035,7.727272727,Stable,,Air
5,0,0,0,050pctALG_cacl2_060_AmberNozzle_1mmpersec_1.csv,2020/01/31,Unswelled_DiffNeedleDiams,0,AmberNozzle,,,1.36,2.54,0.65,CaCl2,3,0,5,11.9,15.4,0.5,0.25,6,1,16.52620382,17.07484627,61.9051,21.119,78.21735974,3.6495,2.753,49.282,46.529,0,0,0,3.002990804,6.673214035,8.75,Unstable,5.44,
5,0,0,0,050pctALG_cacl2_060_GreenNozzle_1mmpersec_1.csv,2020/01/31,Unswelled_DiffNeedleDiams,1,GreenNozzle,,,0.84,2.54,0.65,CaCl2,3,0,5,11.9,15.4,0.5,0.25,6,1,22.97134938,25.88134489,97.7731,26.9869,99.94777971,3.3096,3.631,92.7429,89.1119,0,0,0,3.003057536,6.673214035,14.16666667,Unstable,3.36,
5,0,0,0,050pctALG_cacl2_060_NoNozzle_1mmpersec_1.csv,2020/01/31,Unswelled_DiffNeedleDiams,2,NoNozzle,,,1.65,0,0.65,CaCl2,3,0,5,11.9,15.4,0.5,0.25,6,1,4.766580724,3.352925636,13.3897,26.5994,98.51483682,3.822,2.5129,10.8257,8.3128,0,0,0,3.002990804,6.673214035,7.212121212,Unstable,6.6,
5,0,0,0,050pctALG_cacl2_060_OliveNozzle_1mmpersec_1.csv,2020/01/31,Unswelled_DiffNeedleDiams,3,OliveNozzle,,,1.54,2.54,0.65,CaCl2,3,0,5,11.9,15.4,0.5,0.25,6,1,3.698989808,2.069511349,17.8272,27.0009,100,3.5642,2.9936,17.8272,14.8336,0,0,0,3.003046414,6.673214035,7.727272727,Unstable,6.16,
5,0,0,0,AirControl_NoNozzle_1mmpersec_1.csv,2020/01/31,Unswelled_DiffNeedleDiams,4,NoNozzle,,,1.65,0,,Air,,,5,11.9,15.4,,,,1,3.61158544,1.029537414,5.3285,2.4603,9.112222222,4.9019,5.3015,2.0107,-3.2908,0,0,0,3.002946316,6.673214035,7.212121212,Stable,,Air
5,0,0,0,AirControl_NoNozzle_1mmpersec_1_1.csv,2020/01/31,Unswelled_DiffNeedleDiams,5,NoNozzle,,,1.65,0,,Air,,,5,11.9,15.4,,,,1,4.341013156,1.181398993,5.8362,2.1212,7.856034428,5.716,5.8034,2.0348,-3.7686,0,0,0,3.003046414,6.673214035,7.212121212,Stable,,Air
5,0,0,0,AirControl_NoNozzle_1mmpersec_2_1.csv,2020/01/31,Unswelled_DiffNeedleDiams,6,NoNozzle,,,1.65,0,,Air,,,5,11.9,15.4,,,,1,4.766686253,1.213647074,6.826,0.3226,1.194774989,6.826,6.0305,2.0944,-3.9361,0,0,0,3.003046414,6.673214035,7.212121212,Stable,,Air
6,0,0,0,2pct_065_20cmCatheter_1mmpersec.csv,2020/02/08,DiffVolFracs_DiffCathLengths,0,,20cmCatheter,,3.2,20,0.65,PBS,0.9,153,10,14.4,18.02,2,0.689,4,1,2.969099833,0.28108135,6.2445,0.3807,0.634490483,6.2445,2.7877,2.2671,-0.5206,0,0,0,9.771756364,9.77160979,4.5,Stable,4.644412192,
6,0,0,0.0167,2pct_065_40cmCatheter_1mmpersec.csv,2020/02/08,DiffVolFracs_DiffCathLengths,1,,40cmCatheter,,3.2,40,0.65,PBS,0.9,153,10,14.4,18.02,2,0.689,4,1,2.485075965,0.273218434,5.5778,0.2397,0.399498003,5.5778,2.5994,1.9104,-0.689,65.48125833,0.009497271,0,9.771658648,9.77160979,4.5,Stable,4.644412192,
6,0,0,0,2pct_065_60cmCatheter_1mmpersec.csv,2020/02/08,DiffVolFracs_DiffCathLengths,2,,60cmCatheter,,3.2,60,0.65,PBS,0.9,153,10,14.4,18.02,2,0.689,4,1,2.691631749,0.300997517,4.961,0.2388,0.402842163,4.961,2.6896,2.1812,-0.5084,0,0,0,9.65415504,9.77160979,4.5,Stable,4.644412192,
6,0,0,0,2pct_065_SyringeOnly_1mmpersec.csv,2020/02/08,DiffVolFracs_DiffCathLengths,3,,,,1.65,0,0.65,PBS,0.9,153,10,14.4,18.02,2,0.689,4,1,3.101943242,0.27427471,4.2692,0.2979,0.496497518,4.2692,3.3053,2.272,-1.0333,0,0,0,9.771658648,9.77160979,8.727272727,Stable,2.394775036,
6,0,0,0,2pct_075_20cmCatheter_1mmpersec.csv,2020/02/08,DiffVolFracs_DiffCathLengths,4,,20cmCatheter,,3.2,20,0.75,PBS,0.9,153,10,14.4,18.02,2,0.689,4,1,3.861928096,0.528355562,8.3742,0.3396,0.56599717,8.3742,4.4865,2.7666,-1.7199,0,0,0,9.771658648,9.77160979,4.5,Stable,4.644412192,
6,0,0,0,2pct_075_40cmCatheter_1mmpersec.csv,2020/02/08,DiffVolFracs_DiffCathLengths,5,,40cmCatheter,,3.2,40,0.75,PBS,0.9,153,10,14.4,18.02,2,0.689,4,1,3.527940346,0.474811884,6.648,0.3791,0.63183228,6.648,3.9913,2.8003,-1.191,0,0,0,9.771626076,9.77160979,4.5,Stable,4.644412192,
6,0,0,0,2pct_075_60cmCatheter_1mmpersec.csv,2020/02/08,DiffVolFracs_DiffCathLengths,6,,60cmCatheter,,3.2,60,0.75,PBS,0.9,153,10,14.4,18.02,2,0.689,4,1,2.932462017,0.450307235,5.8219,0.2796,0.46599301,5.8219,3.4049,2.2845,-1.1204,0,0,0,9.771756364,9.77160979,4.5,Stable,4.644412192,
6,0,0,0,2pct_075_SyringeOnly_1mmpersec.csv,2020/02/08,DiffVolFracs_DiffCathLengths,7,,,,1.65,0,0.75,PBS,0.9,153,10,14.4,18.02,2,0.689,4,1,3.50057004,0.693267181,8.7529,0.4187,0.69783217,8.7529,4.6528,2.5644,-2.0884,0,0,0,9.771626076,9.77160979,8.727272727,Stable,2.394775036,
6,0,0,0.1719,2pct_085_20cmCatheter_1mmpersec.csv,2020/02/08,DiffVolFracs_DiffCathLengths,8,,20cmCatheter,,3.2,20,0.85,PBS,0.9,153,10,14.4,18.02,2,0.689,4,1,3.392155808,0.322099499,5.2914,0.2404,0.401707088,5.2914,3.4303,2.4956,-0.9347,674.0256471,0.097759332,0,9.74630132,9.77160979,4.5,Stable,4.644412192,
6,0,0,0,2pct_085_40cmCatheter_1mmpersec.csv,2020/02/08,DiffVolFracs_DiffCathLengths,9,,40cmCatheter,,3.2,40,0.85,PBS,0.9,153,10,14.4,18.02,2,0.689,4,1,3.671958589,0.431727562,6.0322,0.3192,0.532,6.0322,3.4377,2.8505,-0.5872,0,0,0,9.77160979,9.77160979,4.5,Stable,4.644412192,
6,0,0,0,2pct_085_60cmCatheter_1mmpersec.csv,2020/02/08,DiffVolFracs_DiffCathLengths,10,,60cmCatheter,,3.2,60,0.85,PBS,0.9,153,10,14.4,18.02,2,0.689,4,1,3.511500167,0.450047389,4.582,0.2221,0.370162965,4.582,3.0031,2.883,-0.1201,0,0,0,9.771707506,9.77160979,4.5,Stable,4.644412192,
6,0,0,0.2126,2pct_085_SyringeOnly_1mmpersec.csv,2020/02/08,DiffVolFracs_DiffCathLengths,11,,,,1.65,0,0.85,PBS,0.9,153,10,14.4,18.02,2,0.689,4,1,3.533340744,0.550790104,8.5459,0.3819,0.641113883,8.5459,4.1848,2.4414,-1.7434,833.6117078,0.120905375,0,9.701286771,9.77160979,8.727272727,Stable,2.394775036,
6,0,0,0.4045,2pct_095_20cmCatheter_1mmpersec.csv,2020/02/08,DiffVolFracs_DiffCathLengths,12,,20cmCatheter,,3.2,20,0.95,PBS,0.9,153,10,14.4,18.02,2,0.689,4,1,3.519477887,0.334693638,5.4569,0.2408,0.394354572,5.4569,3.5768,2.7802,-0.7966,1586.058024,0.230038684,0,9.944534711,9.77160979,4.5,Stable,4.644412192,
6,0,0,0.0516,2pct_095_40cmCatheter_1mmpersec.csv,2020/02/08,DiffVolFracs_DiffCathLengths,13,,40cmCatheter,,3.2,40,0.95,PBS,0.9,153,10,14.4,18.02,2,0.689,4,1,3.959793009,0.453333065,4.6729,20.7792,34.63188456,4.2941,3.314,3.6392,0.3252,202.3253251,0.029344861,0,9.771642362,9.77160979,4.5,Stable,4.644412192,
6,0,0,0,2pct_095_60cmCatheter_1mmpersec.csv,2020/02/08,DiffVolFracs_DiffCathLengths,14,,60cmCatheter,,3.2,60,0.95,PBS,0.9,153,10,14.4,18.02,2,0.689,4,1,3.989364502,0.500531798,4.7821,0.222,0.369995067,4.7821,3.1637,4.0983,0.9346,0,0,0,9.771740078,9.77160979,4.5,Stable,4.644412192,
6,0,0,0,2pct_095_SyringeOnly_1mmpersec.csv,2020/02/08,DiffVolFracs_DiffCathLengths,15,,,,1.65,0,0.95,PBS,0.9,153,10,14.4,18.02,2,0.689,4,1,3.018546804,0.641059637,7.7109,0.3395,0.565828618,7.7109,3.9479,1.9336,-2.0143,0,0,0,9.77169122,9.77160979,8.727272727,Stable,2.394775036,
6,0,0,0,AirControls_0cm_1mmpersec_1.csv,2020/02/08,DiffVolFracs_DiffCathLengths,16,,,,1.65,0,,Air,,,10,14.4,18.02,,,,1,2.12166528,0.195735241,4.1894,0.1783,0.297162704,4.1894,1.9503,2.3167,0.3664,0,0,0,9.771740078,9.77160979,8.727272727,Stable,,Air
6,0,0,0,AirControls_0cm_1mmpersec_2.csv,2020/02/08,DiffVolFracs_DiffCathLengths,17,,,,1.65,0,,Air,,,10,14.4,18.02,,,,1,2.336369231,0.165800674,3.0906,0.2008,0.334666667,3.0906,2.2107,2.272,0.0613,0,0,0,9.77160979,9.77160979,8.727272727,Stable,,Air
6,0,0,0,AirControls_0cm_1mmpersec_3.csv,2020/02/08,DiffVolFracs_DiffCathLengths,18,,,,1.65,0,,Air,,,10,14.4,18.02,,,,1,2.206464281,0.258421194,4.8135,0.2786,0.464333333,4.8135,2.2093,2.4019,0.1926,0,0,0,9.77160979,9.77160979,8.727272727,Stable,,Air
6,0,0,0,AirControls_0cm_1mmpersec_4.csv,2020/02/08,DiffVolFracs_DiffCathLengths,19,,,,1.65,0,,Air,,,10,14.4,18.02,,,,1,1.374273569,0.168059544,3.7933,0.1788,0.297999503,3.7933,1.3665,1.321,-0.0455,0,0,0,9.771626076,9.77160979,8.727272727,Stable,,Air
6,0,0,0,AirControls_20cm_1mmpersec_1.csv,2020/02/08,DiffVolFracs_DiffCathLengths,20,,20cmCatheter,,3.2,20,,Air,,,10,14.4,18.02,,,,1,2.118503728,0.438655104,5.656,0.2596,0.432663782,5.656,2.809,1.3692,-1.4398,0,0,0,9.771674934,9.77160979,4.5,Stable,,Air
6,0,0,0,AirControls_20cm_1mmpersec_2.csv,2020/02/08,DiffVolFracs_DiffCathLengths,21,,20cmCatheter,,3.2,20,,Air,,,10,14.4,18.02,,,,1,2.156137229,0.181936494,4.8693,0.2601,0.4335,4.8693,2.1601,1.8563,-0.3038,0,0,0,9.77160979,9.77160979,4.5,Stable,,Air
6,0,0,0,AirControls_20cm_1mmpersec_3.csv,2020/02/08,DiffVolFracs_DiffCathLengths,22,,20cmCatheter,,3.2,20,,Air,,,10,14.4,18.02,,,,1,2.209884582,0.375544187,4.7064,0.3201,0.533496443,4.7064,2.893,1.9325,-0.9605,0,0,0,9.771674934,9.77160979,4.5,Stable,,Air
6,0,0,0,AirControls_20cm_1mmpersec_4.csv,2020/02/08,DiffVolFracs_DiffCathLengths,23,,20cmCatheter,,3.2,20,,Air,,,10,14.4,18.02,,,,1,2.456005095,0.334703863,6.4289,0.3407,0.567829548,6.4289,2.4767,1.8987,-0.578,0,0,0,9.771674934,9.77160979,4.5,Stable,,Air
6,0,0,0,AirControls_40cm_1mmpersec_1.csv,2020/02/08,DiffVolFracs_DiffCathLengths,24,,40cmCatheter,,3.2,40,,Air,,,10,14.4,18.02,,,,1,2.743261285,0.322643408,5.628,0.4778,0.796324043,5.628,2.7315,2.2025,-0.529,0,0,0,9.771723792,9.77160979,4.5,Stable,,Air
6,0,0,0.0007,AirControls_40cm_1mmpersec_2.csv,2020/02/08,DiffVolFracs_DiffCathLengths,25,,40cmCatheter,,3.2,40,,Air,,,10,14.4,18.02,,,,1,2.923563515,0.397578374,5.9169,0.319,0.531662236,5.9169,3.3489,2.0762,-1.2727,2.744723403,0.000398089,0,9.77169122,9.77160979,4.5,Stable,,Air
6,0,0,0,AirControls_40cm_1mmpersec_3.csv,2020/02/08,DiffVolFracs_DiffCathLengths,26,,40cmCatheter,,3.2,40,,Air,,,10,14.4,18.02,,,,1,2.76981032,0.421412718,6.2752,0.3381,0.563498122,6.2752,3.4587,2.1535,-1.3052,0,0,0,9.771642362,9.77160979,4.5,Stable,,Air
6,0,0,0,AirControls_40cm_1mmpersec_4.csv,2020/02/08,DiffVolFracs_DiffCathLengths,27,,40cmCatheter,,3.2,40,,Air,,,10,14.4,18.02,,,,1,2.506091112,0.411282786,5.3249,0.4386,0.730996345,5.3249,3.1139,1.9459,-1.168,0,0,0,9.771658648,9.77160979,4.5,Stable,,Air
6,0,0,0,AirControls_60cm_1mmpersec_1.csv,2020/02/08,DiffVolFracs_DiffCathLengths,28,,60cmCatheter,,3.2,60,,Air,,,10,14.4,18.02,,,,1,3.154993273,0.477079022,7.0498,0.4006,0.667657765,7.0498,3.6162,2.041,-1.5752,0,0,0,9.771740078,9.77160979,4.5,Stable,,Air
6,0,0,0,AirControls_60cm_1mmpersec_2.csv,2020/02/08,DiffVolFracs_DiffCathLengths,29,,60cmCatheter,,3.2,60,,Air,,,10,14.4,18.02,,,,1,3.11844359,0.640522153,6.4159,0.3607,0.601161657,6.4159,4.1764,2.0663,-2.1101,0,0,0,9.77169122,9.77160979,4.5,Stable,,Air
6,0,0,0,AirControls_60cm_1mmpersec_3.csv,2020/02/08,DiffVolFracs_DiffCathLengths,30,,60cmCatheter,,3.2,60,,Air,,,10,14.4,18.02,,,,1,2.989184282,0.57220411,7.1794,0.3411,0.568498105,7.1794,3.8131,1.9491,-1.864,0,0,0,9.771642362,9.77160979,4.5,Stable,,Air
6,0,0,0,AirControls_60cm_1mmpersec_4.csv,2020/02/08,DiffVolFracs_DiffCathLengths,31,,60cmCatheter,,3.2,60,,Air,,,10,14.4,18.02,,,,1,2.723085548,0.610594954,6.9534,0.4225,0.704164319,6.9534,3.717,1.8339,-1.8831,0,0,0,9.771642362,9.77160979,4.5,Stable,,Air
7,0,0,0,2pct_065_AmberNozzle_1mmpersec.csv,2020/02/08,DiffVolFracs_DiffNeedleDiams,0,AmberNozzle,,,1.36,2.54,0.65,PBS,0.9,153,5,11.9,15.4,2,0.689,2,1,2.504176447,0.208678409,2.8971,12.4794,31.19834401,2.5363,2.5508,2.1141,-0.4367,0,0,0,4.448831601,6.673214035,8.75,Stable,1.973875181,
7,0,0,0,2pct_065_GreenNozzle_1mmpersec.csv,2020/02/08,DiffVolFracs_DiffNeedleDiams,1,GreenNozzle,,,0.84,2.54,0.65,PBS,0.9,153,5,11.9,15.4,2,0.689,2,1,2.925647255,0.208267455,3.1449,19.4594,48.64837838,2.836,2.8456,2.6137,-0.2319,0,0,0,4.448820479,6.673214035,14.16666667,Stable,1.2191582,
7,0,0,0,2pct_065_NoNozzle_1mmpersec.csv,2020/02/08,DiffVolFracs_DiffNeedleDiams,2,NoNozzle,,,1.65,0,0.65,PBS,0.9,153,5,11.9,15.4,2,0.689,2,1,2.323235097,0.274675639,2.7951,0.3212,0.802985948,2.7951,2.5339,1.6756,-0.8583,0,0,0,4.448887211,6.673214035,7.212121212,Stable,2.394775036,
7,0,0,0,2pct_065_OliveNozzle_1mmpersec.csv,2020/02/08,DiffVolFracs_DiffNeedleDiams,3,OliveNozzle,,,1.54,2.54,0.65,PBS,0.9,153,5,11.9,15.4,2,0.689,2,1,2.824250749,0.260759574,3.416,12.3995,30.99836252,2.6918,2.6997,2.3441,-0.3556,0,0,0,4.448864967,6.673214035,7.727272727,Stable,2.235123367,
7,0,0,0,2pct_075_AmberNozzle_1mmpersec.csv,2020/02/08,DiffVolFracs_DiffNeedleDiams,4,AmberNozzle,,,1.36,2.54,0.75,PBS,0.9,153,5,11.9,15.4,2,0.689,2,1,2.562305739,0.274783392,2.8938,6.6393,16.59816701,2.5405,2.8408,2.0151,-0.8257,0,0,0,4.448831601,6.673214035,8.75,Stable,1.973875181,
7,0,0,0,2pct_075_GreenNozzle_1mmpersec.csv,2020/02/08,DiffVolFracs_DiffNeedleDiams,5,GreenNozzle,,,0.84,2.54,0.75,PBS,0.9,153,5,11.9,15.4,2,0.689,2,1,3.234298253,0.339582058,3.7173,4.279,10.69728605,2.9695,3.5711,2.6125,-0.9586,0,0,0,4.448898333,6.673214035,14.16666667,Stable,1.2191582,
7,0,0,0,2pct_075_NoNozzle_1mmpersec.csv,2020/02/08,DiffVolFracs_DiffNeedleDiams,6,NoNozzle,,,1.65,0,0.75,PBS,0.9,153,5,11.9,15.4,2,0.689,2,1,2.230624191,0.274044423,2.9943,0.2203,0.549099955,2.9943,2.6185,1.734,-0.8845,0,0,0,4.462178029,6.673214035,7.212121212,Stable,2.394775036,
7,0,0,0,2pct_075_OliveNozzle_1mmpersec.csv,2020/02/08,DiffVolFracs_DiffNeedleDiams,7,OliveNozzle,,,1.54,2.54,0.75,PBS,0.9,153,5,11.9,15.4,2,0.689,2,1,2.756017365,0.242289343,3.126,7.24,18.09968326,2.6814,2.9785,2.3946,-0.5839,0,0,0,4.448887211,6.673214035,7.727272727,Stable,2.235123367,
7,0,0,0,2pct_085_AmberNozzle_1mmpersec.csv,2020/02/08,DiffVolFracs_DiffNeedleDiams,8,AmberNozzle,,,1.36,2.54,0.85,PBS,0.9,153,5,11.9,15.4,2,0.689,2,1,3.30442984,0.457716685,3.8084,9.72,24.29957476,3.2705,3.7099,2.2491,-1.4608,0,0,0,4.448887211,6.673214035,8.75,Stable,1.973875181,
7,0,0,0,2pct_085_GreenNozzle_1mmpersec.csv,2020/02/08,DiffVolFracs_DiffNeedleDiams,9,GreenNozzle,,,0.84,2.54,0.85,PBS,0.9,153,5,11.9,15.4,2,0.689,2,1,3.728155988,0.442615755,4.4371,0.6593,1.648245879,3.2462,4.2043,2.7927,-1.4116,0,0,0,4.448820479,6.673214035,14.16666667,Stable,1.2191582,
7,0,0,0,2pct_085_NoNozzle_1mmpersec.csv,2020/02/08,DiffVolFracs_DiffNeedleDiams,10,NoNozzle,,,1.65,0,0.85,PBS,0.9,153,5,11.9,15.4,2,0.689,2,1,2.865082385,0.418270724,3.4316,8.3988,20.99668505,3.1793,3.2253,2.0808,-1.1445,0,0,0,4.448876089,6.673214035,7.212121212,Stable,2.394775036,
7,0,0,0,2pct_085_OliveNozzle_1mmpersec.csv,2020/02/08,DiffVolFracs_DiffNeedleDiams,11,OliveNozzle,,,1.54,2.54,0.85,PBS,0.9,153,5,11.9,15.4,2,0.689,2,1,3.256034082,0.42473525,3.761,10.0195,25.04862476,3.1399,3.5121,2.3924,-1.1197,0,0,0,4.448831601,6.673214035,7.727272727,Stable,2.235123367,
7,0,0,0,2pct_095_AmberNozzle_1mmpersec.csv,2020/02/08,DiffVolFracs_DiffNeedleDiams,12,AmberNozzle,,,1.36,2.54,0.95,PBS,0.9,153,5,11.9,15.4,2,0.689,2,1,3.624353743,0.526213189,4.3584,0.8387,2.096723791,3.8553,4.2589,2.4721,-1.7868,0,0,0,4.448864967,6.673214035,8.75,Stable,1.973875181,
7,0,0,0,2pct_095_GreenNozzle_1mmpersec.csv,2020/02/08,DiffVolFracs_DiffNeedleDiams,13,GreenNozzle,,,0.84,2.54,0.95,PBS,0.9,153,5,11.9,15.4,2,0.689,2,1,4.89314022,0.699432525,6.1011,0.7578,1.894457375,4.618,5.7835,3.4683,-2.3152,0,0,0,4.448909455,6.673214035,14.16666667,Stable,1.2191582,
7,0,0,0,2pct_095_NoNozzle_1mmpersec.csv,2020/02/08,DiffVolFracs_DiffNeedleDiams,14,NoNozzle,,,1.65,0,0.95,PBS,0.9,153,5,11.9,15.4,2,0.689,2,1,3.264656587,0.43914038,4.444,0.3597,0.899236511,4.444,3.7248,2.4346,-1.2902,0,0,0,4.448876089,6.673214035,7.212121212,Stable,2.394775036,
7,0,0,0,2pct_095_OliveNozzle_1mmpersec.csv,2020/02/08,DiffVolFracs_DiffNeedleDiams,15,OliveNozzle,,,1.54,2.54,0.95,PBS,0.9,153,5,11.9,15.4,2,0.689,2,1,3.483837974,0.351354866,3.8398,4.8186,12.04631931,3.3565,3.7731,2.7611,-1.012,0,0,0,4.448876089,6.673214035,7.727272727,Stable,2.235123367,
7,0,0,0,CheckSyringe_1.csv,2020/02/08,DiffVolFracs_DiffNeedleDiams,16,1.csv,,,1.65,0,,Air,,,5,11.9,15.4,,,2,1,2.170989671,0.239289644,2.5126,13.8994,34.74806565,2.3742,2.1803,1.8396,-0.3407,0,0,0,4.448864967,6.673214035,7.212121212,Stable,,Air
7,0,0,0.0064,CheckSyringe_2.csv,2020/02/08,DiffVolFracs_DiffNeedleDiams,17,2.csv,,,1.65,0,,Air,,,5,11.9,15.4,,,2,1,2.080848377,0.317956662,2.8809,0.2026,0.506487338,2.8809,2.5752,1.6336,-0.9416,34.35964364,0.004983454,0,4.448920577,6.673214035,7.212121212,Stable,,Air
7,0,0,0.001,CheckSyringe_3.csv,2020/02/08,DiffVolFracs_DiffNeedleDiams,18,3.csv,,,1.65,0,,Air,,,5,11.9,15.4,,,2,1,2.381378842,0.603998958,4.0975,0.2397,0.599235019,4.0975,3.4949,1.5681,-1.9268,5.368694319,0.000778665,0,4.448920577,6.673214035,7.212121212,Stable,,Air
7,0,0,0,CheckSyringe_4.csv,2020/02/08,DiffVolFracs_DiffNeedleDiams,19,4.csv,,,1.65,0,,Air,,,5,11.9,15.4,,,2,1,2.408616925,0.814514083,5.0204,0.2018,0.504491171,5.0204,3.8424,1.3811,-2.4613,0,0,0,4.448887211,6.673214035,7.212121212,Stable,,Air
7,0,0,0,CheckSyringe_5.csv,2020/02/08,DiffVolFracs_DiffNeedleDiams,20,5.csv,,,1.65,0,,Air,,,5,11.9,15.4,,,2,1,3.217963573,0.870142455,5.0991,0.4397,1.099233511,5.0991,4.6351,2.1495,-2.4856,0,0,0,4.448876089,6.673214035,7.212121212,Stable,,Air
7,0,0,0,CheckSyringe_6.csv,2020/02/08,DiffVolFracs_DiffNeedleDiams,21,6.csv,,,1.65,0,,Air,,,5,11.9,15.4,,,2,1,3.068934082,0.977524787,5.8144,0.2988,0.74698506,5.8144,4.7055,1.7534,-2.9521,0,0,0,4.448898333,6.673214035,7.212121212,Stable,,Air
7,0,0,0.0177,ControlAir_SyringeOnly_1mmpersec_1.csv,2020/02/08,DiffVolFracs_DiffNeedleDiams,22,SyringeOnly,,,1.65,0,,Air,,,5,11.9,15.4,,,2,1,4.23116502,1.108945886,6.9748,0.4187,1.046729065,6.9748,5.7922,1.8256,-3.9666,95.02588945,0.013782365,0,4.448898333,6.673214035,7.212121212,Stable,,Air
7,0,0,0,ControlAir_SyringeOnly_1mmpersec_2.csv,2020/02/08,DiffVolFracs_DiffNeedleDiams,23,SyringeOnly,,,1.65,0,,Air,,,5,11.9,15.4,,,2,1,4.183882834,1.003428251,6.5975,0.3395,0.848747878,6.5975,5.4402,1.6743,-3.7659,0,0,0,4.448820479,6.673214035,7.212121212,Stable,,Air
7,0,0,0,ControlAir_SyringeOnly_1mmpersec_3.csv,2020/02/08,DiffVolFracs_DiffNeedleDiams,24,SyringeOnly,,,1.65,0,,Air,,,5,11.9,15.4,,,2,1,3.989835878,1.057689126,7.0589,0.3581,0.895245524,7.0589,5.5539,1.5529,-4.001,0,0,0,4.448831601,6.673214035,7.212121212,Stable,,Air
7,0,0,0.0123,ControlAir_SyringeOnly_1mmpersec_4.csv,2020/02/08,DiffVolFracs_DiffNeedleDiams,25,SyringeOnly,,,1.65,0,,Air,,,5,11.9,15.4,,,2,1,4.191717166,1.134411914,7.2244,0.4191,1.047739523,7.2244,5.905,1.6489,-4.2561,66.03494013,0.009577576,0,4.448853845,6.673214035,7.212121212,Stable,,Air
7,0,0,0.0026,ControlAir_SyringeOnly_1mmpersec_5.csv,2020/02/08,DiffVolFracs_DiffNeedleDiams,26,SyringeOnly,,,1.65,0,,Air,,,5,11.9,15.4,,,2,1,4.166161608,1.169227896,8.193,0.3207,0.80175,8.193,5.7044,1.465,-4.2394,13.95860523,0.002024528,0,4.448809357,6.673214035,7.212121212,Stable,,Air
,,,,,,,,,,,,,,,,,,,,,,,,,,,,,,,,,,,,,,,,,
,,,,,,,,,,,,,,,,,,,,,,,,,,,,,,,,,,,,,,,,,
,,,,,,,,,,,,,,,,,,,,,,,,,,,,,,,,,,,,,,,,,
,,,,,,,,,,,,,,,,,,,,,,,,,,,,,,,,,,,,,,,,,
,,,,,,,,,,,,,,,,,,,,,,,,,,,,,,,,,,,,,,,,,
,,,,,,,,,,,,,,,,,,,,,,,,,,,,,,,,,,,,,,,,,
,,,,,,,,,,,,,,,,,,,,,,,,,,,,,,,,,,,,,,,,,
,,,,,,,,,,,,,,,,,,,,,,,,,,,,,,,,,,,,,,,,,
,,,,,,,,,,,,,,,,,,,,,,,,,,,,,,,,,,,,,,,,,
,,,,,,,,,,,,,,,,,,,,,,,,,,,,,,,,,,,,,,,,,
,,,,,,,,,,,,,,,,,,,,,,,,,,,,,,,,,,,,,,,,,
,,,,,,,,,,,,,,,,,,,,,,,,,,,,,,,,,,,,,,,,,
,,,,,,,,,,,,,,,,,,,,,,,,,,,,,,,,,,,,,,,,,
,,,,,,,,,,,,,,,,,,,,,,,,,,,,,,,,,,,,,,,,,
,,,,,,,,,,,,,,,,,,,,,,,,,,,,,,,,,,,,,,,,,
,,,,,,,,,,,,,,,,,,,,,,,,,,,,,,,,,,,,,,,,,
,,,,,,,,,,,,,,,,,,,,,,,,,,,,,,,,,,,,,,,,,
,,,,,,,,,,,,,,,,,,,,,,,,,,,,,,,,,,,,,,,,,
,,,,,,,,,,,,,,,,,,,,,,,,,,,,,,,,,,,,,,,,,
,,,,,,,,,,,,,,,,,,,,,,,,,,,,,,,,,,,,,,,,,
,,,,,,,,,,,,,,,,,,,,,,,,,,,,,,,,,,,,,,,,,
,,,,,,,,,,,,,,,,,,,,,,,,,,,,,,,,,,,,,,,,,
,,,,,,,,,,,,,,,,,,,,,,,,,,,,,,,,,,,,,,,,,
,,,,,,,,,,,,,,,,,,,,,,,,,,,,,,,,,,,,,,,,,
,,,,,,,,,,,,,,,,,,,,,,,,,,,,,,,,,,,,,,,,,
,,,,,,,,,,,,,,,,,,,,,,,,,,,,,,,,,,,,,,,,,
,,,,,,,,,,,,,,,,,,,,,,,,,,,,,,,,,,,,,,,,,
,,,,,,,,,,,,,,,,,,,,,,,,,,,,,,,,,,,,,,,,,
,,,,,,,,,,,,,,,,,,,,,,,,,,,,,,,,,,,,,,,,,
,,,,,,,,,,,,,,,,,,,,,,,,,,,,,,,,,,,,,,,,,
,,,,,,,,,,,,,,,,,,,,,,,,,,,,,,,,,,,,,,,,,
,,,,,,,,,,,,,,,,,,,,,,,,,,,,,,,,,,,,,,,,,
,,,,,,,,,,,,,,,,,,,,,,,,,,,,,,,,,,,,,,,,,
,,,,,,,,,,,,,,,,,,,,,,,,,,,,,,,,,,,,,,,,,
,,,,,,,,,,,,,,,,,,,,,,,,,,,,,,,,,,,,,,,,,
,,,,,,,,,,,,,,,,,,,,,,,,,,,,,,,,,,,,,,,,,
,,,,,,,,,,,,,,,,,,,,,,,,,,,,,,,,,,,,,,,,,
,,,,,,,,,,,,,,,,,,,,,,,,,,,,,,,,,,,,,,,,,
,,,,,,,,,,,,,,,,,,,,,,,,,,,,,,,,,,,,,,,,,
,,,,,,,,,,,,,,,,,,,,,,,,,,,,,,,,,,,,,,,,,
,,,,,,,,,,,,,,,,,,,,,,,,,,,,,,,,,,,,,,,,,
,,,,,,,,,,,,,,,,,,,,,,,,,,,,,,,,,,,,,,,,,
,,,,,,,,,,,,,,,,,,,,,,,,,,,,,,,,,,,,,,,,,
,,,,,,,,,,,,,,,,,,,,,,,,,,,,,,,,,,,,,,,,,
,,,,,,,,,,,,,,,,,,,,,,,,,,,,,,,,,,,,,,,,,
,,,,,,,,,,,,,,,,,,,,,,,,,,,,,,,,,,,,,,,,,
,,,,,,,,,,,,,,,,,,,,,,,,,,,,,,,,,,,,,,,,,
,,,,,,,,,,,,,,,,,,,,,,,,,,,,,,,,,,,,,,,,,
,,,,,,,,,,,,,,,,,,,,,,,,,,,,,,,,,,,,,,,,,
,,,,,,,,,,,,,,,,,,,,,,,,,,,,,,,,,,,,,,,,,
,,,,,,,,,,,,,,,,,,,,,,,,,,,,,,,,,,,,,,,,,
,,,,,,,,,,,,,,,,,,,,,,,,,,,,,,,,,,,,,,,,,
,,,,,,,,,,,,,,,,,,,,,,,,,,,,,,,,,,,,,,,,,
,,,,,,,,,,,,,,,,,,,,,,,,,,,,,,,,,,,,,,,,,
,,,,,,,,,,,,,,,,,,,,,,,,,,,,,,,,,,,,,,,,,
,,,,,,,,,,,,,,,,,,,,,,,,,,,,,,,,,,,,,,,,,
,,,,,,,,,,,,,,,,,,,,,,,,,,,,,,,,,,,,,,,,,
,,,,,,,,,,,,,,,,,,,,,,,,,,,,,,,,,,,,,,,,,
,,,,,,,,,,,,,,,,,,,,,,,,,,,,,,,,,,,,,,,,,
,,,,,,,,,,,,,,,,,,,,,,,,,,,,,,,,,,,,,,,,,
,,,,,,,,,,,,,,,,,,,,,,,,,,,,,,,,,,,,,,,,,
,,,,,,,,,,,,,,,,,,,,,,,,,,,,,,,,,,,,,,,,,
,,,,,,,,,,,,,,,,,,,,,,,,,,,,,,,,,,,,,,,,,
,,,,,,,,,,,,,,,,,,,,,,,,,,,,,,,,,,,,,,,,,
,,,,,,,,,,,,,,,,,,,,,,,,,,,,,,,,,,,,,,,,,
,,,,,,,,,,,,,,,,,,,,,,,,,,,,,,,,,,,,,,,,,
,,,,,,,,,,,,,,,,,,,,,,,,,,,,,,,,,,,,,,,,,
,,,,,,,,,,,,,,,,,,,,,,,,,,,,,,,,,,,,,,,,,
,,,,,,,,,,,,,,,,,,,,,,,,,,,,,,,,,,,,,,,,,
,,,,,,,,,,,,,,,,,,,,,,,,,,,,,,,,,,,,,,,,,
,,,,,,,,,,,,,,,,,,,,,,,,,,,,,,,,,,,,,,,,,
,,,,,,,,,,,,,,,,,,,,,,,,,,,,,,,,,,,,,,,,,
,,,,,,,,,,,,,,,,,,,,,,,,,,,,,,,,,,,,,,,,,
,,,,,,,,,,,,,,,,,,,,,,,,,,,,,,,,,,,,,,,,,
,,,,,,,,,,,,,,,,,,,,,,,,,,,,,,,,,,,,,,,,,
,,,,,,,,,,,,,,,,,,,,,,,,,,,,,,,,,,,,,,,,,
,,,,,,,,,,,,,,,,,,,,,,,,,,,,,,,,,,,,,,,,,
,,,,,,,,,,,,,,,,,,,,,,,,,,,,,,,,,,,,,,,,,
,,,,,,,,,,,,,,,,,,,,,,,,,,,,,,,,,,,,,,,,,
,,,,,,,,,,,,,,,,,,,,,,,,,,,,,,,,,,,,,,,,,
,,,,,,,,,,,,,,,,,,,,,,,,,,,,,,,,,,,,,,,,,
,,,,,,,,,,,,,,,,,,,,,,,,,,,,,,,,,,,,,,,,,
,,,,,,,,,,,,,,,,,,,,,,,,,,,,,,,,,,,,,,,,,
,,,,,,,,,,,,,,,,,,,,,,,,,,,,,,,,,,,,,,,,,
,,,,,,,,,,,,,,,,,,,,,,,,,,,,,,,,,,,,,,,,,
,,,,,,,,,,,,,,,,,,,,,,,,,,,,,,,,,,,,,,,,,
,,,,,,,,,,,,,,,,,,,,,,,,,,,,,,,,,,,,,,,,,
,,,,,,,,,,,,,,,,,,,,,,,,,,,,,,,,,,,,,,,,,
,,,,,,,,,,,,,,,,,,,,,,,,,,,,,,,,,,,,,,,,,
,,,,,,,,,,,,,,,,,,,,,,,,,,,,,,,,,,,,,,,,,
,,,,,,,,,,,,,,,,,,,,,,,,,,,,,,,,,,,,,,,,,
,,,,,,,,,,,,,,,,,,,,,,,,,,,,,,,,,,,,,,,,,
,,,,,,,,,,,,,,,,,,,,,,,,,,,,,,,,,,,,,,,,,
,,,,,,,,,,,,,,,,,,,,,,,,,,,,,,,,,,,,,,,,,
,,,,,,,,,,,,,,,,,,,,,,,,,,,,,,,,,,,,,,,,,
,,,,,,,,,,,,,,,,,,,,,,,,,,,,,,,,,,,,,,,,,
,,,,,,,,,,,,,,,,,,,,,,,,,,,,,,,,,,,,,,,,,
,,,,,,,,,,,,,,,,,,,,,,,,,,,,,,,,,,,,,,,,,
,,,,,,,,,,,,,,,,,,,,,,,,,,,,,,,,,,,,,,,,,
,,,,,,,,,,,,,,,,,,,,,,,,,,,,,,,,,,,,,,,,,
,,,,,,,,,,,,,,,,,,,,,,,,,,,,,,,,,,,,,,,,,
,,,,,,,,,,,,,,,,,,,,,,,,,,,,,,,,,,,,,,,,,
,,,,,,,,,,,,,,,,,,,,,,,,,,,,,,,,,,,,,,,,,
,,,,,,,,,,,,,,,,,,,,,,,,,,,,,,,,,,,,,,,,,
,,,,,,,,,,,,,,,,,,,,,,,,,,,,,,,,,,,,,,,,,
,,,,,,,,,,,,,,,,,,,,,,,,,,,,,,,,,,,,,,,,,
,,,,,,,,,,,,,,,,,,,,,,,,,,,,,,,,,,,,,,,,,
,,,,,,,,,,,,,,,,,,,,,,,,,,,,,,,,,,,,,,,,,
,,,,,,,,,,,,,,,,,,,,,,,,,,,,,,,,,,,,,,,,,
,,,,,,,,,,,,,,,,,,,,,,,,,,,,,,,,,,,,,,,,,
,,,,,,,,,,,,,,,,,,,,,,,,,,,,,,,,,,,,,,,,,
,,,,,,,,,,,,,,,,,,,,,,,,,,,,,,,,,,,,,,,,,
,,,,,,,,,,,,,,,,,,,,,,,,,,,,,,,,,,,,,,,,,
,,,,,,,,,,,,,,,,,,,,,,,,,,,,,,,,,,,,,,,,,
,,,,,,,,,,,,,,,,,,,,,,,,,,,,,,,,,,,,,,,,,
,,,,,,,,,,,,,,,,,,,,,,,,,,,,,,,,,,,,,,,,,
,,,,,,,,,,,,,,,,,,,,,,,,,,,,,,,,,,,,,,,,,
,,,,,,,,,,,,,,,,,,,,,,,,,,,,,,,,,,,,,,,,,
,,,,,,,,,,,,,,,,,,,,,,,,,,,,,,,,,,,,,,,,,
,,,,,,,,,,,,,,,,,,,,,,,,,,,,,,,,,,,,,,,,,
,,,,,,,,,,,,,,,,,,,,,,,,,,,,,,,,,,,,,,,,,
,,,,,,,,,,,,,,,,,,,,,,,,,,,,,,,,,,,,,,,,,
,,,,,,,,,,,,,,,,,,,,,,,,,,,,,,,,,,,,,,,,,
,,,,,,,,,,,,,,,,,,,,,,,,,,,,,,,,,,,,,,,,,
,,,,,,,,,,,,,,,,,,,,,,,,,,,,,,,,,,,,,,,,,
,,,,,,,,,,,,,,,,,,,,,,,,,,,,,,,,,,,,,,,,,
,,,,,,,,,,,,,,,,,,,,,,,,,,,,,,,,,,,,,,,,,
,,,,,,,,,,,,,,,,,,,,,,,,,,,,,,,,,,,,,,,,,
,,,,,,,,,,,,,,,,,,,,,,,,,,,,,,,,,,,,,,,,,
,,,,,,,,,,,,,,,,,,,,,,,,,,,,,,,,,,,,,,,,,
,,,,,,,,,,,,,,,,,,,,,,,,,,,,,,,,,,,,,,,,,
,,,,,,,,,,,,,,,,,,,,,,,,,,,,,,,,,,,,,,,,,
,,,,,,,,,,,,,,,,,,,,,,,,,,,,,,,,,,,,,,,,,
,,,,,,,,,,,,,,,,,,,,,,,,,,,,,,,,,,,,,,,,,
,,,,,,,,,,,,,,,,,,,,,,,,,,,,,,,,,,,,,,,,,
,,,,,,,,,,,,,,,,,,,,,,,,,,,,,,,,,,,,,,,,,
,,,,,,,,,,,,,,,,,,,,,,,,,,,,,,,,,,,,,,,,,
,,,,,,,,,,,,,,,,,,,,,,,,,,,,,,,,,,,,,,,,,
,,,,,,,,,,,,,,,,,,,,,,,,,,,,,,,,,,,,,,,,,
,,,,,,,,,,,,,,,,,,,,,,,,,,,,,,,,,,,,,,,,,
,,,,,,,,,,,,,,,,,,,,,,,,,,,,,,,,,,,,,,,,,
,,,,,,,,,,,,,,,,,,,,,,,,,,,,,,,,,,,,,,,,,
,,,,,,,,,,,,,,,,,,,,,,,,,,,,,,,,,,,,,,,,,
,,,,,,,,,,,,,,,,,,,,,,,,,,,,,,,,,,,,,,,,,
,,,,,,,,,,,,,,,,,,,,,,,,,,,,,,,,,,,,,,,,,
,,,,,,,,,,,,,,,,,,,,,,,,,,,,,,,,,,,,,,,,,
,,,,,,,,,,,,,,,,,,,,,,,,,,,,,,,,,,,,,,,,,
,,,,,,,,,,,,,,,,,,,,,,,,,,,,,,,,,,,,,,,,,
,,,,,,,,,,,,,,,,,,,,,,,,,,,,,,,,,,,,,,,,,
,,,,,,,,,,,,,,,,,,,,,,,,,,,,,,,,,,,,,,,,,
,,,,,,,,,,,,,,,,,,,,,,,,,,,,,,,,,,,,,,,,,
,,,,,,,,,,,,,,,,,,,,,,,,,,,,,,,,,,,,,,,,,
,,,,,,,,,,,,,,,,,,,,,,,,,,,,,,,,,,,,,,,,,
,,,,,,,,,,,,,,,,,,,,,,,,,,,,,,,,,,,,,,,,,
,,,,,,,,,,,,,,,,,,,,,,,,,,,,,,,,,,,,,,,,,
,,,,,,,,,,,,,,,,,,,,,,,,,,,,,,,,,,,,,,,,,
,,,,,,,,,,,,,,,,,,,,,,,,,,,,,,,,,,,,,,,,,
,,,,,,,,,,,,,,,,,,,,,,,,,,,,,,,,,,,,,,,,,
,,,,,,,,,,,,,,,,,,,,,,,,,,,,,,,,,,,,,,,,,
,,,,,,,,,,,,,,,,,,,,,,,,,,,,,,,,,,,,,,,,,
,,,,,,,,,,,,,,,,,,,,,,,,,,,,,,,,,,,,,,,,,
,,,,,,,,,,,,,,,,,,,,,,,,,,,,,,,,,,,,,,,,,
,,,,,,,,,,,,,,,,,,,,,,,,,,,,,,,,,,,,,,,,,
,,,,,,,,,,,,,,,,,,,,,,,,,,,,,,,,,,,,,,,,,
,,,,,,,,,,,,,,,,,,,,,,,,,,,,,,,,,,,,,,,,,
,,,,,,,,,,,,,,,,,,,,,,,,,,,,,,,,,,,,,,,,,
,,,,,,,,,,,,,,,,,,,,,,,,,,,,,,,,,,,,,,,,,
,,,,,,,,,,,,,,,,,,,,,,,,,,,,,,,,,,,,,,,,,
,,,,,,,,,,,,,,,,,,,,,,,,,,,,,,,,,,,,,,,,,
,,,,,,,,,,,,,,,,,,,,,,,,,,,,,,,,,,,,,,,,,
,,,,,,,,,,,,,,,,,,,,,,,,,,,,,,,,,,,,,,,,,
,,,,,,,,,,,,,,,,,,,,,,,,,,,,,,,,,,,,,,,,,
,,,,,,,,,,,,,,,,,,,,,,,,,,,,,,,,,,,,,,,,,
,,,,,,,,,,,,,,,,,,,,,,,,,,,,,,,,,,,,,,,,,
,,,,,,,,,,,,,,,,,,,,,,,,,,,,,,,,,,,,,,,,,
,,,,,,,,,,,,,,,,,,,,,,,,,,,,,,,,,,,,,,,,,
,,,,,,,,,,,,,,,,,,,,,,,,,,,,,,,,,,,,,,,,,
,,,,,,,,,,,,,,,,,,,,,,,,,,,,,,,,,,,,,,,,,
,,,,,,,,,,,,,,,,,,,,,,,,,,,,,,,,,,,,,,,,,
,,,,,,,,,,,,,,,,,,,,,,,,,,,,,,,,,,,,,,,,,
,,,,,,,,,,,,,,,,,,,,,,,,,,,,,,,,,,,,,,,,,
,,,,,,,,,,,,,,,,,,,,,,,,,,,,,,,,,,,,,,,,,
,,,,,,,,,,,,,,,,,,,,,,,,,,,,,,,,,,,,,,,,,
,,,,,,,,,,,,,,,,,,,,,,,,,,,,,,,,,,,,,,,,,
,,,,,,,,,,,,,,,,,,,,,,,,,,,,,,,,,,,,,,,,,
,,,,,,,,,,,,,,,,,,,,,,,,,,,,,,,,,,,,,,,,,
,,,,,,,,,,,,,,,,,,,,,,,,,,,,,,,,,,,,,,,,,
,,,,,,,,,,,,,,,,,,,,,,,,,,,,,,,,,,,,,,,,,
,,,,,,,,,,,,,,,,,,,,,,,,,,,,,,,,,,,,,,,,,
,,,,,,,,,,,,,,,,,,,,,,,,,,,,,,,,,,,,,,,,,
,,,,,,,,,,,,,,,,,,,,,,,,,,,,,,,,,,,,,,,,,
,,,,,,,,,,,,,,,,,,,,,,,,,,,,,,,,,,,,,,,,,
,,,,,,,,,,,,,,,,,,,,,,,,,,,,,,,,,,,,,,,,,
,,,,,,,,,,,,,,,,,,,,,,,,,,,,,,,,,,,,,,,,,
,,,,,,,,,,,,,,,,,,,,,,,,,,,,,,,,,,,,,,,,,
,,,,,,,,,,,,,,,,,,,,,,,,,,,,,,,,,,,,,,,,,
,,,,,,,,,,,,,,,,,,,,,,,,,,,,,,,,,,,,,,,,,
,,,,,,,,,,,,,,,,,,,,,,,,,,,,,,,,,,,,,,,,,
,,,,,,,,,,,,,,,,,,,,,,,,,,,,,,,,,,,,,,,,,
,,,,,,,,,,,,,,,,,,,,,,,,,,,,,,,,,,,,,,,,,
,,,,,,,,,,,,,,,,,,,,,,,,,,,,,,,,,,,,,,,,,
,,,,,,,,,,,,,,,,,,,,,,,,,,,,,,,,,,,,,,,,,
,,,,,,,,,,,,,,,,,,,,,,,,,,,,,,,,,,,,,,,,,
,,,,,,,,,,,,,,,,,,,,,,,,,,,,,,,,,,,,,,,,,
,,,,,,,,,,,,,,,,,,,,,,,,,,,,,,,,,,,,,,,,,
,,,,,,,,,,,,,,,,,,,,,,,,,,,,,,,,,,,,,,,,,
,,,,,,,,,,,,,,,,,,,,,,,,,,,,,,,,,,,,,,,,,
,,,,,,,,,,,,,,,,,,,,,,,,,,,,,,,,,,,,,,,,,
,,,,,,,,,,,,,,,,,,,,,,,,,,,,,,,,,,,,,,,,,
,,,,,,,,,,,,,,,,,,,,,,,,,,,,,,,,,,,,,,,,,
,,,,,,,,,,,,,,,,,,,,,,,,,,,,,,,,,,,,,,,,,
,,,,,,,,,,,,,,,,,,,,,,,,,,,,,,,,,,,,,,,,,
,,,,,,,,,,,,,,,,,,,,,,,,,,,,,,,,,,,,,,,,,
,,,,,,,,,,,,,,,,,,,,,,,,,,,,,,,,,,,,,,,,,
,,,,,,,,,,,,,,,,,,,,,,,,,,,,,,,,,,,,,,,,,
,,,,,,,,,,,,,,,,,,,,,,,,,,,,,,,,,,,,,,,,,
,,,,,,,,,,,,,,,,,,,,,,,,,,,,,,,,,,,,,,,,,
,,,,,,,,,,,,,,,,,,,,,,,,,,,,,,,,,,,,,,,,,
,,,,,,,,,,,,,,,,,,,,,,,,,,,,,,,,,,,,,,,,,
,,,,,,,,,,,,,,,,,,,,,,,,,,,,,,,,,,,,,,,,,
,,,,,,,,,,,,,,,,,,,,,,,,,,,,,,,,,,,,,,,,,
,,,,,,,,,,,,,,,,,,,,,,,,,,,,,,,,,,,,,,,,,
,,,,,,,,,,,,,,,,,,,,,,,,,,,,,,,,,,,,,,,,,
,,,,,,,,,,,,,,,,,,,,,,,,,,,,,,,,,,,,,,,,,
,,,,,,,,,,,,,,,,,,,,,,,,,,,,,,,,,,,,,,,,,
,,,,,,,,,,,,,,,,,,,,,,,,,,,,,,,,,,,,,,,,,
,,,,,,,,,,,,,,,,,,,,,,,,,,,,,,,,,,,,,,,,,
,,,,,,,,,,,,,,,,,,,,,,,,,,,,,,,,,,,,,,,,,
,,,,,,,,,,,,,,,,,,,,,,,,,,,,,,,,,,,,,,,,,
,,,,,,,,,,,,,,,,,,,,,,,,,,,,,,,,,,,,,,,,,
,,,,,,,,,,,,,,,,,,,,,,,,,,,,,,,,,,,,,,,,,
,,,,,,,,,,,,,,,,,,,,,,,,,,,,,,,,,,,,,,,,,
,,,,,,,,,,,,,,,,,,,,,,,,,,,,,,,,,,,,,,,,,
,,,,,,,,,,,,,,,,,,,,,,,,,,,,,,,,,,,,,,,,,
,,,,,,,,,,,,,,,,,,,,,,,,,,,,,,,,,,,,,,,,,
,,,,,,,,,,,,,,,,,,,,,,,,,,,,,,,,,,,,,,,,,
,,,,,,,,,,,,,,,,,,,,,,,,,,,,,,,,,,,,,,,,,
,,,,,,,,,,,,,,,,,,,,,,,,,,,,,,,,,,,,,,,,,
,,,,,,,,,,,,,,,,,,,,,,,,,,,,,,,,,,,,,,,,,
,,,,,,,,,,,,,,,,,,,,,,,,,,,,,,,,,,,,,,,,,
,,,,,,,,,,,,,,,,,,,,,,,,,,,,,,,,,,,,,,,,,
,,,,,,,,,,,,,,,,,,,,,,,,,,,,,,,,,,,,,,,,,
,,,,,,,,,,,,,,,,,,,,,,,,,,,,,,,,,,,,,,,,,
,,,,,,,,,,,,,,,,,,,,,,,,,,,,,,,,,,,,,,,,,
,,,,,,,,,,,,,,,,,,,,,,,,,,,,,,,,,,,,,,,,,
,,,,,,,,,,,,,,,,,,,,,,,,,,,,,,,,,,,,,,,,,
,,,,,,,,,,,,,,,,,,,,,,,,,,,,,,,,,,,,,,,,,
,,,,,,,,,,,,,,,,,,,,,,,,,,,,,,,,,,,,,,,,,
,,,,,,,,,,,,,,,,,,,,,,,,,,,,,,,,,,,,,,,,,
,,,,,,,,,,,,,,,,,,,,,,,,,,,,,,,,,,,,,,,,,
,,,,,,,,,,,,,,,,,,,,,,,,,,,,,,,,,,,,,,,,,
,,,,,,,,,,,,,,,,,,,,,,,,,,,,,,,,,,,,,,,,,
,,,,,,,,,,,,,,,,,,,,,,,,,,,,,,,,,,,,,,,,,
,,,,,,,,,,,,,,,,,,,,,,,,,,,,,,,,,,,,,,,,,
,,,,,,,,,,,,,,,,,,,,,,,,,,,,,,,,,,,,,,,,,
,,,,,,,,,,,,,,,,,,,,,,,,,,,,,,,,,,,,,,,,,
,,,,,,,,,,,,,,,,,,,,,,,,,,,,,,,,,,,,,,,,,
,,,,,,,,,,,,,,,,,,,,,,,,,,,,,,,,,,,,,,,,,
,,,,,,,,,,,,,,,,,,,,,,,,,,,,,,,,,,,,,,,,,
,,,,,,,,,,,,,,,,,,,,,,,,,,,,,,,,,,,,,,,,,
,,,,,,,,,,,,,,,,,,,,,,,,,,,,,,,,,,,,,,,,,
,,,,,,,,,,,,,,,,,,,,,,,,,,,,,,,,,,,,,,,,,
,,,,,,,,,,,,,,,,,,,,,,,,,,,,,,,,,,,,,,,,,
,,,,,,,,,,,,,,,,,,,,,,,,,,,,,,,,,,,,,,,,,
,,,,,,,,,,,,,,,,,,,,,,,,,,,,,,,,,,,,,,,,,
,,,,,,,,,,,,,,,,,,,,,,,,,,,,,,,,,,,,,,,,,
,,,,,,,,,,,,,,,,,,,,,,,,,,,,,,,,,,,,,,,,,
,,,,,,,,,,,,,,,,,,,,,,,,,,,,,,,,,,,,,,,,,
,,,,,,,,,,,,,,,,,,,,,,,,,,,,,,,,,,,,,,,,,
,,,,,,,,,,,,,,,,,,,,,,,,,,,,,,,,,,,,,,,,,
,,,,,,,,,,,,,,,,,,,,,,,,,,,,,,,,,,,,,,,,,
,,,,,,,,,,,,,,,,,,,,,,,,,,,,,,,,,,,,,,,,,
,,,,,,,,,,,,,,,,,,,,,,,,,,,,,,,,,,,,,,,,,
,,,,,,,,,,,,,,,,,,,,,,,,,,,,,,,,,,,,,,,,,
,,,,,,,,,,,,,,,,,,,,,,,,,,,,,,,,,,,,,,,,,
,,,,,,,,,,,,,,,,,,,,,,,,,,,,,,,,,,,,,,,,,
,,,,,,,,,,,,,,,,,,,,,,,,,,,,,,,,,,,,,,,,,
,,,,,,,,,,,,,,,,,,,,,,,,,,,,,,,,,,,,,,,,,
,,,,,,,,,,,,,,,,,,,,,,,,,,,,,,,,,,,,,,,,,
,,,,,,,,,,,,,,,,,,,,,,,,,,,,,,,,,,,,,,,,,
,,,,,,,,,,,,,,,,,,,,,,,,,,,,,,,,,,,,,,,,,
,,,,,,,,,,,,,,,,,,,,,,,,,,,,,,,,,,,,,,,,,
,,,,,,,,,,,,,,,,,,,,,,,,,,,,,,,,,,,,,,,,,
,,,,,,,,,,,,,,,,,,,,,,,,,,,,,,,,,,,,,,,,,
,,,,,,,,,,,,,,,,,,,,,,,,,,,,,,,,,,,,,,,,,
,,,,,,,,,,,,,,,,,,,,,,,,,,,,,,,,,,,,,,,,,
,,,,,,,,,,,,,,,,,,,,,,,,,,,,,,,,,,,,,,,,,
,,,,,,,,,,,,,,,,,,,,,,,,,,,,,,,,,,,,,,,,,
,,,,,,,,,,,,,,,,,,,,,,,,,,,,,,,,,,,,,,,,,
,,,,,,,,,,,,,,,,,,,,,,,,,,,,,,,,,,,,,,,,,
,,,,,,,,,,,,,,,,,,,,,,,,,,,,,,,,,,,,,,,,,
,,,,,,,,,,,,,,,,,,,,,,,,,,,,,,,,,,,,,,,,,
,,,,,,,,,,,,,,,,,,,,,,,,,,,,,,,,,,,,,,,,,
,,,,,,,,,,,,,,,,,,,,,,,,,,,,,,,,,,,,,,,,,
,,,,,,,,,,,,,,,,,,,,,,,,,,,,,,,,,,,,,,,,,
,,,,,,,,,,,,,,,,,,,,,,,,,,,,,,,,,,,,,,,,,
,,,,,,,,,,,,,,,,,,,,,,,,,,,,,,,,,,,,,,,,,
,,,,,,,,,,,,,,,,,,,,,,,,,,,,,,,,,,,,,,,,,
,,,,,,,,,,,,,,,,,,,,,,,,,,,,,,,,,,,,,,,,,
,,,,,,,,,,,,,,,,,,,,,,,,,,,,,,,,,,,,,,,,,
,,,,,,,,,,,,,,,,,,,,,,,,,,,,,,,,,,,,,,,,,
,,,,,,,,,,,,,,,,,,,,,,,,,,,,,,,,,,,,,,,,,
,,,,,,,,,,,,,,,,,,,,,,,,,,,,,,,,,,,,,,,,,
,,,,,,,,,,,,,,,,,,,,,,,,,,,,,,,,,,,,,,,,,
,,,,,,,,,,,,,,,,,,,,,,,,,,,,,,,,,,,,,,,,,
,,,,,,,,,,,,,,,,,,,,,,,,,,,,,,,,,,,,,,,,,
,,,,,,,,,,,,,,,,,,,,,,,,,,,,,,,,,,,,,,,,,
,,,,,,,,,,,,,,,,,,,,,,,,,,,,,,,,,,,,,,,,,
,,,,,,,,,,,,,,,,,,,,,,,,,,,,,,,,,,,,,,,,,
,,,,,,,,,,,,,,,,,,,,,,,,,,,,,,,,,,,,,,,,,
,,,,,,,,,,,,,,,,,,,,,,,,,,,,,,,,,,,,,,,,,
,,,,,,,,,,,,,,,,,,,,,,,,,,,,,,,,,,,,,,,,,
,,,,,,,,,,,,,,,,,,,,,,,,,,,,,,,,,,,,,,,,,
,,,,,,,,,,,,,,,,,,,,,,,,,,,,,,,,,,,,,,,,,
,,,,,,,,,,,,,,,,,,,,,,,,,,,,,,,,,,,,,,,,,
,,,,,,,,,,,,,,,,,,,,,,,,,,,,,,,,,,,,,,,,,
,,,,,,,,,,,,,,,,,,,,,,,,,,,,,,,,,,,,,,,,,
,,,,,,,,,,,,,,,,,,,,,,,,,,,,,,,,,,,,,,,,,
,,,,,,,,,,,,,,,,,,,,,,,,,,,,,,,,,,,,,,,,,
,,,,,,,,,,,,,,,,,,,,,,,,,,,,,,,,,,,,,,,,,
,,,,,,,,,,,,,,,,,,,,,,,,,,,,,,,,,,,,,,,,,
,,,,,,,,,,,,,,,,,,,,,,,,,,,,,,,,,,,,,,,,,
,,,,,,,,,,,,,,,,,,,,,,,,,,,,,,,,,,,,,,,,,
,,,,,,,,,,,,,,,,,,,,,,,,,,,,,,,,,,,,,,,,,
,,,,,,,,,,,,,,,,,,,,,,,,,,,,,,,,,,,,,,,,,
,,,,,,,,,,,,,,,,,,,,,,,,,,,,,,,,,,,,,,,,,
,,,,,,,,,,,,,,,,,,,,,,,,,,,,,,,,,,,,,,,,,
,,,,,,,,,,,,,,,,,,,,,,,,,,,,,,,,,,,,,,,,,
,,,,,,,,,,,,,,,,,,,,,,,,,,,,,,,,,,,,,,,,,
,,,,,,,,,,,,,,,,,,,,,,,,,,,,,,,,,,,,,,,,,
,,,,,,,,,,,,,,,,,,,,,,,,,,,,,,,,,,,,,,,,,
,,,,,,,,,,,,,,,,,,,,,,,,,,,,,,,,,,,,,,,,,
,,,,,,,,,,,,,,,,,,,,,,,,,,,,,,,,,,,,,,,,,
,,,,,,,,,,,,,,,,,,,,,,,,,,,,,,,,,,,,,,,,,
,,,,,,,,,,,,,,,,,,,,,,,,,,,,,,,,,,,,,,,,,
,,,,,,,,,,,,,,,,,,,,,,,,,,,,,,,,,,,,,,,,,
,,,,,,,,,,,,,,,,,,,,,,,,,,,,,,,,,,,,,,,,,
,,,,,,,,,,,,,,,,,,,,,,,,,,,,,,,,,,,,,,,,,
,,,,,,,,,,,,,,,,,,,,,,,,,,,,,,,,,,,,,,,,,
,,,,,,,,,,,,,,,,,,,,,,,,,,,,,,,,,,,,,,,,,
,,,,,,,,,,,,,,,,,,,,,,,,,,,,,,,,,,,,,,,,,
,,,,,,,,,,,,,,,,,,,,,,,,,,,,,,,,,,,,,,,,,
,,,,,,,,,,,,,,,,,,,,,,,,,,,,,,,,,,,,,,,,,
,,,,,,,,,,,,,,,,,,,,,,,,,,,,,,,,,,,,,,,,,
,,,,,,,,,,,,,,,,,,,,,,,,,,,,,,,,,,,,,,,,,
,,,,,,,,,,,,,,,,,,,,,,,,,,,,,,,,,,,,,,,,,
,,,,,,,,,,,,,,,,,,,,,,,,,,,,,,,,,,,,,,,,,
,,,,,,,,,,,,,,,,,,,,,,,,,,,,,,,,,,,,,,,,,
,,,,,,,,,,,,,,,,,,,,,,,,,,,,,,,,,,,,,,,,,
,,,,,,,,,,,,,,,,,,,,,,,,,,,,,,,,,,,,,,,,,
,,,,,,,,,,,,,,,,,,,,,,,,,,,,,,,,,,,,,,,,,
,,,,,,,,,,,,,,,,,,,,,,,,,,,,,,,,,,,,,,,,,
,,,,,,,,,,,,,,,,,,,,,,,,,,,,,,,,,,,,,,,,,
,,,,,,,,,,,,,,,,,,,,,,,,,,,,,,,,,,,,,,,,,
,,,,,,,,,,,,,,,,,,,,,,,,,,,,,,,,,,,,,,,,,
,,,,,,,,,,,,,,,,,,,,,,,,,,,,,,,,,,,,,,,,,
,,,,,,,,,,,,,,,,,,,,,,,,,,,,,,,,,,,,,,,,,
,,,,,,,,,,,,,,,,,,,,,,,,,,,,,,,,,,,,,,,,,
,,,,,,,,,,,,,,,,,,,,,,,,,,,,,,,,,,,,,,,,,
,,,,,,,,,,,,,,,,,,,,,,,,,,,,,,,,,,,,,,,,,
,,,,,,,,,,,,,,,,,,,,,,,,,,,,,,,,,,,,,,,,,
,,,,,,,,,,,,,,,,,,,,,,,,,,,,,,,,,,,,,,,,,
,,,,,,,,,,,,,,,,,,,,,,,,,,,,,,,,,,,,,,,,,
,,,,,,,,,,,,,,,,,,,,,,,,,,,,,,,,,,,,,,,,,
,,,,,,,,,,,,,,,,,,,,,,,,,,,,,,,,,,,,,,,,,
,,,,,,,,,,,,,,,,,,,,,,,,,,,,,,,,,,,,,,,,,
,,,,,,,,,,,,,,,,,,,,,,,,,,,,,,,,,,,,,,,,,
,,,,,,,,,,,,,,,,,,,,,,,,,,,,,,,,,,,,,,,,,
,,,,,,,,,,,,,,,,,,,,,,,,,,,,,,,,,,,,,,,,,
,,,,,,,,,,,,,,,,,,,,,,,,,,,,,,,,,,,,,,,,,
,,,,,,,,,,,,,,,,,,,,,,,,,,,,,,,,,,,,,,,,,
,,,,,,,,,,,,,,,,,,,,,,,,,,,,,,,,,,,,,,,,,
,,,,,,,,,,,,,,,,,,,,,,,,,,,,,,,,,,,,,,,,,
,,,,,,,,,,,,,,,,,,,,,,,,,,,,,,,,,,,,,,,,,
,,,,,,,,,,,,,,,,,,,,,,,,,,,,,,,,,,,,,,,,,
,,,,,,,,,,,,,,,,,,,,,,,,,,,,,,,,,,,,,,,,,
,,,,,,,,,,,,,,,,,,,,,,,,,,,,,,,,,,,,,,,,,
,,,,,,,,,,,,,,,,,,,,,,,,,,,,,,,,,,,,,,,,,
,,,,,,,,,,,,,,,,,,,,,,,,,,,,,,,,,,,,,,,,,
,,,,,,,,,,,,,,,,,,,,,,,,,,,,,,,,,,,,,,,,,
,,,,,,,,,,,,,,,,,,,,,,,,,,,,,,,,,,,,,,,,,
,,,,,,,,,,,,,,,,,,,,,,,,,,,,,,,,,,,,,,,,,
,,,,,,,,,,,,,,,,,,,,,,,,,,,,,,,,,,,,,,,,,
,,,,,,,,,,,,,,,,,,,,,,,,,,,,,,,,,,,,,,,,,
,,,,,,,,,,,,,,,,,,,,,,,,,,,,,,,,,,,,,,,,,
,,,,,,,,,,,,,,,,,,,,,,,,,,,,,,,,,,,,,,,,,
,,,,,,,,,,,,,,,,,,,,,,,,,,,,,,,,,,,,,,,,,
,,,,,,,,,,,,,,,,,,,,,,,,,,,,,,,,,,,,,,,,,
,,,,,,,,,,,,,,,,,,,,,,,,,,,,,,,,,,,,,,,,,
,,,,,,,,,,,,,,,,,,,,,,,,,,,,,,,,,,,,,,,,,
,,,,,,,,,,,,,,,,,,,,,,,,,,,,,,,,,,,,,,,,,
,,,,,,,,,,,,,,,,,,,,,,,,,,,,,,,,,,,,,,,,,
,,,,,,,,,,,,,,,,,,,,,,,,,,,,,,,,,,,,,,,,,
,,,,,,,,,,,,,,,,,,,,,,,,,,,,,,,,,,,,,,,,,
,,,,,,,,,,,,,,,,,,,,,,,,,,,,,,,,,,,,,,,,,
,,,,,,,,,,,,,,,,,,,,,,,,,,,,,,,,,,,,,,,,,
,,,,,,,,,,,,,,,,,,,,,,,,,,,,,,,,,,,,,,,,,
,,,,,,,,,,,,,,,,,,,,,,,,,,,,,,,,,,,,,,,,,
,,,,,,,,,,,,,,,,,,,,,,,,,,,,,,,,,,,,,,,,,
,,,,,,,,,,,,,,,,,,,,,,,,,,,,,,,,,,,,,,,,,
,,,,,,,,,,,,,,,,,,,,,,,,,,,,,,,,,,,,,,,,,
,,,,,,,,,,,,,,,,,,,,,,,,,,,,,,,,,,,,,,,,,
,,,,,,,,,,,,,,,,,,,,,,,,,,,,,,,,,,,,,,,,,
,,,,,,,,,,,,,,,,,,,,,,,,,,,,,,,,,,,,,,,,,
,,,,,,,,,,,,,,,,,,,,,,,,,,,,,,,,,,,,,,,,,
,,,,,,,,,,,,,,,,,,,,,,,,,,,,,,,,,,,,,,,,,
,,,,,,,,,,,,,,,,,,,,,,,,,,,,,,,,,,,,,,,,,
,,,,,,,,,,,,,,,,,,,,,,,,,,,,,,,,,,,,,,,,,
,,,,,,,,,,,,,,,,,,,,,,,,,,,,,,,,,,,,,,,,,
,,,,,,,,,,,,,,,,,,,,,,,,,,,,,,,,,,,,,,,,,
,,,,,,,,,,,,,,,,,,,,,,,,,,,,,,,,,,,,,,,,,
,,,,,,,,,,,,,,,,,,,,,,,,,,,,,,,,,,,,,,,,,
,,,,,,,,,,,,,,,,,,,,,,,,,,,,,,,,,,,,,,,,,
,,,,,,,,,,,,,,,,,,,,,,,,,,,,,,,,,,,,,,,,,
,,,,,,,,,,,,,,,,,,,,,,,,,,,,,,,,,,,,,,,,,
,,,,,,,,,,,,,,,,,,,,,,,,,,,,,,,,,,,,,,,,,
,,,,,,,,,,,,,,,,,,,,,,,,,,,,,,,,,,,,,,,,,
,,,,,,,,,,,,,,,,,,,,,,,,,,,,,,,,,,,,,,,,,
,,,,,,,,,,,,,,,,,,,,,,,,,,,,,,,,,,,,,,,,,
,,,,,,,,,,,,,,,,,,,,,,,,,,,,,,,,,,,,,,,,,
,,,,,,,,,,,,,,,,,,,,,,,,,,,,,,,,,,,,,,,,,
,,,,,,,,,,,,,,,,,,,,,,,,,,,,,,,,,,,,,,,,,
,,,,,,,,,,,,,,,,,,,,,,,,,,,,,,,,,,,,,,,,,
,,,,,,,,,,,,,,,,,,,,,,,,,,,,,,,,,,,,,,,,,
,,,,,,,,,,,,,,,,,,,,,,,,,,,,,,,,,,,,,,,,,
,,,,,,,,,,,,,,,,,,,,,,,,,,,,,,,,,,,,,,,,,
,,,,,,,,,,,,,,,,,,,,,,,,,,,,,,,,,,,,,,,,,
,,,,,,,,,,,,,,,,,,,,,,,,,,,,,,,,,,,,,,,,,
,,,,,,,,,,,,,,,,,,,,,,,,,,,,,,,,,,,,,,,,,
,,,,,,,,,,,,,,,,,,,,,,,,,,,,,,,,,,,,,,,,,
,,,,,,,,,,,,,,,,,,,,,,,,,,,,,,,,,,,,,,,,,
,,,,,,,,,,,,,,,,,,,,,,,,,,,,,,,,,,,,,,,,,
,,,,,,,,,,,,,,,,,,,,,,,,,,,,,,,,,,,,,,,,,
,,,,,,,,,,,,,,,,,,,,,,,,,,,,,,,,,,,,,,,,,
,,,,,,,,,,,,,,,,,,,,,,,,,,,,,,,,,,,,,,,,,
,,,,,,,,,,,,,,,,,,,,,,,,,,,,,,,,,,,,,,,,,
,,,,,,,,,,,,,,,,,,,,,,,,,,,,,,,,,,,,,,,,,
,,,,,,,,,,,,,,,,,,,,,,,,,,,,,,,,,,,,,,,,,
,,,,,,,,,,,,,,,,,,,,,,,,,,,,,,,,,,,,,,,,,
,,,,,,,,,,,,,,,,,,,,,,,,,,,,,,,,,,,,,,,,,
,,,,,,,,,,,,,,,,,,,,,,,,,,,,,,,,,,,,,,,,,
,,,,,,,,,,,,,,,,,,,,,,,,,,,,,,,,,,,,,,,,,
,,,,,,,,,,,,,,,,,,,,,,,,,,,,,,,,,,,,,,,,,
,,,,,,,,,,,,,,,,,,,,,,,,,,,,,,,,,,,,,,,,,
,,,,,,,,,,,,,,,,,,,,,,,,,,,,,,,,,,,,,,,,,
,,,,,,,,,,,,,,,,,,,,,,,,,,,,,,,,,,,,,,,,,
,,,,,,,,,,,,,,,,,,,,,,,,,,,,,,,,,,,,,,,,,
,,,,,,,,,,,,,,,,,,,,,,,,,,,,,,,,,,,,,,,,,
,,,,,,,,,,,,,,,,,,,,,,,,,,,,,,,,,,,,,,,,,
,,,,,,,,,,,,,,,,,,,,,,,,,,,,,,,,,,,,,,,,,
,,,,,,,,,,,,,,,,,,,,,,,,,,,,,,,,,,,,,,,,,
,,,,,,,,,,,,,,,,,,,,,,,,,,,,,,,,,,,,,,,,,
,,,,,,,,,,,,,,,,,,,,,,,,,,,,,,,,,,,,,,,,,
,,,,,,,,,,,,,,,,,,,,,,,,,,,,,,,,,,,,,,,,,
,,,,,,,,,,,,,,,,,,,,,,,,,,,,,,,,,,,,,,,,,
,,,,,,,,,,,,,,,,,,,,,,,,,,,,,,,,,,,,,,,,,
,,,,,,,,,,,,,,,,,,,,,,,,,,,,,,,,,,,,,,,,,
,,,,,,,,,,,,,,,,,,,,,,,,,,,,,,,,,,,,,,,,,
,,,,,,,,,,,,,,,,,,,,,,,,,,,,,,,,,,,,,,,,,
,,,,,,,,,,,,,,,,,,,,,,,,,,,,,,,,,,,,,,,,,
,,,,,,,,,,,,,,,,,,,,,,,,,,,,,,,,,,,,,,,,,
,,,,,,,,,,,,,,,,,,,,,,,,,,,,,,,,,,,,,,,,,
,,,,,,,,,,,,,,,,,,,,,,,,,,,,,,,,,,,,,,,,,
,,,,,,,,,,,,,,,,,,,,,,,,,,,,,,,,,,,,,,,,,
,,,,,,,,,,,,,,,,,,,,,,,,,,,,,,,,,,,,,,,,,
,,,,,,,,,,,,,,,,,,,,,,,,,,,,,,,,,,,,,,,,,
,,,,,,,,,,,,,,,,,,,,,,,,,,,,,,,,,,,,,,,,,
,,,,,,,,,,,,,,,,,,,,,,,,,,,,,,,,,,,,,,,,,
,,,,,,,,,,,,,,,,,,,,,,,,,,,,,,,,,,,,,,,,,
,,,,,,,,,,,,,,,,,,,,,,,,,,,,,,,,,,,,,,,,,
,,,,,,,,,,,,,,,,,,,,,,,,,,,,,,,,,,,,,,,,,
,,,,,,,,,,,,,,,,,,,,,,,,,,,,,,,,,,,,,,,,,
,,,,,,,,,,,,,,,,,,,,,,,,,,,,,,,,,,,,,,,,,
,,,,,,,,,,,,,,,,,,,,,,,,,,,,,,,,,,,,,,,,,
,,,,,,,,,,,,,,,,,,,,,,,,,,,,,,,,,,,,,,,,,
,,,,,,,,,,,,,,,,,,,,,,,,,,,,,,,,,,,,,,,,,
,,,,,,,,,,,,,,,,,,,,,,,,,,,,,,,,,,,,,,,,,
,,,,,,,,,,,,,,,,,,,,,,,,,,,,,,,,,,,,,,,,,
,,,,,,,,,,,,,,,,,,,,,,,,,,,,,,,,,,,,,,,,,
,,,,,,,,,,,,,,,,,,,,,,,,,,,,,,,,,,,,,,,,,
,,,,,,,,,,,,,,,,,,,,,,,,,,,,,,,,,,,,,,,,,
,,,,,,,,,,,,,,,,,,,,,,,,,,,,,,,,,,,,,,,,,
,,,,,,,,,,,,,,,,,,,,,,,,,,,,,,,,,,,,,,,,,
,,,,,,,,,,,,,,,,,,,,,,,,,,,,,,,,,,,,,,,,,
,,,,,,,,,,,,,,,,,,,,,,,,,,,,,,,,,,,,,,,,,
,,,,,,,,,,,,,,,,,,,,,,,,,,,,,,,,,,,,,,,,,
,,,,,,,,,,,,,,,,,,,,,,,,,,,,,,,,,,,,,,,,,
,,,,,,,,,,,,,,,,,,,,,,,,,,,,,,,,,,,,,,,,,
,,,,,,,,,,,,,,,,,,,,,,,,,,,,,,,,,,,,,,,,,
,,,,,,,,,,,,,,,,,,,,,,,,,,,,,,,,,,,,,,,,,
,,,,,,,,,,,,,,,,,,,,,,,,,,,,,,,,,,,,,,,,,
,,,,,,,,,,,,,,,,,,,,,,,,,,,,,,,,,,,,,,,,,
,,,,,,,,,,,,,,,,,,,,,,,,,,,,,,,,,,,,,,,,,
,,,,,,,,,,,,,,,,,,,,,,,,,,,,,,,,,,,,,,,,,
,,,,,,,,,,,,,,,,,,,,,,,,,,,,,,,,,,,,,,,,,
,,,,,,,,,,,,,,,,,,,,,,,,,,,,,,,,,,,,,,,,,
,,,,,,,,,,,,,,,,,,,,,,,,,,,,,,,,,,,,,,,,,
,,,,,,,,,,,,,,,,,,,,,,,,,,,,,,,,,,,,,,,,,
,,,,,,,,,,,,,,,,,,,,,,,,,,,,,,,,,,,,,,,,,
,,,,,,,,,,,,,,,,,,,,,,,,,,,,,,,,,,,,,,,,,
,,,,,,,,,,,,,,,,,,,,,,,,,,,,,,,,,,,,,,,,,
,,,,,,,,,,,,,,,,,,,,,,,,,,,,,,,,,,,,,,,,,
,,,,,,,,,,,,,,,,,,,,,,,,,,,,,,,,,,,,,,,,,
,,,,,,,,,,,,,,,,,,,,,,,,,,,,,,,,,,,,,,,,,
,,,,,,,,,,,,,,,,,,,,,,,,,,,,,,,,,,,,,,,,,
,,,,,,,,,,,,,,,,,,,,,,,,,,,,,,,,,,,,,,,,,
,,,,,,,,,,,,,,,,,,,,,,,,,,,,,,,,,,,,,,,,,
,,,,,,,,,,,,,,,,,,,,,,,,,,,,,,,,,,,,,,,,,
,,,,,,,,,,,,,,,,,,,,,,,,,,,,,,,,,,,,,,,,,
,,,,,,,,,,,,,,,,,,,,,,,,,,,,,,,,,,,,,,,,,
,,,,,,,,,,,,,,,,,,,,,,,,,,,,,,,,,,,,,,,,,
,,,,,,,,,,,,,,,,,,,,,,,,,,,,,,,,,,,,,,,,,
,,,,,,,,,,,,,,,,,,,,,,,,,,,,,,,,,,,,,,,,,
,,,,,,,,,,,,,,,,,,,,,,,,,,,,,,,,,,,,,,,,,
,,,,,,,,,,,,,,,,,,,,,,,,,,,,,,,,,,,,,,,,,
,,,,,,,,,,,,,,,,,,,,,,,,,,,,,,,,,,,,,,,,,
,,,,,,,,,,,,,,,,,,,,,,,,,,,,,,,,,,,,,,,,,
,,,,,,,,,,,,,,,,,,,,,,,,,,,,,,,,,,,,,,,,,
,,,,,,,,,,,,,,,,,,,,,,,,,,,,,,,,,,,,,,,,,
,,,,,,,,,,,,,,,,,,,,,,,,,,,,,,,,,,,,,,,,,
,,,,,,,,,,,,,,,,,,,,,,,,,,,,,,,,,,,,,,,,,
,,,,,,,,,,,,,,,,,,,,,,,,,,,,,,,,,,,,,,,,,
,,,,,,,,,,,,,,,,,,,,,,,,,,,,,,,,,,,,,,,,,
,,,,,,,,,,,,,,,,,,,,,,,,,,,,,,,,,,,,,,,,,
,,,,,,,,,,,,,,,,,,,,,,,,,,,,,,,,,,,,,,,,,
,,,,,,,,,,,,,,,,,,,,,,,,,,,,,,,,,,,,,,,,,
,,,,,,,,,,,,,,,,,,,,,,,,,,,,,,,,,,,,,,,,,
,,,,,,,,,,,,,,,,,,,,,,,,,,,,,,,,,,,,,,,,,
,,,,,,,,,,,,,,,,,,,,,,,,,,,,,,,,,,,,,,,,,
,,,,,,,,,,,,,,,,,,,,,,,,,,,,,,,,,,,,,,,,,
,,,,,,,,,,,,,,,,,,,,,,,,,,,,,,,,,,,,,,,,,
,,,,,,,,,,,,,,,,,,,,,,,,,,,,,,,,,,,,,,,,,
,,,,,,,,,,,,,,,,,,,,,,,,,,,,,,,,,,,,,,,,,
,,,,,,,,,,,,,,,,,,,,,,,,,,,,,,,,,,,,,,,,,
,,,,,,,,,,,,,,,,,,,,,,,,,,,,,,,,,,,,,,,,,
,,,,,,,,,,,,,,,,,,,,,,,,,,,,,,,,,,,,,,,,,
,,,,,,,,,,,,,,,,,,,,,,,,,,,,,,,,,,,,,,,,,
,,,,,,,,,,,,,,,,,,,,,,,,,,,,,,,,,,,,,,,,,
,,,,,,,,,,,,,,,,,,,,,,,,,,,,,,,,,,,,,,,,,
,,,,,,,,,,,,,,,,,,,,,,,,,,,,,,,,,,,,,,,,,
,,,,,,,,,,,,,,,,,,,,,,,,,,,,,,,,,,,,,,,,,
,,,,,,,,,,,,,,,,,,,,,,,,,,,,,,,,,,,,,,,,,
,,,,,,,,,,,,,,,,,,,,,,,,,,,,,,,,,,,,,,,,,
,,,,,,,,,,,,,,,,,,,,,,,,,,,,,,,,,,,,,,,,,
,,,,,,,,,,,,,,,,,,,,,,,,,,,,,,,,,,,,,,,,,
,,,,,,,,,,,,,,,,,,,,,,,,,,,,,,,,,,,,,,,,,
,,,,,,,,,,,,,,,,,,,,,,,,,,,,,,,,,,,,,,,,,
,,,,,,,,,,,,,,,,,,,,,,,,,,,,,,,,,,,,,,,,,
,,,,,,,,,,,,,,,,,,,,,,,,,,,,,,,,,,,,,,,,,
,,,,,,,,,,,,,,,,,,,,,,,,,,,,,,,,,,,,,,,,,
,,,,,,,,,,,,,,,,,,,,,,,,,,,,,,,,,,,,,,,,,
,,,,,,,,,,,,,,,,,,,,,,,,,,,,,,,,,,,,,,,,,
,,,,,,,,,,,,,,,,,,,,,,,,,,,,,,,,,,,,,,,,,
,,,,,,,,,,,,,,,,,,,,,,,,,,,,,,,,,,,,,,,,,
,,,,,,,,,,,,,,,,,,,,,,,,,,,,,,,,,,,,,,,,,
,,,,,,,,,,,,,,,,,,,,,,,,,,,,,,,,,,,,,,,,,
,,,,,,,,,,,,,,,,,,,,,,,,,,,,,,,,,,,,,,,,,
,,,,,,,,,,,,,,,,,,,,,,,,,,,,,,,,,,,,,,,,,
,,,,,,,,,,,,,,,,,,,,,,,,,,,,,,,,,,,,,,,,,
,,,,,,,,,,,,,,,,,,,,,,,,,,,,,,,,,,,,,,,,,
,,,,,,,,,,,,,,,,,,,,,,,,,,,,,,,,,,,,,,,,,
,,,,,,,,,,,,,,,,,,,,,,,,,,,,,,,,,,,,,,,,,
,,,,,,,,,,,,,,,,,,,,,,,,,,,,,,,,,,,,,,,,,
,,,,,,,,,,,,,,,,,,,,,,,,,,,,,,,,,,,,,,,,,
,,,,,,,,,,,,,,,,,,,,,,,,,,,,,,,,,,,,,,,,,
,,,,,,,,,,,,,,,,,,,,,,,,,,,,,,,,,,,,,,,,,
,,,,,,,,,,,,,,,,,,,,,,,,,,,,,,,,,,,,,,,,,
,,,,,,,,,,,,,,,,,,,,,,,,,,,,,,,,,,,,,,,,,
,,,,,,,,,,,,,,,,,,,,,,,,,,,,,,,,,,,,,,,,,
,,,,,,,,,,,,,,,,,,,,,,,,,,,,,,,,,,,,,,,,,
,,,,,,,,,,,,,,,,,,,,,,,,,,,,,,,,,,,,,,,,,
,,,,,,,,,,,,,,,,,,,,,,,,,,,,,,,,,,,,,,,,,
,,,,,,,,,,,,,,,,,,,,,,,,,,,,,,,,,,,,,,,,,
,,,,,,,,,,,,,,,,,,,,,,,,,,,,,,,,,,,,,,,,,
,,,,,,,,,,,,,,,,,,,,,,,,,,,,,,,,,,,,,,,,,
,,,,,,,,,,,,,,,,,,,,,,,,,,,,,,,,,,,,,,,,,
,,,,,,,,,,,,,,,,,,,,,,,,,,,,,,,,,,,,,,,,,
,,,,,,,,,,,,,,,,,,,,,,,,,,,,,,,,,,,,,,,,,
,,,,,,,,,,,,,,,,,,,,,,,,,,,,,,,,,,,,,,,,,
,,,,,,,,,,,,,,,,,,,,,,,,,,,,,,,,,,,,,,,,,
,,,,,,,,,,,,,,,,,,,,,,,,,,,,,,,,,,,,,,,,,
,,,,,,,,,,,,,,,,,,,,,,,,,,,,,,,,,,,,,,,,,
,,,,,,,,,,,,,,,,,,,,,,,,,,,,,,,,,,,,,,,,,
,,,,,,,,,,,,,,,,,,,,,,,,,,,,,,,,,,,,,,,,,
,,,,,,,,,,,,,,,,,,,,,,,,,,,,,,,,,,,,,,,,,
,,,,,,,,,,,,,,,,,,,,,,,,,,,,,,,,,,,,,,,,,
,,,,,,,,,,,,,,,,,,,,,,,,,,,,,,,,,,,,,,,,,
,,,,,,,,,,,,,,,,,,,,,,,,,,,,,,,,,,,,,,,,,
,,,,,,,,,,,,,,,,,,,,,,,,,,,,,,,,,,,,,,,,,
,,,,,,,,,,,,,,,,,,,,,,,,,,,,,,,,,,,,,,,,,
,,,,,,,,,,,,,,,,,,,,,,,,,,,,,,,,,,,,,,,,,
,,,,,,,,,,,,,,,,,,,,,,,,,,,,,,,,,,,,,,,,,
,,,,,,,,,,,,,,,,,,,,,,,,,,,,,,,,,,,,,,,,,
,,,,,,,,,,,,,,,,,,,,,,,,,,,,,,,,,,,,,,,,,
,,,,,,,,,,,,,,,,,,,,,,,,,,,,,,,,,,,,,,,,,
,,,,,,,,,,,,,,,,,,,,,,,,,,,,,,,,,,,,,,,,,
,,,,,,,,,,,,,,,,,,,,,,,,,,,,,,,,,,,,,,,,,
,,,,,,,,,,,,,,,,,,,,,,,,,,,,,,,,,,,,,,,,,
,,,,,,,,,,,,,,,,,,,,,,,,,,,,,,,,,,,,,,,,,
,,,,,,,,,,,,,,,,,,,,,,,,,,,,,,,,,,,,,,,,,
,,,,,,,,,,,,,,,,,,,,,,,,,,,,,,,,,,,,,,,,,
,,,,,,,,,,,,,,,,,,,,,,,,,,,,,,,,,,,,,,,,,
,,,,,,,,,,,,,,,,,,,,,,,,,,,,,,,,,,,,,,,,,
,,,,,,,,,,,,,,,,,,,,,,,,,,,,,,,,,,,,,,,,,
,,,,,,,,,,,,,,,,,,,,,,,,,,,,,,,,,,,,,,,,,
,,,,,,,,,,,,,,,,,,,,,,,,,,,,,,,,,,,,,,,,,
,,,,,,,,,,,,,,,,,,,,,,,,,,,,,,,,,,,,,,,,,
,,,,,,,,,,,,,,,,,,,,,,,,,,,,,,,,,,,,,,,,,
,,,,,,,,,,,,,,,,,,,,,,,,,,,,,,,,,,,,,,,,,
,,,,,,,,,,,,,,,,,,,,,,,,,,,,,,,,,,,,,,,,,
,,,,,,,,,,,,,,,,,,,,,,,,,,,,,,,,,,,,,,,,,
,,,,,,,,,,,,,,,,,,,,,,,,,,,,,,,,,,,,,,,,,
,,,,,,,,,,,,,,,,,,,,,,,,,,,,,,,,,,,,,,,,,
,,,,,,,,,,,,,,,,,,,,,,,,,,,,,,,,,,,,,,,,,
,,,,,,,,,,,,,,,,,,,,,,,,,,,,,,,,,,,,,,,,,
,,,,,,,,,,,,,,,,,,,,,,,,,,,,,,,,,,,,,,,,,
,,,,,,,,,,,,,,,,,,,,,,,,,,,,,,,,,,,,,,,,,
,,,,,,,,,,,,,,,,,,,,,,,,,,,,,,,,,,,,,,,,,
,,,,,,,,,,,,,,,,,,,,,,,,,,,,,,,,,,,,,,,,,
,,,,,,,,,,,,,,,,,,,,,,,,,,,,,,,,,,,,,,,,,
,,,,,,,,,,,,,,,,,,,,,,,,,,,,,,,,,,,,,,,,,
,,,,,,,,,,,,,,,,,,,,,,,,,,,,,,,,,,,,,,,,,
,,,,,,,,,,,,,,,,,,,,,,,,,,,,,,,,,,,,,,,,,
,,,,,,,,,,,,,,,,,,,,,,,,,,,,,,,,,,,,,,,,,
,,,,,,,,,,,,,,,,,,,,,,,,,,,,,,,,,,,,,,,,,
,,,,,,,,,,,,,,,,,,,,,,,,,,,,,,,,,,,,,,,,,
,,,,,,,,,,,,,,,,,,,,,,,,,,,,,,,,,,,,,,,,,
,,,,,,,,,,,,,,,,,,,,,,,,,,,,,,,,,,,,,,,,,
,,,,,,,,,,,,,,,,,,,,,,,,,,,,,,,,,,,,,,,,,
,,,,,,,,,,,,,,,,,,,,,,,,,,,,,,,,,,,,,,,,,
,,,,,,,,,,,,,,,,,,,,,,,,,,,,,,,,,,,,,,,,,
,,,,,,,,,,,,,,,,,,,,,,,,,,,,,,,,,,,,,,,,,
,,,,,,,,,,,,,,,,,,,,,,,,,,,,,,,,,,,,,,,,,
,,,,,,,,,,,,,,,,,,,,,,,,,,,,,,,,,,,,,,,,,
,,,,,,,,,,,,,,,,,,,,,,,,,,,,,,,,,,,,,,,,,
,,,,,,,,,,,,,,,,,,,,,,,,,,,,,,,,,,,,,,,,,
,,,,,,,,,,,,,,,,,,,,,,,,,,,,,,,,,,,,,,,,,
,,,,,,,,,,,,,,,,,,,,,,,,,,,,,,,,,,,,,,,,,
,,,,,,,,,,,,,,,,,,,,,,,,,,,,,,,,,,,,,,,,,
,,,,,,,,,,,,,,,,,,,,,,,,,,,,,,,,,,,,,,,,,
,,,,,,,,,,,,,,,,,,,,,,,,,,,,,,,,,,,,,,,,,
,,,,,,,,,,,,,,,,,,,,,,,,,,,,,,,,,,,,,,,,,
,,,,,,,,,,,,,,,,,,,,,,,,,,,,,,,,,,,,,,,,,
,,,,,,,,,,,,,,,,,,,,,,,,,,,,,,,,,,,,,,,,,
,,,,,,,,,,,,,,,,,,,,,,,,,,,,,,,,,,,,,,,,,
,,,,,,,,,,,,,,,,,,,,,,,,,,,,,,,,,,,,,,,,,
,,,,,,,,,,,,,,,,,,,,,,,,,,,,,,,,,,,,,,,,,
,,,,,,,,,,,,,,,,,,,,,,,,,,,,,,,,,,,,,,,,,
,,,,,,,,,,,,,,,,,,,,,,,,,,,,,,,,,,,,,,,,,
,,,,,,,,,,,,,,,,,,,,,,,,,,,,,,,,,,,,,,,,,
,,,,,,,,,,,,,,,,,,,,,,,,,,,,,,,,,,,,,,,,,
,,,,,,,,,,,,,,,,,,,,,,,,,,,,,,,,,,,,,,,,,
,,,,,,,,,,,,,,,,,,,,,,,,,,,,,,,,,,,,,,,,,
,,,,,,,,,,,,,,,,,,,,,,,,,,,,,,,,,,,,,,,,,
,,,,,,,,,,,,,,,,,,,,,,,,,,,,,,,,,,,,,,,,,
,,,,,,,,,,,,,,,,,,,,,,,,,,,,,,,,,,,,,,,,,
,,,,,,,,,,,,,,,,,,,,,,,,,,,,,,,,,,,,,,,,,
,,,,,,,,,,,,,,,,,,,,,,,,,,,,,,,,,,,,,,,,,
,,,,,,,,,,,,,,,,,,,,,,,,,,,,,,,,,,,,,,,,,
,,,,,,,,,,,,,,,,,,,,,,,,,,,,,,,,,,,,,,,,,
,,,,,,,,,,,,,,,,,,,,,,,,,,,,,,,,,,,,,,,,,
,,,,,,,,,,,,,,,,,,,,,,,,,,,,,,,,,,,,,,,,,
,,,,,,,,,,,,,,,,,,,,,,,,,,,,,,,,,,,,,,,,,
,,,,,,,,,,,,,,,,,,,,,,,,,,,,,,,,,,,,,,,,,
,,,,,,,,,,,,,,,,,,,,,,,,,,,,,,,,,,,,,,,,,
,,,,,,,,,,,,,,,,,,,,,,,,,,,,,,,,,,,,,,,,,
,,,,,,,,,,,,,,,,,,,,,,,,,,,,,,,,,,,,,,,,,
,,,,,,,,,,,,,,,,,,,,,,,,,,,,,,,,,,,,,,,,,
,,,,,,,,,,,,,,,,,,,,,,,,,,,,,,,,,,,,,,,,,
,,,,,,,,,,,,,,,,,,,,,,,,,,,,,,,,,,,,,,,,,
,,,,,,,,,,,,,,,,,,,,,,,,,,,,,,,,,,,,,,,,,
,,,,,,,,,,,,,,,,,,,,,,,,,,,,,,,,,,,,,,,,,
,,,,,,,,,,,,,,,,,,,,,,,,,,,,,,,,,,,,,,,,,
,,,,,,,,,,,,,,,,,,,,,,,,,,,,,,,,,,,,,,,,,
,,,,,,,,,,,,,,,,,,,,,,,,,,,,,,,,,,,,,,,,,
,,,,,,,,,,,,,,,,,,,,,,,,,,,,,,,,,,,,,,,,,
,,,,,,,,,,,,,,,,,,,,,,,,,,,,,,,,,,,,,,,,,
,,,,,,,,,,,,,,,,,,,,,,,,,,,,,,,,,,,,,,,,,
,,,,,,,,,,,,,,,,,,,,,,,,,,,,,,,,,,,,,,,,,
,,,,,,,,,,,,,,,,,,,,,,,,,,,,,,,,,,,,,,,,,
,,,,,,,,,,,,,,,,,,,,,,,,,,,,,,,,,,,,,,,,,
,,,,,,,,,,,,,,,,,,,,,,,,,,,,,,,,,,,,,,,,,
,,,,,,,,,,,,,,,,,,,,,,,,,,,,,,,,,,,,,,,,,
,,,,,,,,,,,,,,,,,,,,,,,,,,,,,,,,,,,,,,,,,
,,,,,,,,,,,,,,,,,,,,,,,,,,,,,,,,,,,,,,,,,
,,,,,,,,,,,,,,,,,,,,,,,,,,,,,,,,,,,,,,,,,
,,,,,,,,,,,,,,,,,,,,,,,,,,,,,,,,,,,,,,,,,
,,,,,,,,,,,,,,,,,,,,,,,,,,,,,,,,,,,,,,,,,
,,,,,,,,,,,,,,,,,,,,,,,,,,,,,,,,,,,,,,,,,
,,,,,,,,,,,,,,,,,,,,,,,,,,,,,,,,,,,,,,,,,
,,,,,,,,,,,,,,,,,,,,,,,,,,,,,,,,,,,,,,,,,
,,,,,,,,,,,,,,,,,,,,,,,,,,,,,,,,,,,,,,,,,
,,,,,,,,,,,,,,,,,,,,,,,,,,,,,,,,,,,,,,,,,
,,,,,,,,,,,,,,,,,,,,,,,,,,,,,,,,,,,,,,,,,
,,,,,,,,,,,,,,,,,,,,,,,,,,,,,,,,,,,,,,,,,
,,,,,,,,,,,,,,,,,,,,,,,,,,,,,,,,,,,,,,,,,
,,,,,,,,,,,,,,,,,,,,,,,,,,,,,,,,,,,,,,,,,
,,,,,,,,,,,,,,,,,,,,,,,,,,,,,,,,,,,,,,,,,
,,,,,,,,,,,,,,,,,,,,,,,,,,,,,,,,,,,,,,,,,
,,,,,,,,,,,,,,,,,,,,,,,,,,,,,,,,,,,,,,,,,
,,,,,,,,,,,,,,,,,,,,,,,,,,,,,,,,,,,,,,,,,
,,,,,,,,,,,,,,,,,,,,,,,,,,,,,,,,,,,,,,,,,
,,,,,,,,,,,,,,,,,,,,,,,,,,,,,,,,,,,,,,,,,
,,,,,,,,,,,,,,,,,,,,,,,,,,,,,,,,,,,,,,,,,
,,,,,,,,,,,,,,,,,,,,,,,,,,,,,,,,,,,,,,,,,
,,,,,,,,,,,,,,,,,,,,,,,,,,,,,,,,,,,,,,,,,
,,,,,,,,,,,,,,,,,,,,,,,,,,,,,,,,,,,,,,,,,
,,,,,,,,,,,,,,,,,,,,,,,,,,,,,,,,,,,,,,,,,
,,,,,,,,,,,,,,,,,,,,,,,,,,,,,,,,,,,,,,,,,
,,,,,,,,,,,,,,,,,,,,,,,,,,,,,,,,,,,,,,,,,
,,,,,,,,,,,,,,,,,,,,,,,,,,,,,,,,,,,,,,,,,
,,,,,,,,,,,,,,,,,,,,,,,,,,,,,,,,,,,,,,,,,
,,,,,,,,,,,,,,,,,,,,,,,,,,,,,,,,,,,,,,,,,
,,,,,,,,,,,,,,,,,,,,,,,,,,,,,,,,,,,,,,,,,
,,,,,,,,,,,,,,,,,,,,,,,,,,,,,,,,,,,,,,,,,
,,,,,,,,,,,,,,,,,,,,,,,,,,,,,,,,,,,,,,,,,
,,,,,,,,,,,,,,,,,,,,,,,,,,,,,,,,,,,,,,,,,
,,,,,,,,,,,,,,,,,,,,,,,,,,,,,,,,,,,,,,,,,
,,,,,,,,,,,,,,,,,,,,,,,,,,,,,,,,,,,,,,,,,
,,,,,,,,,,,,,,,,,,,,,,,,,,,,,,,,,,,,,,,,,
,,,,,,,,,,,,,,,,,,,,,,,,,,,,,,,,,,,,,,,,,
,,,,,,,,,,,,,,,,,,,,,,,,,,,,,,,,,,,,,,,,,
,,,,,,,,,,,,,,,,,,,,,,,,,,,,,,,,,,,,,,,,,
,,,,,,,,,,,,,,,,,,,,,,,,,,,,,,,,,,,,,,,,,
,,,,,,,,,,,,,,,,,,,,,,,,,,,,,,,,,,,,,,,,,
,,,,,,,,,,,,,,,,,,,,,,,,,,,,,,,,,,,,,,,,,
,,,,,,,,,,,,,,,,,,,,,,,,,,,,,,,,,,,,,,,,,
,,,,,,,,,,,,,,,,,,,,,,,,,,,,,,,,,,,,,,,,,
,,,,,,,,,,,,,,,,,,,,,,,,,,,,,,,,,,,,,,,,,
,,,,,,,,,,,,,,,,,,,,,,,,,,,,,,,,,,,,,,,,,
,,,,,,,,,,,,,,,,,,,,,,,,,,,,,,,,,,,,,,,,,
,,,,,,,,,,,,,,,,,,,,,,,,,,,,,,,,,,,,,,,,,
,,,,,,,,,,,,,,,,,,,,,,,,,,,,,,,,,,,,,,,,,
,,,,,,,,,,,,,,,,,,,,,,,,,,,,,,,,,,,,,,,,,
,,,,,,,,,,,,,,,,,,,,,,,,,,,,,,,,,,,,,,,,,
,,,,,,,,,,,,,,,,,,,,,,,,,,,,,,,,,,,,,,,,,
,,,,,,,,,,,,,,,,,,,,,,,,,,,,,,,,,,,,,,,,,
,,,,,,,,,,,,,,,,,,,,,,,,,,,,,,,,,,,,,,,,,
,,,,,,,,,,,,,,,,,,,,,,,,,,,,,,,,,,,,,,,,,
,,,,,,,,,,,,,,,,,,,,,,,,,,,,,,,,,,,,,,,,,
,,,,,,,,,,,,,,,,,,,,,,,,,,,,,,,,,,,,,,,,,
,,,,,,,,,,,,,,,,,,,,,,,,,,,,,,,,,,,,,,,,,
,,,,,,,,,,,,,,,,,,,,,,,,,,,,,,,,,,,,,,,,,
,,,,,,,,,,,,,,,,,,,,,,,,,,,,,,,,,,,,,,,,,
,,,,,,,,,,,,,,,,,,,,,,,,,,,,,,,,,,,,,,,,,
,,,,,,,,,,,,,,,,,,,,,,,,,,,,,,,,,,,,,,,,,
,,,,,,,,,,,,,,,,,,,,,,,,,,,,,,,,,,,,,,,,,
,,,,,,,,,,,,,,,,,,,,,,,,,,,,,,,,,,,,,,,,,
,,,,,,,,,,,,,,,,,,,,,,,,,,,,,,,,,,,,,,,,,
,,,,,,,,,,,,,,,,,,,,,,,,,,,,,,,,,,,,,,,,,
,,,,,,,,,,,,,,,,,,,,,,,,,,,,,,,,,,,,,,,,,
,,,,,,,,,,,,,,,,,,,,,,,,,,,,,,,,,,,,,,,,,
,,,,,,,,,,,,,,,,,,,,,,,,,,,,,,,,,,,,,,,,,
,,,,,,,,,,,,,,,,,,,,,,,,,,,,,,,,,,,,,,,,,
,,,,,,,,,,,,,,,,,,,,,,,,,,,,,,,,,,,,,,,,,
,,,,,,,,,,,,,,,,,,,,,,,,,,,,,,,,,,,,,,,,,
,,,,,,,,,,,,,,,,,,,,,,,,,,,,,,,,,,,,,,,,,
,,,,,,,,,,,,,,,,,,,,,,,,,,,,,,,,,,,,,,,,,
,,,,,,,,,,,,,,,,,,,,,,,,,,,,,,,,,,,,,,,,,
,,,,,,,,,,,,,,,,,,,,,,,,,,,,,,,,,,,,,,,,,
,,,,,,,,,,,,,,,,,,,,,,,,,,,,,,,,,,,,,,,,,
,,,,,,,,,,,,,,,,,,,,,,,,,,,,,,,,,,,,,,,,,
,,,,,,,,,,,,,,,,,,,,,,,,,,,,,,,,,,,,,,,,,
,,,,,,,,,,,,,,,,,,,,,,,,,,,,,,,,,,,,,,,,,
,,,,,,,,,,,,,,,,,,,,,,,,,,,,,,,,,,,,,,,,,
,,,,,,,,,,,,,,,,,,,,,,,,,,,,,,,,,,,,,,,,,
,,,,,,,,,,,,,,,,,,,,,,,,,,,,,,,,,,,,,,,,,
,,,,,,,,,,,,,,,,,,,,,,,,,,,,,,,,,,,,,,,,,
,,,,,,,,,,,,,,,,,,,,,,,,,,,,,,,,,,,,,,,,,
,,,,,,,,,,,,,,,,,,,,,,,,,,,,,,,,,,,,,,,,,
,,,,,,,,,,,,,,,,,,,,,,,,,,,,,,,,,,,,,,,,,
,,,,,,,,,,,,,,,,,,,,,,,,,,,,,,,,,,,,,,,,,
,,,,,,,,,,,,,,,,,,,,,,,,,,,,,,,,,,,,,,,,,
,,,,,,,,,,,,,,,,,,,,,,,,,,,,,,,,,,,,,,,,,
,,,,,,,,,,,,,,,,,,,,,,,,,,,,,,,,,,,,,,,,,
,,,,,,,,,,,,,,,,,,,,,,,,,,,,,,,,,,,,,,,,,
,,,,,,,,,,,,,,,,,,,,,,,,,,,,,,,,,,,,,,,,,
,,,,,,,,,,,,,,,,,,,,,,,,,,,,,,,,,,,,,,,,,
,,,,,,,,,,,,,,,,,,,,,,,,,,,,,,,,,,,,,,,,,
,,,,,,,,,,,,,,,,,,,,,,,,,,,,,,,,,,,,,,,,,
,,,,,,,,,,,,,,,,,,,,,,,,,,,,,,,,,,,,,,,,,
,,,,,,,,,,,,,,,,,,,,,,,,,,,,,,,,,,,,,,,,,
,,,,,,,,,,,,,,,,,,,,,,,,,,,,,,,,,,,,,,,,,
,,,,,,,,,,,,,,,,,,,,,,,,,,,,,,,,,,,,,,,,,
,,,,,,,,,,,,,,,,,,,,,,,,,,,,,,,,,,,,,,,,,
,,,,,,,,,,,,,,,,,,,,,,,,,,,,,,,,,,,,,,,,,
,,,,,,,,,,,,,,,,,,,,,,,,,,,,,,,,,,,,,,,,,
,,,,,,,,,,,,,,,,,,,,,,,,,,,,,,,,,,,,,,,,,
,,,,,,,,,,,,,,,,,,,,,,,,,,,,,,,,,,,,,,,,,
,,,,,,,,,,,,,,,,,,,,,,,,,,,,,,,,,,,,,,,,,
,,,,,,,,,,,,,,,,,,,,,,,,,,,,,,,,,,,,,,,,,
,,,,,,,,,,,,,,,,,,,,,,,,,,,,,,,,,,,,,,,,,
,,,,,,,,,,,,,,,,,,,,,,,,,,,,,,,,,,,,,,,,,
